{
    "path": "240917_onther_debug_gauss_d4_w256_cd2_cd256_R1_8192_decom_dim_uv_lr0.0005_knights",
    "depth": 4,
    "width": 256,
    "coord_depth": 2,
    "coord_width": 256,
    "dataset_name": "knights",
    "model_info": "gauss",
    "lr": 0.005,
    "batch_size": 8192,
    "omega": 5,
    "sigma": 5,
    "decom_dim": "uv",
    "R": 1,
    "schdule_type": "linear",
    "lr_gamma": 0.995,
    "lr_linear_C": 1,
    "result": {
        "0": 0,
        "1": 12.186214942932388,
        "2": 12.18956354179732
    },
    "result_time": {
        "1": {
            "forward": 2.090109136484075,
            "backward": 3.1720452042599443,
            "per_epoch_whole": 6628.51416015625,
            "inference_time": 41.033002641465934
        },
        "2": {
            "forward": 1.7494064217826522,
            "backward": 3.1922826331791962,
            "per_epoch_whole": 6256.1728515625,
            "inference_time": 42.063196394178604
        }
    }
}