{
    "path": "240823_decom_tuning__relu_decom_2_8192_knights",
    "depth": 2,
    "width": 256,
    "dataset_name": "knights",
    "model_info": "relu_decom",
    "lr": 0.005,
    "batch_size": 8192,
    "result_time": {
        "1": {
            "forward": 3.7321059344445495,
            "backward": 7.01761165735629,
            "per_epoch_whole": 102315.40625
        },
        "2": {
            "forward": 3.7338197341891957,
            "backward": 7.102960342457527,
            "per_epoch_whole": 103096.96875
        },
        "3": {
            "forward": 3.7374725947125014,
            "backward": 7.129699002397087,
            "per_epoch_whole": 103330.1875
        },
        "4": {
            "forward": 3.7461061421975503,
            "backward": 7.1252211433380905,
            "per_epoch_whole": 103415.3671875
        },
        "5": {
            "forward": 3.740185678933363,
            "backward": 7.118273965885482,
            "per_epoch_whole": 103251.53125
        },
        "6": {
            "forward": 3.73147329146686,
            "backward": 7.1097704882131065,
            "per_epoch_whole": 103099.65625
        },
        "7": {
            "forward": 3.734688049111433,
            "backward": 7.104475633702057,
            "per_epoch_whole": 103229.6484375
        },
        "8": {
            "forward": 3.727608733601066,
            "backward": 7.1067498033950365,
            "per_epoch_whole": 103122.734375
        },
        "9": {
            "forward": 3.7351326917437575,
            "backward": 7.079670478315932,
            "per_epoch_whole": 102898.5546875
        },
        "10": {
            "forward": 3.735534439681996,
            "backward": 7.07805442088199,
            "per_epoch_whole": 103038.421875
        }
    },
    "result": {
        "0": 0,
        "1": 20.71056580520473,
        "2": 22.696216861918096,
        "3": 23.25641585038569,
        "4": 23.79537342947505,
        "5": 24.25523697109659,
        "6": 24.364247704963244,
        "7": 24.753034802553938,
        "8": 24.779712934046472,
        "9": 25.172182656380944,
        "10": 25.200234185905597
    }
}