{
    "path": "240828_decom_debug_3decom_gauss_d2_w256_cd2_cd256_R2_8192_decom_dim_uv_lr0.001_knights",
    "depth": 2,
    "width": 256,
    "coord_depth": 2,
    "coord_width": 256,
    "dataset_name": "knights",
    "model_info": "gauss",
    "lr": 0.001,
    "batch_size": 8192,
    "omega": 5,
    "sigma": 5,
    "decom_dim": "uv",
    "R": 2,
    "result": {
        "0": 0,
        "1": 13.418458019964522,
        "2": 13.002000794882314,
        "3": 14.339038412803701,
        "4": 16.586392380151764,
        "5": 18.655408523549433,
        "6": 20.420541945702997,
        "7": 21.150667220470854,
        "8": 20.990378489561163,
        "9": 22.77877016909449,
        "10": 23.34666548963382,
        "11": 23.35821389606549,
        "12": 23.78956845066539,
        "13": 23.809774540353157,
        "14": 23.322659096926635,
        "15": 25.070133199780255,
        "16": 24.621623691351417,
        "17": 24.709124383963715,
        "18": 24.987610787834175,
        "19": 24.789736017806415,
        "20": 25.95270257762671,
        "21": 26.275334250375906,
        "22": 25.739742358323383,
        "23": 25.48230955654714,
        "24": 26.538929182580354,
        "25": 26.923961967806115,
        "26": 27.045289528368215,
        "27": 27.27038937808555,
        "28": 27.09099420087812,
        "29": 27.449899652401328,
        "30": 26.20114599509242,
        "31": 27.383187998485866,
        "32": 27.62121925928055,
        "33": 27.643285040957018,
        "34": 27.64250515152725,
        "35": 27.315563123493103,
        "36": 26.413418844614768,
        "37": 28.123346025122995,
        "38": 26.92680260201287,
        "39": 27.88455469062555,
        "40": 28.005286470789898,
        "41": 28.110270583985223,
        "42": 28.29579117130319,
        "43": 26.88657415590349,
        "44": 28.1143216290247,
        "45": 28.66294496261645,
        "46": 28.518108392973854,
        "47": 28.556090876056917,
        "48": 28.477791004924672,
        "49": 26.864436674475606,
        "50": 28.388029540488485,
        "51": 28.446391209045675,
        "52": 28.85227683063871,
        "53": 28.71955726239852,
        "54": 29.03847259031953,
        "55": 28.674304284748686,
        "56": 29.179230033525958,
        "57": 29.086842719901078,
        "58": 29.258273126305635,
        "59": 28.69537315861352,
        "60": 29.228476730603965,
        "61": 28.899421277638112,
        "62": 29.279943551291055,
        "63": 28.21355356295335,
        "64": 29.336139076224338,
        "65": 29.359292997752952,
        "66": 29.360771147619705,
        "67": 29.355568006769218,
        "68": 29.282987274044956,
        "69": 29.37272958940363,
        "70": 29.361689643067603,
        "71": 29.388780818419125,
        "72": 29.391137383553737,
        "73": 29.581518095948322,
        "74": 29.664278097603514,
        "75": 29.75546962252829,
        "76": 29.616229623034055,
        "77": 29.544457595788987,
        "78": 29.67271009268397,
        "79": 29.754090876198923,
        "80": 29.547837584223448,
        "81": 29.78941979004882,
        "82": 29.49135896881109,
        "83": 29.873787696991492,
        "84": 29.710178218604792,
        "85": 30.00590462546848,
        "86": 29.879403847293993,
        "87": 29.74866872111449,
        "88": 30.09585477336781,
        "89": 29.949401383719223,
        "90": 30.01814751047122,
        "91": 29.981342163331338,
        "92": 30.061800636707442,
        "93": 29.848642666487745,
        "94": 30.009414999499377,
        "95": 29.779074086390956,
        "96": 29.899033428672016,
        "97": 30.068563110422886,
        "98": 30.03256866937058,
        "99": 29.887431400918825,
        "100": 30.161195495689796
    },
    "result_time": {
        "1": {
            "forward": 1.0738861906989934,
            "backward": 1.9074052350408748,
            "per_epoch_whole": 35741.2265625
        },
        "2": {
            "forward": 1.046471525679715,
            "backward": 1.9685611178950344,
            "per_epoch_whole": 36325.51171875
        },
        "3": {
            "forward": 1.1010912565520914,
            "backward": 2.0341476756679784,
            "per_epoch_whole": 37605.265625
        },
        "4": {
            "forward": 1.0817774117676164,
            "backward": 1.979681902806767,
            "per_epoch_whole": 36919.77734375
        },
        "5": {
            "forward": 1.04409024616942,
            "backward": 1.951320079783681,
            "per_epoch_whole": 36098.86328125
        },
        "6": {
            "forward": 1.0254697896166367,
            "backward": 1.936756979029591,
            "per_epoch_whole": 35594.70703125
        },
        "7": {
            "forward": 1.071512170426002,
            "backward": 2.0183838305150656,
            "per_epoch_whole": 37246.00390625
        },
        "8": {
            "forward": 1.0311336268873887,
            "backward": 1.9334318475817194,
            "per_epoch_whole": 35752.33984375
        },
        "9": {
            "forward": 1.0310235229227411,
            "backward": 1.9267858508394426,
            "per_epoch_whole": 35705.44921875
        },
        "10": {
            "forward": 1.0299498448567344,
            "backward": 1.9269601110897496,
            "per_epoch_whole": 35700.3125
        },
        "11": {
            "forward": 1.0291173255979824,
            "backward": 1.9225675921797012,
            "per_epoch_whole": 35577.3984375
        },
        "12": {
            "forward": 1.0181645188596653,
            "backward": 1.9264118652339663,
            "per_epoch_whole": 35509.25390625
        },
        "13": {
            "forward": 1.0353568069198587,
            "backward": 1.9406847747552047,
            "per_epoch_whole": 35879.61328125
        },
        "14": {
            "forward": 1.0920862359249361,
            "backward": 2.064594246563102,
            "per_epoch_whole": 37749.9765625
        },
        "15": {
            "forward": 1.0682247893684969,
            "backward": 1.9659481381024306,
            "per_epoch_whole": 36652.00390625
        },
        "16": {
            "forward": 1.0690125608977916,
            "backward": 1.9926649137016694,
            "per_epoch_whole": 36890.35546875
        },
        "17": {
            "forward": 1.0300883742880778,
            "backward": 1.920766186935894,
            "per_epoch_whole": 35584.01953125
        },
        "18": {
            "forward": 1.0374277963860496,
            "backward": 1.948519816641482,
            "per_epoch_whole": 35943.76953125
        },
        "19": {
            "forward": 1.0540575920104625,
            "backward": 1.9885311453219798,
            "per_epoch_whole": 36452.46875
        },
        "20": {
            "forward": 1.0277526718032657,
            "backward": 1.9194387991406863,
            "per_epoch_whole": 35518.70703125
        },
        "21": {
            "forward": 1.019894059502549,
            "backward": 1.927599242530691,
            "per_epoch_whole": 35489.4609375
        },
        "22": {
            "forward": 1.0296101877562502,
            "backward": 1.92646414844585,
            "per_epoch_whole": 35545.33203125
        },
        "23": {
            "forward": 1.0314493635572708,
            "backward": 1.929182805829913,
            "per_epoch_whole": 35687.02734375
        },
        "24": {
            "forward": 1.0261753772330666,
            "backward": 1.923454841038151,
            "per_epoch_whole": 35555.015625
        },
        "25": {
            "forward": 1.0585919963485935,
            "backward": 1.9764126719823245,
            "per_epoch_whole": 36521.37890625
        },
        "26": {
            "forward": 1.034932994048489,
            "backward": 1.9281512460442607,
            "per_epoch_whole": 35708.29296875
        },
        "27": {
            "forward": 1.0425279969510661,
            "backward": 1.9672408911132147,