{
    "result": {
        "0": 26.5455615358486,
        "1": 28.393998742260496,
        "2": 29.532615037841904,
        "3": 30.2014353719069,
        "4": 30.809930985899978
    },
    "path": "240719_new_wire_d8w256_adjust_lr_5e-4_gem",
    "depth": 8,
    "width": 256,
    "dataset_name": "gem",
    "model_info": "wire",
    "lr": 0.0005
}