{
    "result": {
        "0": 27.689221947855987,
        "1": 29.293565114177763,
        "2": 30.237062388667443,
        "3": 31.942720619049226,
        "4": 32.85438826435889
    },
    "path": "240719_new_wire_d8w256_adjust_lr_5e-4_flowers",
    "depth": 8,
    "width": 256,
    "dataset_name": "flowers",
    "model_info": "wire",
    "lr": 0.0005
}