{
    "path": "240912_gamma_all_decom_tuned_with_schdule_type_other_act_gauss_d0_w3_cd2_cd1024_R1_8192_decom_dim_uv_lr0.0005sample_type__schdule_type_exp_lr_gamma_0.995_knights",
    "depth": 0,
    "width": 3,
    "coord_depth": 2,
    "coord_width": 1024,
    "dataset_name": "knights",
    "model_info": "gauss",
    "lr": 0.0005,
    "batch_size": 8192,
    "omega": 5,
    "sigma": 5,
    "decom_dim": "uv",
    "R": 1,
    "schdule_type": "exp",
    "lr_gamma": 0.995,
    "lr_linear_C": 1,
    "result": {
        "0": 0,
        "10": 12.188723850713242,
        "20": 12.189165799154036,
        "30": 12.189875051809956,
        "40": 12.18981066750369,
        "50": 12.189929078989826,
        "60": 12.189346211544722,
        "70": 12.189887879948634,
        "80": 12.189791581761193,
        "90": 12.189146512043205,
        "100": 12.187152545206914
    },
    "result_time": {
        "10": {
            "forward": 0.5185674218667251,
            "backward": 1.5534575145472345,
            "per_epoch_whole": 61621.1484375
        },
        "20": {
            "forward": 0.5127617994542566,
            "backward": 1.5608460265356656,
            "per_epoch_whole": 61518.3671875
        },
        "30": {
            "forward": 0.5238231286490395,
            "backward": 1.5577974568884692,
            "per_epoch_whole": 61998.26171875
        },
        "40": {
            "forward": 0.5127707883090484,
            "backward": 1.5653559028019461,
            "per_epoch_whole": 61580.58984375
        },
        "50": {
            "forward": 0.5120972175260758,
            "backward": 1.5536266194340487,
            "per_epoch_whole": 61869.94140625
        },
        "60": {
            "forward": 0.5180467300207314,
            "backward": 1.5602746844214233,
            "per_epoch_whole": 61635.359375
        },
        "70": {
            "forward": 0.5120744876898786,
            "backward": 1.5540267889191162,
            "per_epoch_whole": 61642.609375
        },
        "80": {
            "forward": 0.5269294698758169,
            "backward": 1.5519976017023316,
            "per_epoch_whole": 61767.02734375
        },
        "90": {
            "forward": 0.5160694532289793,
            "backward": 1.560184553600707,
            "per_epoch_whole": 61658.74609375
        },
        "100": {
            "forward": 0.534737511612094,
            "backward": 1.5502443495867024,
            "per_epoch_whole": 61804.84765625
        }
    }
}