{
    "path": "240802_debug_44_knights",
    "depth": 2,
    "width": 256,
    "dataset_name": "knights",
    "model_info": "relu",
    "lr": 0.001,
    "batch_size": 262144,
    "result": {
        "0": 0,
        "1": 14.458265815476583,
        "2": 16.581743727116415,
        "3": 17.389923682025984,
        "4": 17.845114904058843,
        "5": 18.080512886873702
    },
    "result_time": {
        "1": {
            "forward": 17.75485177380697,
            "backward": 23.27048784664699,
            "per_epoch_whole": 11808.34765625
        },
        "2": {
            "forward": 16.55123805999756,
            "backward": 23.6480593953814,
            "per_epoch_whole": 11603.8984375
        },
        "3": {
            "forward": 16.774302625656134,
            "backward": 23.83555645261491,
            "per_epoch_whole": 11713.451171875
        },
        "4": {
            "forward": 16.895246955326634,
            "backward": 24.08412648609706,
            "per_epoch_whole": 11820.529296875
        },
        "5": {
            "forward": 16.995046022960125,
            "backward": 24.122635173797605,
            "per_epoch_whole": 11859.76171875
        }
    }
}