{
    "path": "240828_decom_R_gauss_d2_w256_cd2_cd256_R2_8192_decom_dim_uv_lr0.001_knights",
    "depth": 2,
    "width": 256,
    "coord_depth": 2,
    "coord_width": 256,
    "dataset_name": "knights",
    "model_info": "gauss",
    "lr": 0.001,
    "batch_size": 8192,
    "omega": 5,
    "sigma": 5,
    "decom_dim": "uv",
    "R": 2,
    "result": {
        "0": 0,
        "1": 18.021149914975094,
        "2": 19.313112843681772,
        "3": 20.304030649140735,
        "4": 20.642388428278366,
        "5": 21.41544787812794,
        "6": 21.47380928726521,
        "7": 22.12450931275349,
        "8": 21.612697946476228,
        "9": 22.708496035548578,
        "10": 23.189400683503475,
        "11": 22.905687985327337,
        "12": 23.562656133338134,
        "13": 24.059714401962335,
        "14": 24.198585247140063,
        "15": 24.13028823382615,
        "16": 24.35320599862953,
        "17": 24.351856069406,
        "18": 24.515504127097373,
        "19": 24.23366153741486,
        "20": 24.900692675304853,
        "21": 24.661811570908377,
        "22": 25.365260726686593,
        "23": 25.2966514640223,
        "24": 25.471691985087407,
        "25": 24.030395293574667,
        "26": 25.44155262066728,
        "27": 25.41214490775325,
        "28": 25.98871835563685,
        "29": 25.78245900404137,
        "30": 25.3021146635232,
        "31": 25.465399991921082,
        "32": 25.626072100949838,
        "33": 26.423820347086764,
        "34": 26.285570307338844,
        "35": 26.472692370750092,
        "36": 26.526084382620905,
        "37": 26.46919988885212,
        "38": 26.681100591943615,
        "39": 26.760007969336893,
        "40": 26.926876050307918,
        "41": 26.514345391829696,
        "42": 26.743927474785096,
        "43": 26.57282166159306,
        "44": 27.098819293254106,
        "45": 27.34490259734441,
        "46": 27.233882416254996,
        "47": 26.736952608620737,
        "48": 27.41386474571342,
        "49": 27.36835021258248,
        "50": 27.600428150827284,
        "51": 27.549889211640327,
        "52": 27.473011991149033,
        "53": 27.351504720714246,
        "54": 27.977986398070275,
        "55": 26.73562406839923,
        "56": 27.173178846407914,
        "57": 27.416637996540647,
        "58": 26.96406028550523,
        "59": 27.641190455826422,
        "60": 27.95535538537299,
        "61": 27.859963273141425,
        "62": 27.57617562571854,
        "63": 28.163319589179665,
        "64": 27.895601760843515,
        "65": 27.241787211400155,
        "66": 28.31872867414748,
        "67": 28.26046282799488,
        "68": 28.232404610769148,
        "69": 27.42732435050219,
        "70": 28.29091880545113,
        "71": 28.25655662077619,
        "72": 28.43449616589429,
        "73": 27.949593803181553,
        "74": 28.41768883392363,
        "75": 28.65900186856078,
        "76": 28.534176382345063,
        "77": 28.51285806828129,
        "78": 28.42119877939017,
        "79": 28.739613522532448,
        "80": 28.434298936813175,
        "81": 28.136243465727254,
        "82": 28.521133246782547,
        "83": 28.70277537547151,
        "84": 28.7320220224096,
        "85": 28.356874754135134,
        "86": 28.596577231795614,
        "87": 28.173895551874313,
        "88": 28.926811596620944,
        "89": 29.016274408515372,
        "90": 29.072097176502634,
        "91": 28.837403869035825,
        "92": 28.999902070132887,
        "93": 28.637081924229392,
        "94": 29.105548160997152,
        "95": 29.134447932558846,
        "96": 29.03834380041298,
        "97": 28.999435292242012,
        "98": 29.034608804231635,
        "99": 29.115833111777434,
        "100": 29.075163015238655
    },
    "result_time": {
        "1": {
            "forward": 1.0840983252237826,
            "backward": 1.8627880633676996,
            "per_epoch_whole": 47635.00390625
        },
        "2": {
            "forward": 0.9760448273310216,
            "backward": 1.8743084813098128,
            "per_epoch_whole": 46906.84765625
        },
        "3": {
            "forward": 0.9605796916288111,
            "backward": 1.843550729465503,
            "per_epoch_whole": 47694.26953125
        },
        "4": {
            "forward": 0.9769090759571473,
            "backward": 1.8684696915808383,
            "per_epoch_whole": 47010.21875
        },
        "5": {
            "forward": 0.9617540658642002,
            "backward": 1.8720508679670926,
            "per_epoch_whole": 46460.25
        },
        "6": {
            "forward": 0.96736102103931,
            "backward": 1.8674895982145874,
            "per_epoch_whole": 46428.94921875
        },
        "7": {
            "forward": 0.9640084354845273,
            "backward": 1.8468834937753869,
            "per_epoch_whole": 47275.06640625
        },
        "8": {
            "forward": 0.9682355744758069,
            "backward": 1.8759071143364099,
            "per_epoch_whole": 46436.953125
        },
        "9": {
            "forward": 0.9672072112148034,
            "backward": 1.8743616952255358,
            "per_epoch_whole": 46608.96875
        },
        "10": {
            "forward": 0.9711252940644903,
            "backward": 1.8658001619072702,
            "per_epoch_whole": 46825.05859375
        },
        "11": {
            "forward": 0.9673273732956869,
            "backward": 1.8454499202797157,
            "per_epoch_whole": 47947.53125
        },
        "12": {
            "forward": 0.9830141493980022,
            "backward": 1.8837746360749164,
            "per_epoch_whole": 47997.17578125
        },
        "13": {
            "forward": 0.9646463568119636,
            "backward": 1.8643030519098458,
            "per_epoch_whole": 46931.58203125
        },
        "14": {
            "forward": 0.9633439486736995,
            "backward": 1.8552902763175059,
            "per_epoch_whole": 46897.34375
        },
        "15": {
            "forward": 0.9635279759584423,
            "backward": 1.879473196787377,
            "per_epoch_whole": 46953.36328125
        },
        "16": {
            "forward": 0.9591285641334449,
            "backward": 1.8715020238735123,
            "per_epoch_whole": 47416.78515625
        },
        "17": {
            "forward": 0.9651183532454507,
            "backward": 1.8792263249574073,
            "per_epoch_whole": 46362.28125
        },
        "18": {
            "forward": 0.9595182487309541,
            "backward": 1.868694601677246,
            "per_epoch_whole": 46268.4296875
        },
        "19": {
            "forward": 0.9643011000587696,
            "backward": 1.8735060970908681,
            "per_epoch_whole": 46272.1328125
        },
        "20": {
            "forward": 0.963064474495206,
            "backward": 1.8664668638736888,
            "per_epoch_whole": 47271.35546875
        },
        "21": {
            "forward": 0.9617649376985604,
            "backward": 1.8809679818298501,
            "per_epoch_whole": 46414.9765625
        },
        "22": {
            "forward": 0.9667475017877124,
            "backward": 1.8702540713714324,
            "per_epoch_whole": 46396.1171875
        },
        "23": {
            "forward": 0.9608579515947003,
            "backward": 1.856561082818167,
            "per_epoch_whole": 46310.75390625
        },
        "24": {
            "forward": 0.9659858863917055,
            "backward": 1.882297906689551,
            "per_epoch_whole": 47514.25390625
        },
        "25": {
            "forward": 0.9575833738121168,
            "backward": 1.852719909643704,
            "per_epoch_whole": 46135.80859375
        },
        "26": {
            "forward": 0.9570965604167266,
            "backward": 1.8596043565333806,
            "per_epoch_whole": 46348.34375
        },
        "27": {
            "forward": 0.966661494818242,
            "backward": 1.869016975357831,