{
    "path": "240828_decom_R_gauss_d2_w256_cd2_cd256_R3_8192_decom_dim_uv_lr0.001_knights",
    "depth": 2,
    "width": 256,
    "coord_depth": 2,
    "coord_width": 256,
    "dataset_name": "knights",
    "model_info": "gauss",
    "lr": 0.001,
    "batch_size": 8192,
    "omega": 5,
    "sigma": 5,
    "decom_dim": "uv",
    "R": 3,
    "result": {
        "0": 0,
        "1": 17.585701323542384,
        "2": 18.586704404524554,
        "3": 20.00554626080599,
        "4": 20.268802162715573,
        "5": 21.39717977076461,
        "6": 21.110737831486013,
        "7": 21.967983379421426,
        "8": 22.43028913394635,
        "9": 21.963370749528696,
        "10": 22.3771469295353,
        "11": 23.187649394059996,
        "12": 23.342701271303827,
        "13": 23.553731156772965,
        "14": 23.747378494955043,
        "15": 23.52439896100509,
        "16": 23.77869150272811,
        "17": 23.62889220169214,
        "18": 23.94083596566702,
        "19": 24.414219417067816,
        "20": 24.341734774420914,
        "21": 24.391760996707198,
        "22": 25.150342860389777,
        "23": 25.149134145671198,
        "24": 25.25836643063262,
        "25": 24.920193012261787,
        "26": 25.280285177867107,
        "27": 25.31196649948322,
        "28": 25.95067221795758,
        "29": 25.089576991394974,
        "30": 26.038303724829152,
        "31": 26.55333465836335,
        "32": 25.73481011407905,
        "33": 26.406748933573876,
        "34": 26.18264971413494,
        "35": 25.75081791623385,
        "36": 25.964756358330106,
        "37": 26.373432206230227,
        "38": 24.810475782020642,
        "39": 26.77205635180115,
        "40": 26.790017515473743,
        "41": 26.51833523868079,
        "42": 26.45882700086391,
        "43": 26.584951962139556,
        "44": 26.726156903936655,
        "45": 26.95316599612078,
        "46": 27.278356067688968,
        "47": 26.887519606430835,
        "48": 26.944984493854154,
        "49": 27.721357260411008,
        "50": 27.297703405229665,
        "51": 26.955622547286538,
        "52": 26.44688814999585,
        "53": 27.574819952017247,
        "54": 27.495529101554666,
        "55": 27.742047251771325,
        "56": 27.977556530675823,
        "57": 27.74081010331909,
        "58": 26.920663882039126,
        "59": 28.005961824738847,
        "60": 27.22757300158121,
        "61": 27.16418914711846,
        "62": 27.920515219692447,
        "63": 28.094567838082664,
        "64": 27.923798003615598,
        "65": 27.996669298478967,
        "66": 28.357409101149912,
        "67": 27.955240211042298,
        "68": 28.256821113610684,
        "69": 28.41305527170097,
        "70": 27.868209722929965,
        "71": 28.301213581221205,
        "72": 27.87852988015161,
        "73": 27.998993426735954,
        "74": 28.421484426610114,
        "75": 28.10808172446463,
        "76": 28.504520303416356,
        "77": 28.30061797998617,
        "78": 28.625246268822952,
        "79": 28.167365620181315,
        "80": 28.61705398522652,
        "81": 28.400798981199706,
        "82": 28.624625023765468,
        "83": 28.759176910608257,
        "84": 28.60590562935657,
        "85": 28.807074010969604,
        "86": 28.703953110483194,
        "87": 28.46137692746737,
        "88": 28.71199222103838,
        "89": 28.771331018920357,
        "90": 28.717828728213824,
        "91": 28.883666200960377,
        "92": 28.814248581473578,
        "93": 28.980951393272626,
        "94": 28.835042023500918,
        "95": 29.064011423760526,
        "96": 28.91255680264863,
        "97": 28.89494471554677,
        "98": 29.110107597839644,
        "99": 28.965928515021588,
        "100": 29.09023685804148
    },
    "result_time": {
        "1": {
            "forward": 0.9678521313572409,
            "backward": 1.851369719346514,
            "per_epoch_whole": 28082.01953125
        },
        "2": {
            "forward": 0.9368137399179394,
            "backward": 1.851963401859084,
            "per_epoch_whole": 27922.748046875
        },
        "3": {
            "forward": 0.941786463382075,
            "backward": 1.8626329959805272,
            "per_epoch_whole": 28028.41015625
        },
        "4": {
            "forward": 0.9418984665938137,
            "backward": 1.8725078019948325,
            "per_epoch_whole": 28139.544921875
        },
        "5": {
            "forward": 0.9352607679292282,
            "backward": 1.8519617334575358,
            "per_epoch_whole": 27846.0390625
        },
        "6": {
            "forward": 0.9385996809338822,
            "backward": 1.8605997714127065,
            "per_epoch_whole": 27927.0390625
        },
        "7": {
            "forward": 0.9338996850315028,
            "backward": 1.8542424837791158,
            "per_epoch_whole": 27810.603515625
        },
        "8": {
            "forward": 0.9513846263611673,
            "backward": 1.8681307093056532,
            "per_epoch_whole": 28347.712890625
        },
        "9": {
            "forward": 0.9324607848283182,
            "backward": 1.8497035877205483,
            "per_epoch_whole": 27752.48046875
        },
        "10": {
            "forward": 0.9305170377890422,
            "backward": 1.8533899622315213,
            "per_epoch_whole": 27769.533203125
        },
        "11": {
            "forward": 0.9343889925087473,
            "backward": 1.8418790585390352,
            "per_epoch_whole": 27690.986328125
        },
        "12": {
            "forward": 0.9296872869623785,
            "backward": 1.8570138613683693,
            "per_epoch_whole": 27818.88671875
        },
        "13": {
            "forward": 0.9414766193158025,
            "backward": 1.8505713669486474,
            "per_epoch_whole": 27921.5546875
        },
        "14": {
            "forward": 0.9355360721479642,
            "backward": 1.8588844253891168,
            "per_epoch_whole": 27881.70703125
        },
        "15": {
            "forward": 0.9395922385478346,
            "backward": 1.8590746332978385,
            "per_epoch_whole": 27973.0390625
        },
        "16": {
            "forward": 0.9478715571178458,
            "backward": 1.8775458413991528,
            "per_epoch_whole": 28296.25390625
        },
        "17": {
            "forward": 0.9302912626583031,
            "backward": 1.8426539234971568,
            "per_epoch_whole": 27702.228515625
        },
        "18": {
            "forward": 0.9407879134259772,
            "backward": 1.856404837710735,
            "per_epoch_whole": 27964.18359375
        },
        "19": {
            "forward": 0.9399673110744173,
            "backward": 1.8684571660333198,
            "per_epoch_whole": 28104.42578125
        },
        "20": {
            "forward": 0.9434271731307531,
            "backward": 1.8697644466966161,
            "per_epoch_whole": 28154.294921875
        },
        "21": {
            "forward": 0.9337584043508145,
            "backward": 1.8645922107602657,
            "per_epoch_whole": 28006.298828125
        },
        "22": {
            "forward": 0.9372798299681109,
            "backward": 1.8587313874988738,
            "per_epoch_whole": 27938.142578125
        },
        "23": {
            "forward": 0.9412303768536637,
            "backward": 1.855029379465581,
            "per_epoch_whole": 27921.0546875
        },
        "24": {
            "forward": 0.9386438719193474,
            "backward": 1.865532667991619,
            "per_epoch_whole": 28048.595703125
        },
        "25": {
            "forward": 0.9428126986708921,
            "backward": 1.8671145256879518,
            "per_epoch_whole": 28132.06640625
        },
        "26": {
            "forward": 0.9367805637135647,
            "backward": 1.8598385328961966,
            "per_epoch_whole": 27955.1875
        },
        "27": {
            "forward": 0.9467969241078333,