{
    "path": "240828_decom_R_finer_d2_w256_cd2_cd256_R2_8192_decom_dim_uv_lr0.0005_knights",
    "depth": 2,
    "width": 256,
    "coord_depth": 2,
    "coord_width": 256,
    "dataset_name": "knights",
    "model_info": "finer",
    "lr": 0.0005,
    "batch_size": 8192,
    "omega": 5,
    "sigma": 5,
    "decom_dim": "uv",
    "R": 2,
    "result": {
        "0": 0,
        "1": 18.46495765052937,
        "2": 20.14225736278877,
        "3": 20.8885496360035,
        "4": 20.71766836274157,
        "5": 21.781980677319368,
        "6": 22.305696807160672,
        "7": 22.652413920026543,
        "8": 22.33597731954542,
        "9": 22.849509820400293,
        "10": 22.05558609635251,
        "11": 23.651629380345575,
        "12": 23.580751503406425,
        "13": 23.016614350753017,
        "14": 23.278692453645753,
        "15": 24.095492957958317,
        "16": 24.40455606911262,
        "17": 24.214371540922365,
        "18": 24.33648696576144,
        "19": 24.28431045639354,
        "20": 23.783593865744763,
        "21": 24.50655611280485,
        "22": 23.271934159001958,
        "23": 24.538627005090664,
        "24": 24.73950080343741,
        "25": 24.668632096706794,
        "26": 24.309400627547397,
        "27": 24.857339550033007,
        "28": 25.057679459059912,
        "29": 24.802911485177237,
        "30": 25.33261706593782,
        "31": 24.803442329138736,
        "32": 25.300243226280173,
        "33": 25.808100392752735,
        "34": 25.424889579729356,
        "35": 25.502982206604234,
        "36": 25.32904360715189,
        "37": 25.546636168191533,
        "38": 25.279719989558313,
        "39": 25.966017634866283,
        "40": 25.33947210754127,
        "41": 25.67772662949939,
        "42": 26.066197793249458,
        "43": 26.051723797075983,
        "44": 26.217046564513804,
        "45": 26.130782970080872,
        "46": 26.436254960332413,
        "47": 26.233620519553728,
        "48": 26.210712336563223,
        "49": 26.435533768681253,
        "50": 26.133165713220233,
        "51": 26.402423054761307,
        "52": 25.97483200411804,
        "53": 26.346814111839393,
        "54": 26.545333141363315,
        "55": 26.512530261201967,
        "56": 26.74034945788747,
        "57": 26.243816967932258,
        "58": 26.60468890178409,
        "59": 26.509561865299503,
        "60": 26.414008171122386,
        "61": 26.52087751952446,
        "62": 26.671885270575334,
        "63": 26.935688975477493,
        "64": 26.601729276283848,
        "65": 26.794509640702707,
        "66": 26.906277695189416,
        "67": 26.853271659932155,
        "68": 26.965303493732346,
        "69": 26.92224325528821,
        "70": 26.838366816263463,
        "71": 26.970226727125624,
        "72": 26.989879824761445,
        "73": 27.125517288149947,
        "74": 25.77627417574628,
        "75": 27.200565949493733,
        "76": 27.106509325300344,
        "77": 27.348632238362942,
        "78": 27.266000336649803,
        "79": 27.23066001254944,
        "80": 27.263524953007163,
        "81": 27.297606251542064,
        "82": 27.288674946144702,
        "83": 27.327159930839503,
        "84": 27.300052601711474,
        "85": 27.158087727826405,
        "86": 27.28458103132714,
        "87": 27.28484954241308,
        "88": 27.379428708510083,
        "89": 27.41949533592886,
        "90": 27.35794419926019,
        "91": 27.37826617744329,
        "92": 27.48120557379361,
        "93": 27.406921498743767,
        "94": 26.806469769071203,
        "95": 27.462288745033497,
        "96": 27.555934744985784,
        "97": 27.55108584837637,
        "98": 27.56977998897274,
        "99": 27.59691062698066,
        "100": 27.576427488252385
    },
    "result_time": {
        "1": {
            "forward": 1.2895327667128618,
            "backward": 1.5856993660252816,
            "per_epoch_whole": 48902.3125
        },
        "2": {
            "forward": 1.1902807404103124,
            "backward": 1.6072459506920829,
            "per_epoch_whole": 47632.32421875
        },
        "3": {
            "forward": 1.1902998684676513,
            "backward": 1.6020586642091286,
            "per_epoch_whole": 47795.18359375
        },
        "4": {
            "forward": 1.1977615574355354,
            "backward": 1.6253744766734495,
            "per_epoch_whole": 47491.48046875
        },
        "5": {
            "forward": 1.1666639166332715,
            "backward": 1.582427183713915,
            "per_epoch_whole": 47997.7578125
        },
        "6": {
            "forward": 1.2093233288584488,
            "backward": 1.613283920195198,
            "per_epoch_whole": 48576.16796875
        },
        "7": {
            "forward": 1.1987170867337975,
            "backward": 1.6008845184474534,
            "per_epoch_whole": 47489.59375
        },
        "8": {
            "forward": 1.1804790909636997,
            "backward": 1.6137277607557143,
            "per_epoch_whole": 47301.35546875
        },
        "9": {
            "forward": 1.2123950107609363,
            "backward": 1.6264427153966605,
            "per_epoch_whole": 47455.44921875
        },
        "10": {
            "forward": 1.2289270837710378,
            "backward": 1.6156401891634555,
            "per_epoch_whole": 47262.8671875
        },
        "11": {
            "forward": 1.233116647396145,
            "backward": 1.6201560899717724,
            "per_epoch_whole": 48268.9765625
        },
        "12": {
            "forward": 1.211507014124576,
            "backward": 1.610751437828852,
            "per_epoch_whole": 47377.9921875
        },
        "13": {
            "forward": 1.193757678636651,
            "backward": 1.6137513414437052,
            "per_epoch_whole": 47346.390625
        },
        "14": {
            "forward": 1.2153905055913972,
            "backward": 1.6178798405742851,
            "per_epoch_whole": 47121.32421875
        },
        "15": {
            "forward": 1.2296392083245078,
            "backward": 1.6215076319305506,
            "per_epoch_whole": 47026.89453125
        },
        "16": {
            "forward": 1.199802085937686,
            "backward": 1.591633601339658,
            "per_epoch_whole": 48280.6328125
        },
        "17": {
            "forward": 1.236885011563478,
            "backward": 1.6047374977371829,
            "per_epoch_whole": 48405.96875
        },
        "18": {
            "forward": 1.1732051101509737,
            "backward": 1.6044730067020496,
            "per_epoch_whole": 47592.88671875
        },
        "19": {
            "forward": 1.2365830767912405,
            "backward": 1.6390112892797977,
            "per_epoch_whole": 47025.6875
        },
        "20": {
            "forward": 1.203679709898278,
            "backward": 1.610151937083121,
            "per_epoch_whole": 47340.8125
        },
        "21": {
            "forward": 1.1908447439346987,
            "backward": 1.6056256331631733,
            "per_epoch_whole": 47708.98828125
        },
        "22": {
            "forward": 1.1807485537918918,
            "backward": 1.6017555289975145,
            "per_epoch_whole": 49195.08203125
        },
        "23": {
            "forward": 1.193603082969232,
            "backward": 1.6230166357873552,
            "per_epoch_whole": 47292.546875
        },
        "24": {
            "forward": 1.1983516791248607,
            "backward": 1.5994673040034173,
            "per_epoch_whole": 47416.9375
        },
        "25": {
            "forward": 1.1698488574216952,
            "backward": 1.5995392105364106,
            "per_epoch_whole": 47545.25
        },
        "26": {
            "forward": 1.183559971929184,
            "backward": 1.6141663486182396,
            "per_epoch_whole": 47954.3671875
        },
        "27": {
            "forward": 1.1996113979112344,
            "backward": 1.6247372720712183,