{
    "path": "240828_decom_R_siren_d2_w256_cd2_cd256_R2_8192_decom_dim_uv_lr0.001_knights",
    "depth": 2,
    "width": 256,
    "coord_depth": 2,
    "coord_width": 256,
    "dataset_name": "knights",
    "model_info": "siren",
    "lr": 0.001,
    "batch_size": 8192,
    "omega": 5,
    "sigma": 5,
    "decom_dim": "uv",
    "R": 2,
    "result": {
        "0": 0,
        "1": 18.161691921250032,
        "2": 19.63783675578727,
        "3": 20.77039597709903,
        "4": 21.885837447582773,
        "5": 21.68741577782652,
        "6": 22.009703383835145,
        "7": 21.807558949198512,
        "8": 21.848735030441574,
        "9": 21.70252029502237,
        "10": 23.03028285242524,
        "11": 22.92409764769224,
        "12": 22.85684215032894,
        "13": 22.526613638972705,
        "14": 23.644562895996863,
        "15": 23.347263249092354,
        "16": 23.70392741851522,
        "17": 23.95178803073238,
        "18": 23.79794216744497,
        "19": 23.766580239388546,
        "20": 24.392177793203295,
        "21": 23.707100534138306,
        "22": 24.098435786631295,
        "23": 23.438093529049276,
        "24": 24.374960989453257,
        "25": 24.72753895962238,
        "26": 24.01454941639691,
        "27": 24.552674519857234,
        "28": 24.765097761884654,
        "29": 24.100664414565276,
        "30": 24.973269444857735,
        "31": 24.190128632614616,
        "32": 24.59003303709001,
        "33": 24.94644499315265,
        "34": 24.351038317412012,
        "35": 23.955038520280848,
        "36": 25.12659245936623,
        "37": 25.23360574006269,
        "38": 24.753802098133836,
        "39": 25.38610145102446,
        "40": 25.11213035722438,
        "41": 25.577091188415736,
        "42": 25.456158569880138,
        "43": 24.695066432323344,
        "44": 25.459045832353418,
        "45": 24.423411263753355,
        "46": 25.458358827929214,
        "47": 25.83941046880629,
        "48": 25.871521474958097,
        "49": 25.88354922911363,
        "50": 25.65907378164549,
        "51": 25.835224186987837,
        "52": 25.380277779706105,
        "53": 25.986598074580986,
        "54": 25.833086440567723,
        "55": 25.819766816302007,
        "56": 26.11893225936499,
        "57": 26.147482131462024,
        "58": 25.843708348761336,
        "59": 26.1325029145196,
        "60": 26.348747438492644,
        "61": 25.869265057591015,
        "62": 26.029106078712818,
        "63": 26.288688897486203,
        "64": 26.186899433293554,
        "65": 26.429028172974725,
        "66": 26.42517496529442,
        "67": 26.484854454376418,
        "68": 26.100159555518733,
        "69": 26.494209058134288,
        "70": 26.582355363446,
        "71": 26.416738368024895,
        "72": 26.36514059432341,
        "73": 26.433541161161468,
        "74": 26.25181132818547,
        "75": 26.72475100500695,
        "76": 26.732088628364494,
        "77": 26.713913271039075,
        "78": 26.737707405859837,
        "79": 26.85748942888185,
        "80": 26.805589750185582,
        "81": 26.668034910218566,
        "82": 26.79972479281487,
        "83": 26.870799478258164,
        "84": 26.809055937559393,
        "85": 26.76690692753922,
        "86": 26.864570357060742,
        "87": 26.748830619479545,
        "88": 26.960723951135282,
        "89": 26.514127509994953,
        "90": 27.108597770029114,
        "91": 27.01870889953286,
        "92": 26.58807787489296,
        "93": 27.069776703982306,
        "94": 27.16087193934673,
        "95": 26.843938678940894,
        "96": 27.105472215650394,
        "97": 27.14293424666602,
        "98": 27.273189153968822,
        "99": 27.190061649445255,
        "100": 27.175032829144797
    },
    "result_time": {
        "1": {
            "forward": 0.7924621294745454,
            "backward": 1.395820685220852,
            "per_epoch_whole": 69010.3125
        },
        "2": {
            "forward": 0.6450768137821058,
            "backward": 1.4022381072896368,
            "per_epoch_whole": 67745.0546875
        },
        "3": {
            "forward": 0.6372642153519408,
            "backward": 1.3920785508740683,
            "per_epoch_whole": 69342.3828125
        },
        "4": {
            "forward": 0.6444778556719483,
            "backward": 1.3970972700850348,
            "per_epoch_whole": 68275.1796875
        },
        "5": {
            "forward": 0.6427040356033991,
            "backward": 1.395747252852781,
            "per_epoch_whole": 68708.234375
        },
        "6": {
            "forward": 0.6407617449786119,
            "backward": 1.3996711068603196,
            "per_epoch_whole": 67712.328125
        },
        "7": {
            "forward": 0.6368586374285526,
            "backward": 1.3991421314027468,
            "per_epoch_whole": 68826.3984375
        },
        "8": {
            "forward": 0.6380678629792548,
            "backward": 1.3913630755250985,
            "per_epoch_whole": 70018.5625
        },
        "9": {
            "forward": 0.6514983296935587,
            "backward": 1.407083819056374,
            "per_epoch_whole": 67061.8984375
        },
        "10": {
            "forward": 0.6461682881528213,
            "backward": 1.3957333496311077,
            "per_epoch_whole": 68832.65625
        },
        "11": {
            "forward": 0.6440797209172391,
            "backward": 1.4053326884871375,
            "per_epoch_whole": 68146.109375
        },
        "12": {
            "forward": 0.6419363643806403,
            "backward": 1.4034008922951346,
            "per_epoch_whole": 68148.828125
        },
        "13": {
            "forward": 0.6463150279564052,
            "backward": 1.3998953556081317,
            "per_epoch_whole": 68718.53125
        },
        "14": {
            "forward": 0.6482024026976507,
            "backward": 1.4005920414307047,
            "per_epoch_whole": 67715.4453125
        },
        "15": {
            "forward": 0.6423024233868752,
            "backward": 1.398066948609491,
            "per_epoch_whole": 69246.1484375
        },
        "16": {
            "forward": 0.6385690249940816,
            "backward": 1.4030046643347847,
            "per_epoch_whole": 68362.625
        },
        "17": {
            "forward": 0.6554292772919054,
            "backward": 1.4024279515765048,
            "per_epoch_whole": 67741.6328125
        },
        "18": {
            "forward": 0.6439505129163023,
            "backward": 1.4001440214038476,
            "per_epoch_whole": 68771.515625
        },
        "19": {
            "forward": 0.6439624535222668,
            "backward": 1.3974265263747976,
            "per_epoch_whole": 68155.15625
        },
        "20": {
            "forward": 0.634281845260594,
            "backward": 1.3954593670590079,
            "per_epoch_whole": 69850.046875
        },
        "21": {
            "forward": 0.644201215053652,
            "backward": 1.40139088599226,
            "per_epoch_whole": 67477.1796875
        },
        "22": {
            "forward": 0.6486476164014602,
            "backward": 1.4038227155907903,
            "per_epoch_whole": 67361.796875
        },
        "23": {
            "forward": 0.645213086796093,
            "backward": 1.4012367720731957,
            "per_epoch_whole": 69019.7109375
        },
        "24": {
            "forward": 0.6438996204107262,
            "backward": 1.3980948095142443,
            "per_epoch_whole": 68693.8046875
        },
        "25": {
            "forward": 0.6366289141861684,
            "backward": 1.3993648053839938,
            "per_epoch_whole": 69416.4453125
        },
        "26": {
            "forward": 0.6448475684661125,
            "backward": 1.4042304423235012,
            "per_epoch_whole": 66982.125
        },
        "27": {
            "forward": 0.6534156821487571,
            "backward": 1.4041239486098658,
            "per_epoch_whole": 68226.1484375
        },