{
    "path": "240828_decom_R_siren_d2_w256_cd2_cd256_R2_8192_decom_dim_uv_lr0.0005_knights",
    "depth": 2,
    "width": 256,
    "coord_depth": 2,
    "coord_width": 256,
    "dataset_name": "knights",
    "model_info": "siren",
    "lr": 0.0005,
    "batch_size": 8192,
    "omega": 5,
    "sigma": 5,
    "decom_dim": "uv",
    "R": 2,
    "result": {
        "0": 0,
        "1": 18.897653645592726,
        "2": 21.014478378935436,
        "3": 20.824595091980747,
        "4": 22.12625879483827,
        "5": 21.93117322012051,
        "6": 22.895601385121115,
        "7": 22.477435712319473,
        "8": 22.733445128501433,
        "9": 23.292995861749805,
        "10": 23.7596102641499,
        "11": 23.94842165497825,
        "12": 24.04571484722098,
        "13": 24.077895066372694,
        "14": 24.299529317207032,
        "15": 24.397518384701918,
        "16": 24.35171359182632,
        "17": 22.890761077471687,
        "18": 24.428363454180644,
        "19": 24.480610934622597,
        "20": 25.127610260640225,
        "21": 24.871508541657615,
        "22": 25.15156448268534,
        "23": 25.454771558475002,
        "24": 24.819175531092284,
        "25": 25.072437822155422,
        "26": 25.42983549986049,
        "27": 25.41055969214555,
        "28": 25.693298136791217,
        "29": 25.58907555456703,
        "30": 25.499354470805297,
        "31": 25.606836710957943,
        "32": 25.283607740907136,
        "33": 25.71797124210845,
        "34": 25.753135499370522,
        "35": 25.20930135044246,
        "36": 25.067524446064606,
        "37": 26.19030820154263,
        "38": 25.963750367247254,
        "39": 26.24757426517372,
        "40": 26.102378328971767,
        "41": 26.164665161791763,
        "42": 26.16919945639719,
        "43": 25.562397132029112,
        "44": 26.079079283030694,
        "45": 26.216465691610995,
        "46": 26.2889882847307,
        "47": 26.376462765864556,
        "48": 26.379494464075105,
        "49": 25.934097830286195,
        "50": 26.15725938230635,
        "51": 25.878610661911285,
        "52": 26.3785444690371,
        "53": 26.480496690599,
        "54": 26.101467649028514,
        "55": 26.684169234727687,
        "56": 26.780548319105694,
        "57": 26.41591539491383,
        "58": 26.879252787667717,
        "59": 26.80834516114045,
        "60": 26.431821621198072,
        "61": 26.48639027112577,
        "62": 26.65581837344283,
        "63": 26.58847833623804,
        "64": 26.807423369898775,
        "65": 26.86921705850055,
        "66": 27.032538077712456,
        "67": 27.11481120466025,
        "68": 27.022493454408703,
        "69": 26.700393162559706,
        "70": 26.79960377788237,
        "71": 26.672707852800293,
        "72": 27.17274527071439,
        "73": 27.170904876029784,
        "74": 27.095547793772866,
        "75": 27.2092606659399,
        "76": 27.202627837960353,
        "77": 27.143253588544724,
        "78": 27.114902995764208,
        "79": 27.181640102162756,
        "80": 27.287268815604893,
        "81": 27.21750688982713,
        "82": 27.239202917570626,
        "83": 27.220759399646038,
        "84": 27.148506846011326,
        "85": 27.239552862284338,
        "86": 27.344091970819786,
        "87": 27.17281636033425,
        "88": 27.38244681079925,
        "89": 27.433948321952837,
        "90": 27.426218521683,
        "91": 27.4639228086451,
        "92": 27.48206595292989,
        "93": 27.346392369809408,
        "94": 27.46745424768271,
        "95": 27.3781151698103,
        "96": 27.42835502481348,
        "97": 27.46357858835875,
        "98": 27.532310738984027,
        "99": 27.530077731277533,
        "100": 27.47095479892741
    },
    "result_time": {
        "1": {
            "forward": 0.940913679000887,
            "backward": 1.4124552670312007,
            "per_epoch_whole": 102215.9609375
        },
        "2": {
            "forward": 0.6343087236232614,
            "backward": 1.4059396308933818,
            "per_epoch_whole": 101296.203125
        },
        "3": {
            "forward": 0.6319935228611083,
            "backward": 1.4069961148562227,
            "per_epoch_whole": 100753.828125
        },
        "4": {
            "forward": 0.6271706445780647,
            "backward": 1.400569574862306,
            "per_epoch_whole": 100770.875
        },
        "5": {
            "forward": 0.6305377234714408,
            "backward": 1.408890149030824,
            "per_epoch_whole": 102129.375
        },
        "6": {
            "forward": 0.6340098519290667,
            "backward": 1.4147943742831033,
            "per_epoch_whole": 99643.203125
        },
        "7": {
            "forward": 0.6230278764061827,
            "backward": 1.4067093225962908,
            "per_epoch_whole": 101942.234375
        },
        "8": {
            "forward": 0.6291446202147795,
            "backward": 1.4148523257368686,
            "per_epoch_whole": 98982.4453125
        },
        "9": {
            "forward": 0.6390932359213849,
            "backward": 1.4124091770951108,
            "per_epoch_whole": 100092.984375
        },
        "10": {
            "forward": 0.6243903952164074,
            "backward": 1.401798647709165,
            "per_epoch_whole": 101299.796875
        },
        "11": {
            "forward": 0.6329526064666054,
            "backward": 1.4057124193796384,
            "per_epoch_whole": 100084.828125
        },
        "12": {
            "forward": 0.623298159668334,
            "backward": 1.3792570794201118,
            "per_epoch_whole": 100867.296875
        },
        "13": {
            "forward": 0.6186474889104261,
            "backward": 1.3716769066339731,
            "per_epoch_whole": 100845.59375
        },
        "14": {
            "forward": 0.621356810343195,
            "backward": 1.3845833150160947,
            "per_epoch_whole": 99561.046875
        },
        "15": {
            "forward": 0.6128864985307295,
            "backward": 1.3744563253203417,
            "per_epoch_whole": 100592.5078125
        },
        "16": {
            "forward": 0.6250671523600487,
            "backward": 1.3718460728913922,
            "per_epoch_whole": 99786.2890625
        },
        "17": {
            "forward": 0.6200492018285819,
            "backward": 1.367996069257872,
            "per_epoch_whole": 100119.4453125
        },
        "18": {
            "forward": 0.6128369342007103,
            "backward": 1.365744200802601,
            "per_epoch_whole": 100647.8515625
        },
        "19": {
            "forward": 0.626132644061957,
            "backward": 1.3840706610478648,
            "per_epoch_whole": 99464.4453125
        },
        "20": {
            "forward": 0.6099602984373935,
            "backward": 1.372843854709396,
            "per_epoch_whole": 100453.3046875
        },
        "21": {
            "forward": 0.6271271737208485,
            "backward": 1.3733564118071775,
            "per_epoch_whole": 100232.8828125
        },
        "22": {
            "forward": 0.6270635990251818,
            "backward": 1.3804179037628035,
            "per_epoch_whole": 99998.625
        },
        "23": {
            "forward": 0.6195559140204469,
            "backward": 1.3721036160925606,
            "per_epoch_whole": 100824.6015625
        },
        "24": {
            "forward": 0.6234450419352734,
            "backward": 1.3859678687057442,
            "per_epoch_whole": 99511.328125
        },
        "25": {
            "forward": 0.6217350418514966,
            "backward": 1.376639235158912,
            "per_epoch_whole": 100631.421875
        },
        "26": {
            "forward": 0.6186977477750528,
            "backward": 1.372743633327615,
            "per_epoch_whole": 100735.015625
        },
        "27": {
            "forward": 0.6273617790850695,
            "backward": 1.3788524391999837,