{
    "path": "240828_decom_R_gauss_d2_w256_cd2_cd256_R3_8192_decom_dim_uv_lr0.0005_knights",
    "depth": 2,
    "width": 256,
    "coord_depth": 2,
    "coord_width": 256,
    "dataset_name": "knights",
    "model_info": "gauss",
    "lr": 0.0005,
    "batch_size": 8192,
    "omega": 5,
    "sigma": 5,
    "decom_dim": "uv",
    "R": 3,
    "result": {
        "0": 0,
        "1": 18.927270363578746,
        "2": 20.249620231420863,
        "3": 20.913733042555375,
        "4": 21.870732755252977,
        "5": 22.00636492791154,
        "6": 23.26076182803734,
        "7": 23.258457393269918,
        "8": 23.879535664771705,
        "9": 24.024097377089674,
        "10": 23.852315597010527,
        "11": 23.678961304405323,
        "12": 23.456919002608068,
        "13": 24.746419340708854,
        "14": 22.582519811277493,
        "15": 25.41380037818105,
        "16": 25.17275055895693,
        "17": 24.08414742248661,
        "18": 24.547164172479754,
        "19": 24.827798094555785,
        "20": 25.362170644987863,
        "21": 25.939001087466707,
        "22": 25.385591486230584,
        "23": 24.961461201332515,
        "24": 26.57266833277383,
        "25": 26.33238766382672,
        "26": 26.228961462113165,
        "27": 26.703049902721546,
        "28": 26.40124149192441,
        "29": 26.834711886907698,
        "30": 26.990081320132678,
        "31": 26.88069539857919,
        "32": 26.086189429429677,
        "33": 27.282044817061035,
        "34": 27.099364388341254,
        "35": 26.332089250062367,
        "36": 27.397393420259487,
        "37": 26.971041788671826,
        "38": 27.196967339900382,
        "39": 27.450813994028262,
        "40": 27.74756511836566,
        "41": 27.54033543615367,
        "42": 27.506213035267226,
        "43": 27.42447719032932,
        "44": 27.50550406950029,
        "45": 27.95485676129551,
        "46": 27.659765577763412,
        "47": 27.473139263714838,
        "48": 26.913604339062395,
        "49": 27.642092573303298,
        "50": 27.67357328177475,
        "51": 27.966667360109895,
        "52": 28.121484807027926,
        "53": 27.649165496310687,
        "54": 28.20128500149143,
        "55": 27.96540569813665,
        "56": 27.961538644804435,
        "57": 27.819340847616495,
        "58": 28.182065198132516,
        "59": 27.868502000999356,
        "60": 28.451130546788225,
        "61": 28.433846298392897,
        "62": 28.388370438712435,
        "63": 28.282582870198976,
        "64": 28.252238553501396,
        "65": 28.20618562061397,
        "66": 28.052808290512463,
        "67": 28.176506758164827,
        "68": 28.69253727364295,
        "69": 28.655296497272065,
        "70": 28.677950537758388,
        "71": 28.66682304798467,
        "72": 28.618864574383434,
        "73": 28.89985816687336,
        "74": 28.669315790656427,
        "75": 28.84928265855347,
        "76": 28.236991086930054,
        "77": 28.85053979737716,
        "78": 28.771123752144174,
        "79": 28.959542394339834,
        "80": 28.678116478512095,
        "81": 28.576303514459003,
        "82": 28.88992402012603,
        "83": 28.942796665882707,
        "84": 29.0215101542155,
        "85": 28.994902180087536,
        "86": 28.6518897088814,
        "87": 28.92875379867697,
        "88": 28.936936582678843,
        "89": 29.076515517899548,
        "90": 28.89509981969867,
        "91": 29.0249065333377,
        "92": 29.03974579857713,
        "93": 29.19947968347406,
        "94": 29.14883048219374,
        "95": 28.73787982456069,
        "96": 29.152454015731944,
        "97": 29.171764064817538,
        "98": 28.548278802586864,
        "99": 29.255687401367716,
        "100": 29.189306754176737
    },
    "result_time": {
        "1": {
            "forward": 0.9750673711609273,
            "backward": 1.8410127576195718,
            "per_epoch_whole": 28110.0
        },
        "2": {
            "forward": 0.9315344147693516,
            "backward": 1.8606683980016159,
            "per_epoch_whole": 27900.541015625
        },
        "3": {
            "forward": 0.9368683458676492,
            "backward": 1.851203560842051,
            "per_epoch_whole": 27805.783203125
        },
        "4": {
            "forward": 0.9405546300435428,
            "backward": 1.8576092942646845,
            "per_epoch_whole": 27931.275390625
        },
        "5": {
            "forward": 0.9325608547428842,
            "backward": 1.854286010302986,
            "per_epoch_whole": 27786.4921875
        },
        "6": {
            "forward": 0.9302975878918707,
            "backward": 1.8626449758825072,
            "per_epoch_whole": 27816.169921875
        },
        "7": {
            "forward": 0.9361100273793301,
            "backward": 1.8523420832638704,
            "per_epoch_whole": 27833.734375
        },
        "8": {
            "forward": 0.9299680718887822,
            "backward": 1.8557489965639558,
            "per_epoch_whole": 27783.560546875
        },
        "9": {
            "forward": 0.9260290171564343,
            "backward": 1.8602880594484976,
            "per_epoch_whole": 27757.2734375
        },
        "10": {
            "forward": 0.9286526291080088,
            "backward": 1.8540693185707933,
            "per_epoch_whole": 27787.673828125
        },
        "11": {
            "forward": 0.9378432760846521,
            "backward": 1.8482912319058098,
            "per_epoch_whole": 27807.865234375
        },
        "12": {
            "forward": 0.9395529760569835,
            "backward": 1.8444021524906578,
            "per_epoch_whole": 27808.0234375
        },
        "13": {
            "forward": 0.9259825358586193,
            "backward": 1.853629162593083,
            "per_epoch_whole": 27731.953125
        },
        "14": {
            "forward": 0.9360545154299996,
            "backward": 1.8543493214182598,
            "per_epoch_whole": 27864.201171875
        },
        "15": {
            "forward": 0.9376984387313906,
            "backward": 1.851654283096521,
            "per_epoch_whole": 27832.28515625
        },
        "16": {
            "forward": 0.9387954601947084,
            "backward": 1.845365673767649,
            "per_epoch_whole": 27799.509765625
        },
        "17": {
            "forward": 0.9368695012296935,
            "backward": 1.8610283739246154,
            "per_epoch_whole": 27886.9765625
        },
        "18": {
            "forward": 0.9451227924596333,
            "backward": 1.8692973807428375,
            "per_epoch_whole": 28175.896484375
        },
        "19": {
            "forward": 0.9329849747960229,
            "backward": 1.8509054573890888,
            "per_epoch_whole": 27731.271484375
        },
        "20": {
            "forward": 0.9381009753226304,
            "backward": 1.860148937902233,
            "per_epoch_whole": 27992.1484375
        },
        "21": {
            "forward": 0.9406231622176197,
            "backward": 1.8635302599532384,
            "per_epoch_whole": 28037.58203125
        },
        "22": {
            "forward": 0.9378517023045937,
            "backward": 1.8558435636124544,
            "per_epoch_whole": 27996.998046875
        },
        "23": {
            "forward": 0.9221821415679559,
            "backward": 1.8353472278682226,
            "per_epoch_whole": 27571.2109375
        },
        "24": {
            "forward": 0.9304554703223207,
            "backward": 1.8644478028594935,
            "per_epoch_whole": 27890.6171875
        },
        "25": {
            "forward": 0.9359163564974625,
            "backward": 1.8515895365714874,
            "per_epoch_whole": 27793.078125
        },
        "26": {
            "forward": 0.9421518059789022,
            "backward": 1.863707279354643,
            "per_epoch_whole": 28038.525390625
        },
        "27": {
            "forward": 0.9358476297253059,
            "backward": 1.8512476397014392,