{
    "path": "240828_decom_R_gauss_d2_w256_cd2_cd256_R2_8192_decom_dim_uv_lr0.0005_knights",
    "depth": 2,
    "width": 256,
    "coord_depth": 2,
    "coord_width": 256,
    "dataset_name": "knights",
    "model_info": "gauss",
    "lr": 0.0005,
    "batch_size": 8192,
    "omega": 5,
    "sigma": 5,
    "decom_dim": "uv",
    "R": 2,
    "result": {
        "0": 0,
        "1": 18.921453217051127,
        "2": 21.198801608598068,
        "3": 20.12496710388006,
        "4": 21.362169717829172,
        "5": 22.408378750971146,
        "6": 22.503949884079052,
        "7": 23.6008043255575,
        "8": 23.95429094204464,
        "9": 22.69378096838232,
        "10": 24.09566530829674,
        "11": 24.241440510261796,
        "12": 24.120008251342714,
        "13": 24.32434318239685,
        "14": 24.581542248779655,
        "15": 25.167263632743285,
        "16": 24.1341230010219,
        "17": 25.260710544821787,
        "18": 25.360311697977274,
        "19": 25.862981446523122,
        "20": 25.989006097267534,
        "21": 25.570615011215565,
        "22": 25.984385164270044,
        "23": 25.73793151162549,
        "24": 25.301478641821234,
        "25": 24.012762042625482,
        "26": 26.309445082677083,
        "27": 25.997535247416458,
        "28": 25.98327279387827,
        "29": 26.731344148021613,
        "30": 25.763821292655162,
        "31": 26.00759467426278,
        "32": 26.358120258067466,
        "33": 27.343732090025835,
        "34": 26.360608806613236,
        "35": 26.06856242455368,
        "36": 27.172095268533823,
        "37": 26.48430455522646,
        "38": 25.58217971797627,
        "39": 27.49144564853413,
        "40": 26.7872434529794,
        "41": 26.89930290981948,
        "42": 26.999888992657738,
        "43": 27.449619446423924,
        "44": 26.344573514788557,
        "45": 27.939079500508118,
        "46": 27.60707148256708,
        "47": 26.649852877723262,
        "48": 27.910765217542377,
        "49": 28.06835788198019,
        "50": 27.94087590068445,
        "51": 28.035036717923134,
        "52": 28.051073918539423,
        "53": 27.9934209830789,
        "54": 28.17109901634695,
        "55": 28.183553369279846,
        "56": 28.36674832746412,
        "57": 28.1722150842498,
        "58": 28.04121367169398,
        "59": 28.228051054776802,
        "60": 28.09834470274984,
        "61": 28.30040192274932,
        "62": 28.490195059113603,
        "63": 28.53328262200832,
        "64": 28.389579184032048,
        "65": 28.380567465959782,
        "66": 28.5549698499798,
        "67": 28.624062675563223,
        "68": 28.773849378463908,
        "69": 28.49629655659031,
        "70": 28.707755509753554,
        "71": 28.766399974160954,
        "72": 28.559019916925326,
        "73": 28.82231374173135,
        "74": 28.87945344311987,
        "75": 29.009593376803544,
        "76": 28.814883675423363,
        "77": 28.897570785294835,
        "78": 29.004366715303263,
        "79": 28.741519207851915,
        "80": 28.9561885414888,
        "81": 29.016377045101926,
        "82": 28.50583211824754,
        "83": 28.918852968518625,
        "84": 29.138735080838746,
        "85": 29.092342012423728,
        "86": 29.12697925434224,
        "87": 29.175094076339406,
        "88": 29.081229779276928,
        "89": 29.059858035198747,
        "90": 29.077080613194465,
        "91": 29.205397780378544,
        "92": 29.20954842918091,
        "93": 28.96259326598728,
        "94": 29.148408198337034,
        "95": 29.201015012396756,
        "96": 29.26746676539953,
        "97": 29.260340004503625,
        "98": 29.3757435188074,
        "99": 29.319473327856,
        "100": 29.294795201310244
    },
    "result_time": {
        "1": {
            "forward": 1.0606212483068282,
            "backward": 1.865613053478739,
            "per_epoch_whole": 46932.57421875
        },
        "2": {
            "forward": 0.9564240215584884,
            "backward": 1.8781068284438938,
            "per_epoch_whole": 46588.17578125
        },
        "3": {
            "forward": 0.9596378835672449,
            "backward": 1.8774949038807915,
            "per_epoch_whole": 47543.5234375
        },
        "4": {
            "forward": 0.9567883883097251,
            "backward": 1.8784945622138693,
            "per_epoch_whole": 46463.18359375
        },
        "5": {
            "forward": 0.9567942182343567,
            "backward": 1.8420309246901772,
            "per_epoch_whole": 46463.35546875
        },
        "6": {
            "forward": 0.9457551174665193,
            "backward": 1.870202705960219,
            "per_epoch_whole": 45886.73828125
        },
        "7": {
            "forward": 0.961847813780668,
            "backward": 1.8764676964330036,
            "per_epoch_whole": 47361.9921875
        },
        "8": {
            "forward": 0.959427682147951,
            "backward": 1.8651285817699104,
            "per_epoch_whole": 46499.42578125
        },
        "9": {
            "forward": 0.9593096614773643,
            "backward": 1.8647978096221416,
            "per_epoch_whole": 46368.6484375
        },
        "10": {
            "forward": 0.9509148687304911,
            "backward": 1.8696073845777121,
            "per_epoch_whole": 46315.41015625
        },
        "11": {
            "forward": 0.9513914642411092,
            "backward": 1.8733514529431186,
            "per_epoch_whole": 47418.96875
        },
        "12": {
            "forward": 0.9481445396042119,
            "backward": 1.8481815883368442,
            "per_epoch_whole": 46435.078125
        },
        "13": {
            "forward": 0.9497911872271564,
            "backward": 1.85238486447195,
            "per_epoch_whole": 46462.47265625
        },
        "14": {
            "forward": 0.9546018139069442,
            "backward": 1.8662161035753861,
            "per_epoch_whole": 46492.08203125
        },
        "15": {
            "forward": 0.9524333289209217,
            "backward": 1.869297962094438,
            "per_epoch_whole": 47006.92578125
        },
        "16": {
            "forward": 0.9502047996349536,
            "backward": 1.8904703768505915,
            "per_epoch_whole": 46024.5234375
        },
        "17": {
            "forward": 0.9498882563559409,
            "backward": 1.8632363737867619,
            "per_epoch_whole": 45915.00390625
        },
        "18": {
            "forward": 0.9621642602988084,
            "backward": 1.8737488407191198,
            "per_epoch_whole": 46300.8046875
        },
        "19": {
            "forward": 0.9619691531886346,
            "backward": 1.8782505297383094,
            "per_epoch_whole": 47397.5859375
        },
        "20": {
            "forward": 0.9670792569480733,
            "backward": 1.8602866655841541,
            "per_epoch_whole": 46453.6796875
        },
        "21": {
            "forward": 0.9609620798585726,
            "backward": 1.8595181976584223,
            "per_epoch_whole": 46338.44140625
        },
        "22": {
            "forward": 0.9839271907936553,
            "backward": 1.8965966507896226,
            "per_epoch_whole": 46821.01171875
        },
        "23": {
            "forward": 0.9765454254542011,
            "backward": 1.865272958411748,
            "per_epoch_whole": 47521.40234375
        },
        "24": {
            "forward": 0.9735489066329562,
            "backward": 1.8762208478571105,
            "per_epoch_whole": 46656.05859375
        },
        "25": {
            "forward": 0.9758405989248906,
            "backward": 1.8700522289557375,
            "per_epoch_whole": 46523.50390625
        },
        "26": {
            "forward": 0.9654236888145854,
            "backward": 1.8819987751595733,
            "per_epoch_whole": 46400.69921875
        },
        "27": {
            "forward": 0.9864769244186554,
            "backward": 1.8752035953130979,