{
    "path": "240825_decom_test_R_relu_d2_w256_cd2_cd256_R3_8192_decom_dim_uv_lr0.0005_knights",
    "depth": 2,
    "width": 256,
    "coord_depth": 2,
    "coord_width": 256,
    "dataset_name": "knights",
    "model_info": "relu",
    "lr": 0.0005,
    "batch_size": 8192,
    "omega": 5,
    "sigma": 5,
    "decom_dim": "uv",
    "R": 3,
    "result": {
        "0": 0,
        "1": 19.094829856720985,
        "2": 20.08192287625815,
        "3": 20.425390065027898,
        "4": 21.02163684899463,
        "5": 21.426818450295738,
        "6": 21.692241196056454,
        "7": 21.734894135991976,
        "8": 21.71088766652172,
        "9": 22.337648989262682,
        "10": 22.322290160082364
    },
    "result_time": {
        "1": {
            "forward": 0.6440022113156212,
            "backward": 1.2982554299866385,
            "per_epoch_whole": 19813.779296875
        },
        "2": {
            "forward": 0.6110408582876152,
            "backward": 1.3205981219386995,
            "per_epoch_whole": 19742.501953125
        },
        "3": {
            "forward": 0.6062176953936815,
            "backward": 1.305130138542111,
            "per_epoch_whole": 19552.748046875
        },
        "4": {
            "forward": 0.6102773600989488,
            "backward": 1.3220181039511891,
            "per_epoch_whole": 19742.671875
        },
        "5": {
            "forward": 0.6099751176744408,
            "backward": 1.318147218067536,
            "per_epoch_whole": 19684.423828125
        },
        "6": {
            "forward": 0.6124278169164017,
            "backward": 1.3250018583037062,
            "per_epoch_whole": 19812.296875
        },
        "7": {
            "forward": 0.6207853597830522,
            "backward": 1.3411876364743218,
            "per_epoch_whole": 20127.82421875
        },
        "8": {
            "forward": 0.6072332562885207,
            "backward": 1.3452913989554616,
            "per_epoch_whole": 20067.224609375
        },
        "9": {
            "forward": 0.6095371767685196,
            "backward": 1.347770641264618,
            "per_epoch_whole": 20074.98828125
        },
        "10": {
            "forward": 0.6128924984330284,
            "backward": 1.327229698933018,
            "per_epoch_whole": 19879.826171875
        }
    }
}