{
    "path": "240825_decom_test_R_relu_d2_w256_cd2_cd256_R2_8192_decom_dim_uv_lr0.0005_knights",
    "depth": 2,
    "width": 256,
    "coord_depth": 2,
    "coord_width": 256,
    "dataset_name": "knights",
    "model_info": "relu",
    "lr": 0.0005,
    "batch_size": 8192,
    "omega": 5,
    "sigma": 5,
    "decom_dim": "uv",
    "result_time": {
        "1": {
            "forward": 0.6573673960169454,
            "backward": 1.3186099546539314,
            "per_epoch_whole": 20250.26171875
        },
        "2": {
            "forward": 0.6111491108152092,
            "backward": 1.3200168513071047,
            "per_epoch_whole": 19768.40625
        },
        "3": {
            "forward": 0.614973284304144,
            "backward": 1.3289424431958308,
            "per_epoch_whole": 19926.4296875
        },
        "4": {
            "forward": 0.6207695261069391,
            "backward": 1.332330031868306,
            "per_epoch_whole": 20082.865234375
        },
        "5": {
            "forward": 0.6089783875935567,
            "backward": 1.324015550779442,
            "per_epoch_whole": 19801.3359375
        },
        "6": {
            "forward": 0.612023221560881,
            "backward": 1.33177758174527,
            "per_epoch_whole": 19945.052734375
        },
        "7": {
            "forward": 0.6163676955695319,
            "backward": 1.32937173070999,
            "per_epoch_whole": 19944.34375
        },
        "8": {
            "forward": 0.610320907053913,
            "backward": 1.3378404506891406,
            "per_epoch_whole": 19956.37890625
        },
        "9": {
            "forward": 0.6132499760783814,
            "backward": 1.3414893774476737,
            "per_epoch_whole": 20063.041015625
        },
        "10": {
            "forward": 0.6132567302746066,
            "backward": 1.3208858692393477,
            "per_epoch_whole": 19868.89453125
        }
    },
    "result": {
        "0": 0,
        "1": 18.794653807736218,
        "2": 19.598322993247848,
        "3": 20.69464952088092,
        "4": 20.808194122700364,
        "5": 21.480312626806942,
        "6": 21.73792433718032,
        "7": 21.202623254720066,
        "8": 22.333061840986698,
        "9": 22.229856113879887,
        "10": 22.135087486697714
    }
}