{
    "path": "240912_gamma_all_decom_tuned_with_schdule_type_relu_d0_w3_cd2_cd1024_R1_65536_decom_dim_uv_lr0.0005sample_type__schdule_type_exp_lr_gamma_0.95_knights",
    "depth": 0,
    "width": 3,
    "coord_depth": 2,
    "coord_width": 1024,
    "dataset_name": "knights",
    "model_info": "relu",
    "lr": 0.0005,
    "batch_size": 65536,
    "omega": 5,
    "sigma": 5,
    "decom_dim": "uv",
    "R": 1,
    "schdule_type": "exp",
    "lr_gamma": 0.95,
    "lr_linear_C": 1,
    "result": {
        "0": 0,
        "10": 14.270581218112833,
        "20": 14.462151212686312,
        "30": 14.401654005680387,
        "40": 14.563454861675796,
        "50": 14.558919843692706,
        "60": 14.632818751710353,
        "70": 14.634484190521201,
        "80": 14.652788220018932,
        "90": 14.660621397309338,
        "100": 14.704619888959481
    },
    "result_time": {
        "10": {
            "forward": 2.0038536194080323,
            "backward": 13.457562072879291,
            "per_epoch_whole": 23537.1953125
        },
        "20": {
            "forward": 1.9767151001621677,
            "backward": 13.327200385525975,
            "per_epoch_whole": 23244.115234375
        },
        "30": {
            "forward": 1.9874258267735077,
            "backward": 13.322568762261138,
            "per_epoch_whole": 23263.767578125
        },
        "40": {
            "forward": 1.9809839731681695,
            "backward": 13.362325145299035,
            "per_epoch_whole": 23299.30859375
        },
        "50": {
            "forward": 1.9480643587953879,
            "backward": 13.311396250262804,
            "per_epoch_whole": 23252.912109375
        },
        "60": {
            "forward": 1.976102561686688,
            "backward": 13.454958376999954,
            "per_epoch_whole": 23492.1328125
        },
        "70": {
            "forward": 1.9963753099672534,
            "backward": 13.448879454787654,
            "per_epoch_whole": 23471.525390625
        },
        "80": {
            "forward": 1.9741188123770657,
            "backward": 13.415770983201,
            "per_epoch_whole": 23507.650390625
        },
        "90": {
            "forward": 1.9730751547433905,
            "backward": 13.343116422425505,
            "per_epoch_whole": 23339.375
        },
        "100": {
            "forward": 2.009906738068402,
            "backward": 13.329961040028246,
            "per_epoch_whole": 23338.01953125
        }
    }
}