{
    "path": "240912_gamma_all_decom_tuned_with_schdule_type_relu_d0_w3_cd2_cd1024_R1_65536_decom_dim_uv_lr0.0005sample_type__schdule_type_exp_lr_gamma_0.99_knights",
    "depth": 0,
    "width": 3,
    "coord_depth": 2,
    "coord_width": 1024,
    "dataset_name": "knights",
    "model_info": "relu",
    "lr": 0.0005,
    "batch_size": 65536,
    "omega": 5,
    "sigma": 5,
    "decom_dim": "uv",
    "R": 1,
    "schdule_type": "exp",
    "lr_gamma": 0.99,
    "lr_linear_C": 1,
    "result": {
        "0": 0,
        "10": 14.21189433903051,
        "20": 14.227510867453203,
        "30": 14.249513176564928,
        "40": 14.198471267997554,
        "50": 14.226448052172811,
        "60": 14.309157842105176,
        "70": 14.29089871805685,
        "80": 14.360062361729295,
        "90": 14.303438980499104,
        "100": 14.328076004784224
    },
    "result_time": {
        "10": {
            "forward": 2.0243910014835613,
            "backward": 13.297096366700835,
            "per_epoch_whole": 23333.197265625
        },
        "20": {
            "forward": 1.9583025333378115,
            "backward": 13.308470017357292,
            "per_epoch_whole": 23236.875
        },
        "30": {
            "forward": 2.0126933118257564,
            "backward": 13.287480096091048,
            "per_epoch_whole": 23362.72265625
        },
        "40": {
            "forward": 2.0042667965369243,
            "backward": 13.376293702109063,
            "per_epoch_whole": 23375.34765625
        },
        "50": {
            "forward": 1.95751009216358,
            "backward": 13.416261873855726,
            "per_epoch_whole": 23424.115234375
        },
        "60": {
            "forward": 2.0153389082235424,
            "backward": 13.461062251490308,
            "per_epoch_whole": 23526.580078125
        },
        "70": {
            "forward": 1.9485812024261695,
            "backward": 13.405611367374146,
            "per_epoch_whole": 23369.171875
        },
        "80": {
            "forward": 2.002801552775821,
            "backward": 13.307194107544047,
            "per_epoch_whole": 23244.837890625
        },
        "90": {
            "forward": 1.9842909370326678,
            "backward": 13.295459182204663,
            "per_epoch_whole": 23226.986328125
        },
        "100": {
            "forward": 1.9615802644239573,
            "backward": 13.317863987391418,
            "per_epoch_whole": 23269.06640625
        }
    }
}