{
    "result": {
        "0": 26.200819168562475,
        "1": 29.22878496317541,
        "2": 30.722124979267065
    },
    "path": "240719_wire_lf_debug_bunny",
    "depth": 4,
    "width": 256,
    "dataset_name": "bunny"
}