{
    "path": "240823_decom_tune__relu_decom_2_8192_knights",
    "depth": 2,
    "width": 256,
    "dataset_name": "knights",
    "model_info": "relu_decom",
    "lr": 0.005,
    "batch_size": 8192,
    "result_time": {
        "1": {
            "forward": 0.8695391117753007,
            "backward": 1.9078497785597883,
            "per_epoch_whole": 28579.51953125
        },
        "2": {
            "forward": 0.8406332212606605,
            "backward": 1.9325865747658428,
            "per_epoch_whole": 28511.4921875
        },
        "3": {
            "forward": 0.8474341696740556,
            "backward": 1.9543744473360378,
            "per_epoch_whole": 28807.37890625
        },
        "4": {
            "forward": 0.8523012801527843,
            "backward": 1.9671249778419233,
            "per_epoch_whole": 29067.5
        },
        "5": {
            "forward": 0.8455147819599973,
            "backward": 1.9347765543675353,
            "per_epoch_whole": 28608.884765625
        },
        "6": {
            "forward": 0.8425315223105696,
            "backward": 1.921613647760399,
            "per_epoch_whole": 28408.9296875
        },
        "7": {
            "forward": 0.8485096680213099,
            "backward": 1.9357132004077673,
            "per_epoch_whole": 28604.8359375
        },
        "8": {
            "forward": 0.8480337235148491,
            "backward": 1.9554073016278486,
            "per_epoch_whole": 28827.77734375
        },
        "9": {
            "forward": 0.8387296402240398,
            "backward": 1.9120452111799617,
            "per_epoch_whole": 28166.341796875
        },
        "10": {
            "forward": 0.8402818374297073,
            "backward": 1.8928731420950673,
            "per_epoch_whole": 27977.787109375
        }
    },
    "result": {
        "0": 0,
        "1": 17.40037867006736,
        "2": 18.528433351126107,
        "3": 19.28966687096256,
        "4": 19.243957753655092,
        "5": 20.11045310375385,
        "6": 20.21532524705226,
        "7": 20.310994488569847,
        "8": 20.580371915243273,
        "9": 20.68246269920023,
        "10": 20.852998174279143
    }
}