{
    "path": "240823_decom_tune__relu_decom_2_65536_knights",
    "depth": 2,
    "width": 256,
    "dataset_name": "knights",
    "model_info": "relu_decom",
    "lr": 0.005,
    "batch_size": 65536,
    "result_time": {
        "1": {
            "forward": 4.244485533567448,
            "backward": 7.473130118475649,
            "per_epoch_whole": 13924.8203125
        },
        "2": {
            "forward": 3.88964669638439,
            "backward": 7.502052986910597,
            "per_epoch_whole": 13543.017578125
        },
        "3": {
            "forward": 3.8809931591720273,
            "backward": 7.523083571744204,
            "per_epoch_whole": 13561.3095703125
        },
        "4": {
            "forward": 3.8974011070175516,
            "backward": 7.532218623326312,
            "per_epoch_whole": 13594.8037109375
        },
        "5": {
            "forward": 3.9079650908605448,
            "backward": 7.5679686085988065,
            "per_epoch_whole": 13691.6611328125
        },
        "6": {
            "forward": 3.924577518317935,
            "backward": 7.59020935499132,
            "per_epoch_whole": 13754.9453125
        },
        "7": {
            "forward": 3.9018388095611476,
            "backward": 7.545665438199939,
            "per_epoch_whole": 13627.86328125
        },
        "8": {
            "forward": 3.9264571351163506,
            "backward": 7.596299324481135,
            "per_epoch_whole": 13724.49609375
        },
        "9": {
            "forward": 3.892850548957044,
            "backward": 7.53772659120262,
            "per_epoch_whole": 13592.4873046875
        },
        "10": {
            "forward": 3.908367635057052,
            "backward": 7.558098757555747,
            "per_epoch_whole": 13627.6162109375
        }
    },
    "result": {
        "0": 0,
        "1": 14.116162261775312,
        "2": 15.828435862303188,
        "3": 17.010235982127217,
        "4": 17.582216598519036,
        "5": 17.74242151603189,
        "6": 17.98191603402796,
        "7": 18.094599831972467,
        "8": 18.233544308510663,
        "9": 18.307991765862557,
        "10": 18.32796731758086
    }
}