{
    "path": "240913_finer_gamma_all_decom_tuned_with_schdule_type_other_act_siren_d0_w3_cd8_cd256_R1_65536_decom_dim_uv_lr0.0005sample_type__schdule_type_exp_lr_gamma_0.995_knights",
    "depth": 0,
    "width": 3,
    "coord_depth": 8,
    "coord_width": 256,
    "dataset_name": "knights",
    "model_info": "siren",
    "lr": 0.0005,
    "batch_size": 65536,
    "omega": 5,
    "sigma": 5,
    "decom_dim": "uv",
    "R": 1,
    "schdule_type": "exp",
    "lr_gamma": 0.995,
    "lr_linear_C": 1,
    "result": {
        "0": 0,
        "10": 17.345031718949755,
        "20": 18.036916640021197,
        "30": 18.228969224504667,
        "40": 18.28737947794231,
        "50": 18.43739246646853,
        "60": 18.502634474114643,
        "70": 18.494298893348468,
        "80": 18.517455122273695,
        "90": 18.544706391467415,
        "100": 18.56162874514447
    },
    "result_time": {
        "10": {
            "forward": 1.3223728432117035,
            "backward": 1.8581795144864828,
            "per_epoch_whole": 4912.6083984375
        },
        "20": {
            "forward": 1.0531908926976177,
            "backward": 1.9041034470998723,
            "per_epoch_whole": 4241.0712890625
        },
        "30": {
            "forward": 1.5832979079194145,
            "backward": 1.8361614379503342,
            "per_epoch_whole": 5490.13818359375
        },
        "40": {
            "forward": 1.7133269193211638,
            "backward": 1.8162349059301268,
            "per_epoch_whole": 5869.4306640625
        },
        "50": {
            "forward": 1.8731572029138934,
            "backward": 1.823284207227737,
            "per_epoch_whole": 5985.2236328125
        },
        "60": {
            "forward": 1.7996313313350958,
            "backward": 1.8124777566396684,
            "per_epoch_whole": 5928.90185546875
        },
        "70": {
            "forward": 1.6321215790963928,
            "backward": 1.8327169538987975,
            "per_epoch_whole": 5828.56005859375
        },
        "80": {
            "forward": 1.8345428649529416,
            "backward": 1.807358753258384,
            "per_epoch_whole": 5941.541015625
        },
        "90": {
            "forward": 1.831845622393706,
            "backward": 1.8155818387711342,
            "per_epoch_whole": 5921.78076171875
        },
        "100": {
            "forward": 1.8164080282653892,
            "backward": 1.8147196394349454,
            "per_epoch_whole": 5924.4658203125
        }
    }
}