{
    "result": {
        "0": 25.82716896128419,
        "1": 28.27854972423751,
        "2": 30.816745469646794
    },
    "path": "240719_wire_lf_debug_beans",
    "depth": 4,
    "width": 256,
    "dataset_name": "beans"
}