{
    "result": {
        "0": 0,
        "1": 23.464751610804196,
        "2": 24.907558893139097,
        "3": 26.07333725320451,
        "4": 26.52908192362325,
        "5": 27.34344305906795,
        "6": 27.931822691483504,
        "7": 28.624212223083944,
        "8": 28.926626919190532,
        "9": 29.15759324666169,
        "10": 29.490792176527698,
        "11": 29.049021963884783,
        "12": 29.63261450193602,
        "13": 30.45898777260979,
        "14": 30.77334133187344,
        "15": 30.542896065149996,
        "16": 30.313213696240616,
        "17": 30.490872930914456,
        "18": 31.11749669917194,
        "19": 30.856157902238365,
        "20": 30.831840367218287,
        "21": 31.30678318562705,
        "22": 31.896346138776973,
        "23": 31.85477666106382,
        "24": 31.561204998444687,
        "25": 31.78359328993946,
        "26": 31.788731595556392,
        "27": 30.429538303109936,
        "28": 31.26555987521828,
        "29": 31.55655129291372,
        "30": 32.295452307486585,
        "31": 31.504133070390463,
        "32": 31.90687967429257,
        "33": 32.42956158912348,
        "34": 32.57463947306324,
        "35": 31.95608047187612,
        "36": 31.15761768613556,
        "37": 32.06397471617278,
        "38": 31.69563342790844,
        "39": 32.986146209984426,
        "40": 32.22735142609488,
        "41": 32.3637292084191,
        "42": 32.55166568411744,
        "43": 32.71600187856374,
        "44": 32.799844639382094,
        "45": 32.4693575099882,
        "46": 32.503453385681574,
        "47": 32.088528438310355,
        "48": 32.80922980743192,
        "49": 32.93892692253479,
        "50": 33.01501942724263,
        "51": 32.65071400395162,
        "52": 32.27857491329055,
        "53": 32.51257445455348,
        "54": 33.1963388896886,
        "55": 32.93705914251961,
        "56": 32.90991425863599,
        "57": 33.04808948600346,
        "58": 32.90162511491249,
        "59": 33.066740191163035,
        "60": 32.87927849640833,
        "61": 32.77120850129547,
        "62": 32.77972610462139,
        "63": 32.88881836931567,
        "64": 33.26753964612859,
        "65": 33.13301371342011,
        "66": 33.1466450192767,
        "67": 33.05206809912944,
        "68": 32.645755760632824,
        "69": 33.38270157559523,
        "70": 33.28664582446645,
        "71": 33.06274125075929,
        "72": 32.54962533525863,
        "73": 33.14602421946639,
        "74": 33.28101380674854,
        "75": 33.34431351042933,
        "76": 33.04143298362786,
        "77": 33.492336217354826,
        "78": 32.82024017862935,
        "79": 32.892675798231984,
        "80": 33.105206570800846,
        "81": 33.349516493734704,
        "82": 33.394899443370804,
        "83": 33.40634662431446,
        "84": 33.363374160948645,
        "85": 33.15246547930258,
        "86": 33.45714284370851,
        "87": 32.84921259666268,
        "88": 33.57248626183451,
        "89": 33.311317061742415,
        "90": 33.499072159559724,
        "91": 33.27589710346524,
        "92": 33.478929943365756,
        "93": 33.39801880441664,
        "94": 33.8371970809479,
        "95": 33.521822034553,
        "96": 33.030269892548944,
        "97": 33.518275770266236,
        "98": 33.38285779005584,
        "99": 33.34346802460161,
        "100": 33.310249055791616,
        "101": 33.63270469680679,
        "102": 33.67561302654606,
        "103": 34.01350406897106,
        "104": 33.580778991824936,
        "105": 33.602817129619034,
        "106": 33.60315537600046,
        "107": 33.77502253551358,
        "108": 33.514318825348504,
        "109": 33.67114489856421,
        "110": 33.82256005356457,
        "111": 33.86409369828943,
        "112": 33.70792384896602,
        "113": 33.89478944866948,
        "114": 33.76506164591385,
        "115": 33.75892739456439,
        "116": 33.758426725946805,
        "117": 33.55513925336034,
        "118": 33.91304360213223,
        "119": 33.82439230937669,
        "120": 33.748345592307196,
        "121": 33.535789930206,
        "122": 33.70579551447406,
        "123": 33.302161096384054,
        "124": 33.702751640337986,
        "125": 33.58745534716984,
        "126": 33.73014772695379,
        "127": 33.66446380820465,
        "128": 34.00264540282963,
        "129": 33.40685853833929,
        "130": 33.73073723349778,
        "131": 33.4638980162826,
        "132": 33.91257495639077,
        "133": 33.58762792302244,
        "134": 33.73653404482238,
        "135": 33.99897860294828,
        "136": 33.78764456670171,
        "137": 34.021803370898425,
        "138": 34.05601003650419,
        "139": 33.90549272503912,
        "140": 34.06254712911064,
        "141": 34.15142702485332,
        "142": 34.127848412240105,
        "143": 34.201466765563424,
        "144": 33.695001637664355,
        "145": 34.02265741159859,
        "146": 33.98157062995981,
        "147": 33.9076710940474,
        "148": 33.9821891300445,
        "149": 34.12853547049218,
        "150": 33.6831058973827,
        "151": 34.00500165129415,
        "152": 33.802349259267004,
        "153": 34.15796728760223,
        "154": 34.03245650831174,
        "155": 33.95368537092924,
        "156": 33.97851781483635,
        "157": 34.00032406299792,
        "158": 33.9939449773228,
        "159": 34.102778847121506,
        "160": 33.6381722932153,
        "161": 33.87872438107118,
        "162": 33.50833380179857,
        "163": 34.134344364003454,
        "164": 34.1082903234422,
        "165": 34.21023385406175,
        "166": 34.19719735081946,
        "167": 34.26996300276465,
        "168": 33.92122430217349,
        "169": 33.75964020742121,
        "170": 34.10876920245339,
        "171": 33.974906837126575,
        "172": 34.12900665772664,
        "173": 34.34135098070484,
        "174": 34.185120541520924,
        "175": 34.08323465345207,
        "176": 34.214373044174245,
        "177": 33.97290784026994,
        "178": 34.02699116077865,
        "179": 33.97308935377759,
        "180": 34.330311957525325,
        "181": 34.21049334837742,
        "182": 34.227270372807425,
        "183": 34.01131199861906,
        "184": 33.87157723974767,
        "185": 34.254195885201824,
        "186": 34.1960038588524,
        "187": 34.33309462173844,
        "188": 34.335076613545326,
        "189": 34.17085848044056,
        "190": 34.097971369817316,
        "191": 34.285695731332794,
        "192": 34.254408825320965,
        "193": 34.25775323828486,
        "194": 33.96778392414469,
        "195": 34.09611587781599,
        "196": 34.192058818114916,
        "197": 34.345111321516356,
        "198": 34.08975478828201,
        "199": 34.412210070054336,
        "200": 34.365465460053436,
        "201": 34.11936415072229,
        "202": 34.23443000191133,
        "203": 34.03417465299234,
        "204": 34.30093210947884,
        "205": 34.01441849923171,
        "206": 34.28003465130402,
        "207": 34.424211755838044,
        "208": 34.34556160133585,
        "209": 34.37497423104015,
        "210": 34.25047553780004,
        "211": 34.09393979706257,
        "212": 34.24483862959989,
        "213": 34.1712484163506,
        "214": 34.49482531439149,
        "215": 34.269073716839166,
        "216": 34.30504647590814,
        "217": 34.271533090928116,
        "218": 34.2702503192463,
        "219": 34.38984527216103,
        "220": 34.3367374245409,
        "221": 34.336436197167544,
        "222": 34.16159776468576,
        "223": 34.149263495741735,
        "224": 34.30501025168433,
        "225": 34.38830373800861,
        "226": 34.37536191491276,
        "227": 34.456411394695955,
        "228": 34.30620208650791,
        "229": 34.36366966398617,
        "230": 34.33186565882869,
        "231": 34.36051517639482,
        "232": 34.39420505931495,
        "233": 34.2266213149239,
        "234": 34.40827907213587,
        "235": 34.37052915646395,
        "236": 34.337087792690994,