{
    "result": {
        "0": 0,
        "1": 20.678619013592552,
        "2": 21.947526532499595,
        "3": 22.877282618428456,
        "4": 24.030386230745737,
        "5": 24.735237443987845,
        "6": 25.591482083605474,
        "7": 26.10756071232786,
        "8": 27.187486792990466,
        "9": 27.339013238124338,
        "10": 28.355338031932867,
        "11": 28.823553448567036,
        "12": 29.501438381868322,
        "13": 29.920165189453453,
        "14": 29.497829263733465,
        "15": 30.791721085111217,
        "16": 30.983633636971515,
        "17": 30.95296567145787,
        "18": 31.29228624080725,
        "19": 31.422543864254504,
        "20": 30.598027323718814,
        "21": 31.447075576455727,
        "22": 32.212086892054565,
        "23": 30.514176029161554,
        "24": 31.650615567105174,
        "25": 32.525611971616875,
        "26": 31.526157117192643,
        "27": 32.52671875929274,
        "28": 32.33496486790338,
        "29": 32.72744305473336,
        "30": 33.178444731605225,
        "31": 32.295567786965734,
        "32": 33.536440940407054,
        "33": 32.92328344716689,
        "34": 32.76339474365099,
        "35": 33.39166772942444,
        "36": 33.2852999883369,
        "37": 32.60344973044769,
        "38": 32.8836342764445,
        "39": 33.37628851268411,
        "40": 33.712174560426284,
        "41": 33.53158843516539,
        "42": 33.53580027425221,
        "43": 33.116064702632116,
        "44": 33.823356302824,
        "45": 33.97681843404956,
        "46": 33.35489926000894,
        "47": 33.81430902988078,
        "48": 33.9807173222353,
        "49": 34.39855082147151,
        "50": 34.50596231549051,
        "51": 34.06432511079954,
        "52": 34.7591710622687,
        "53": 34.79656977620979,
        "54": 33.976224780059994,
        "55": 34.326071027719735,
        "56": 34.34409319161401,
        "57": 33.63631333481313,
        "58": 34.93156840458997,
        "59": 33.96625347956881,
        "60": 34.764707175582366,
        "61": 34.48196448489286,
        "62": 34.688411136433615,
        "63": 34.17174447261064,
        "64": 35.01312183067711,
        "65": 34.701585606806226,
        "66": 35.02542100824975,
        "67": 34.80647465380539,
        "68": 34.81865140120605,
        "69": 34.94127948976672,
        "70": 35.00128583921409,
        "71": 34.41294021055743,
        "72": 34.770884585964744,
        "73": 35.342579503623384,
        "74": 35.354485823224486,
        "75": 35.29173972477128,
        "76": 34.83056618919941,
        "77": 35.357646463408535,
        "78": 34.925499366231605,
        "79": 34.97155514792572,
        "80": 35.399281202959685,
        "81": 35.06109528457911,
        "82": 35.40253647928951,
        "83": 35.35294629704519,
        "84": 35.36246283177906,
        "85": 35.20654560884366,
        "86": 34.93052309974189,
        "87": 35.29601375687271,
        "88": 35.56835688710042,
        "89": 35.16196793080746,
        "90": 35.46847474179662,
        "91": 35.54370841381319,
        "92": 35.32885230011903,
        "93": 35.53810769906284,
        "94": 35.259238083412235,
        "95": 35.60362107246284,
        "96": 35.50482616379039,
        "97": 35.284848345489195,
        "98": 35.912556303091215,
        "99": 35.717375709378416,
        "100": 35.637035907042105,
        "101": 35.11285252475224,
        "102": 35.55673912772914,
        "103": 35.530962531422794,
        "104": 35.42261077830901,
        "105": 35.777869984758404,
        "106": 35.364770526246524,
        "107": 35.8616371934382,
        "108": 35.88889090755422,
        "109": 35.84160773715402,
        "110": 34.54544497071933,
        "111": 35.536837723016085,
        "112": 35.654118330997306,
        "113": 35.98607459435276,
        "114": 35.06722677575149,
        "115": 36.02601195176683,
        "116": 35.66502326300808,
        "117": 35.82474749410673,
        "118": 36.11731944561448,
        "119": 35.82368966613435,
        "120": 35.55404547808687,
        "121": 35.66966474779262,
        "122": 35.964418414572805,
        "123": 35.81559907612518,
        "124": 35.56502044137206,
        "125": 35.903168148754425,
        "126": 35.95940702788856,
        "127": 35.99812747718747,
        "128": 36.103506436070774,
        "129": 36.17382517797242,
        "130": 35.526174428938376,
        "131": 35.96977506561084,
        "132": 36.12331630380227,
        "133": 35.70720156614929,
        "134": 35.91030373298891,
        "135": 35.98352544552722,
        "136": 35.82728288502899,
        "137": 36.20953752630602,
        "138": 36.008651095008936,
        "139": 36.154672946294404,
        "140": 35.95178407285193,
        "141": 36.17323202845867,
        "142": 36.255254289184755,
        "143": 36.2035050466917,
        "144": 36.18320128241255,
        "145": 36.164678485431665,
        "146": 35.79721809562726,
        "147": 36.150137291814616,
        "148": 36.179460384375936,
        "149": 36.21094717753927,
        "150": 36.371245233676795,
        "151": 35.90167138650476,
        "152": 36.34062642545402,
        "153": 36.254155401600144,
        "154": 36.04706490177452,
        "155": 36.34523118407117,
        "156": 36.10024631305354,
        "157": 36.230681819600626,
        "158": 36.326657164718625,
        "159": 36.299203884238814,
        "160": 36.443472816416914,
        "161": 36.418962511095835,
        "162": 36.42325104308392,
        "163": 36.36045017111289,
        "164": 36.332518469546166,
        "165": 36.47140823449345,
        "166": 36.335176972177216,
        "167": 36.25419383458626,
        "168": 36.52564738455403,
        "169": 36.37365698508785,
        "170": 36.64879843921765,
        "171": 36.62146964739216,
        "172": 36.62174034539603,
        "173": 36.24207436488518,
        "174": 36.55504052035452,
        "175": 36.48647835917393,
        "176": 36.564920985301804,
        "177": 36.524729099190985,
        "178": 36.37681473149186,
        "179": 36.256228638213514,
        "180": 36.37715800367456,
        "181": 36.38370784371452,
        "182": 36.728283442731225,
        "183": 36.48986203044032,
        "184": 36.58038443317935,
        "185": 36.48377026660667,
        "186": 36.65082834124631,
        "187": 36.689303171706655,
        "188": 36.54795177847466,
        "189": 36.54001378348314,
        "190": 36.56267478688964,
        "191": 36.49933571034756,
        "192": 36.6461895211287,
        "193": 36.41362756373224,
        "194": 36.49537176776764,
        "195": 36.601948151613115,
        "196": 36.58540447022345,
        "197": 36.64836287929398,
        "198": 36.712023301772916,
        "199": 36.57324336712039,
        "200": 36.69009042792241,
        "201": 36.7481241279563,
        "202": 36.594813544398434,
        "203": 36.77265412130231,
        "204": 36.54356259794002,
        "205": 36.76685182295136,
        "206": 36.57741362879907,
        "207": 36.77698176767775,
        "208": 36.63716962620273,
        "209": 36.69405866442409,
        "210": 36.74975136270925,
        "211": 36.57632128422176,
        "212": 36.612112461573844,
        "213": 36.70941696488474,
        "214": 36.65210347105679,
        "215": 36.40092548471013,
        "216": 36.846340877543334,
        "217": 36.54191125801362,
        "218": 36.80681397433517,
        "219": 36.8227554160787,
        "220": 36.80653179666082,
        "221": 36.69574516499568,
        "222": 36.77317119078375,
        "223": 36.59880947561064,
        "224": 36.84203617783014,
        "225": 36.57720667761288,
        "226": 36.792915167654044,
        "227": 36.78646353857518,
        "228": 36.64680961726905,
        "229": 36.75618844904903,
        "230": 36.81794205754756,
        "231": 36.877497698487474,
        "232": 36.661510680357566,
        "233": 36.80283078273663,
        "234": 36.75346714093271,
        "235": 36.72594955094998,