{
    "result": {
        "0": 0,
        "1": 25.337680751208207,
        "2": 26.24817384831822,
        "3": 28.192953974206286,
        "4": 27.651102142096068,
        "5": 29.70552113948887,
        "6": 29.89008765516543,
        "7": 29.35500349241265,
        "8": 31.95939984565368,
        "9": 31.564589542906575,
        "10": 32.06819832480399,
        "11": 31.553429964041413,
        "12": 33.294242653321845,
        "13": 31.492811337983692,
        "14": 32.561596979913745,
        "15": 31.962634918268108,
        "16": 34.077498263563236,
        "17": 33.800959192621264,
        "18": 34.416803487048554,
        "19": 33.49713485647803,
        "20": 35.27142498452205,
        "21": 35.46546930826934,
        "22": 34.081643786870195,
        "23": 35.63647022164892,
        "24": 35.17407803899038,
        "25": 36.249469304710274,
        "26": 35.14145082606351,
        "27": 34.6781440441533,
        "28": 35.085189967466626,
        "29": 34.75880471410197,
        "30": 35.234441506119815,
        "31": 35.946479727875456,
        "32": 35.866499640543324,
        "33": 34.87266382102356,
        "34": 36.792922754598585,
        "35": 36.48604091852119,
        "36": 36.24863156600681,
        "37": 35.60769389557859,
        "38": 36.5643589263644,
        "39": 36.87393900435061,
        "40": 37.250598782268625,
        "41": 36.542686438451284,
        "42": 35.68714285914686,
        "43": 37.43942277796283,
        "44": 36.785310147400494,
        "45": 37.52163178631682,
        "46": 37.07952453688174,
        "47": 37.848923253356894,
        "48": 37.64451224219629,
        "49": 37.222910518403,
        "50": 37.65223113352649,
        "51": 37.40309566981895,
        "52": 37.79843193434439,
        "53": 36.384944476390615,
        "54": 37.58195599469802,
        "55": 37.2566433708022,
        "56": 37.036991357286865,
        "57": 36.53508231339344,
        "58": 37.585331096083706,
        "59": 37.84919221484862,
        "60": 38.07907435246731,
        "61": 37.90986063274447,
        "62": 38.04976201576106,
        "63": 37.26334565685484,
        "64": 38.13825373272347,
        "65": 38.408153376290755,
        "66": 37.91101463011327,
        "67": 38.33359176644325,
        "68": 37.801664581512426,
        "69": 38.17662082078571,
        "70": 37.472582830766946,
        "71": 38.51120157304045,
        "72": 37.78363542888434,
        "73": 38.12724142784279,
        "74": 37.90975513109496,
        "75": 38.11877202707901,
        "76": 37.853443583620646,
        "77": 38.56983866172901,
        "78": 38.5085629688707,
        "79": 37.53040558333304,
        "80": 37.79848120747112,
        "81": 37.6252114319125,
        "82": 38.8331331563402,
        "83": 38.6473134069431,
        "84": 38.53929665261663,
        "85": 38.617520519840966,
        "86": 38.722828476850076,
        "87": 38.58052620879383,
        "88": 38.75946376867533,
        "89": 37.98140055645168,
        "90": 38.6243957973231,
        "91": 39.01234547286195,
        "92": 38.35125240135325,
        "93": 38.2051085124158,
        "94": 37.8059546903568,
        "95": 38.55033651137576,
        "96": 39.05811376557798,
        "97": 38.229128770504644,
        "98": 38.75731374444921,
        "99": 39.19367951222727,
        "100": 38.9231295722298,
        "101": 38.96406555132195,
        "102": 38.113358819462476,
        "103": 38.72631712565168,
        "104": 38.67862270848362,
        "105": 38.91083416520402,
        "106": 39.14629733471355,
        "107": 39.04512249965324,
        "108": 37.98518934217199,
        "109": 39.20881337899166,
        "110": 39.01021992094468,
        "111": 38.090285074553194,
        "112": 38.97135365187906,
        "113": 39.050874222296564,
        "114": 38.895003190289415,
        "115": 39.28669922203946,
        "116": 39.12636358855657,
        "117": 38.88307773123358,
        "118": 39.43758922172387,
        "119": 39.163185401630564,
        "120": 39.2743442677899,
        "121": 39.12925776337493,
        "122": 38.889780649337645,
        "123": 38.76881052441103,
        "124": 38.354858824664014,
        "125": 39.12437218535926,
        "126": 38.985905339888554,
        "127": 39.045829642110206,
        "128": 39.37327719544398,
        "129": 39.34131525581805,
        "130": 39.06010170533802,
        "131": 39.382282578506,
        "132": 38.7318082820365,
        "133": 38.77689998768652,
        "134": 39.349286129601666,
        "135": 39.38796023991582,
        "136": 39.47380767875407,
        "137": 39.52228907827586,
        "138": 39.50676415090522,
        "139": 39.13678408180622,
        "140": 39.59298646579637,
        "141": 39.251759750594225,
        "142": 39.379521838577666,
        "143": 39.582048880037874,
        "144": 39.23427528458191,
        "145": 39.22519606759908,
        "146": 39.56121118205907,
        "147": 39.66958380928855,
        "148": 39.556978168048516,
        "149": 39.491032373127766,
        "150": 39.048870338513254,
        "151": 39.31608053074876,
        "152": 39.178992998221695,
        "153": 39.33672851532713,
        "154": 39.447283397818424,
        "155": 39.42010495094259,
        "156": 39.701605607919525,
        "157": 39.54256812109996,
        "158": 39.46889553212362,
        "159": 39.61846612234455,
        "160": 39.55543574394479,
        "161": 39.589832092888486,
        "162": 39.498845247320865,
        "163": 39.65415856693569,
        "164": 39.786324714496615,
        "165": 39.6710430148205,
        "166": 39.69542858699009,
        "167": 39.61705063334634,
        "168": 39.65394147931332,
        "169": 39.85765319778759,
        "170": 39.69187988144907,
        "171": 39.62828577489784,
        "172": 39.80388059604954,
        "173": 39.615443511397295,
        "174": 39.7702970389028,
        "175": 39.244455858265496,
        "176": 39.75612020253344,
        "177": 39.65088063116974,
        "178": 39.85863677975885,
        "179": 39.9385371908045,
        "180": 39.5692691388127,
        "181": 39.72938099623016,
        "182": 39.80241818438287,
        "183": 39.420384415230345,
        "184": 39.858881964424214,
        "185": 39.77884296577994,
        "186": 39.8207130206932,
        "187": 39.871604317720575,
        "188": 39.9551438298409,
        "189": 39.87708835803557,
        "190": 39.77453649200638,
        "191": 39.70045598927024,
        "192": 39.70396779992993,
        "193": 39.895863857607154,
        "194": 39.82978056045144,
        "195": 39.84125930590881,
        "196": 39.59636538935273,
        "197": 39.93965818721348,
        "198": 39.747123051569446,
        "199": 39.64476432346731,
        "200": 39.85167225526054,
        "201": 39.88979557637879,
        "202": 39.99170304692737,
        "203": 39.8950432532732,
        "204": 39.90230085921366,
        "205": 40.09698429260729,
        "206": 40.018553736485515,
        "207": 40.01145675366418,
        "208": 40.048480537383924,
        "209": 40.02479236301114,
        "210": 39.91240423567633,
        "211": 40.004466402437075,
        "212": 40.01854065654782,
        "213": 39.92812459821813,
        "214": 39.99096762057653,
        "215": 39.928258562783334,
        "216": 39.95608466817022,
        "217": 39.897250904496325,
        "218": 39.99012759129542,
        "219": 40.0697655645329,
        "220": 40.019614306405714,
        "221": 39.99592411758746,
        "222": 40.05506063102632,
        "223": 39.857164953130024,
        "224": 40.098183299526355,
        "225": 39.97959266549968,
        "226": 40.15755306407326,
        "227": 40.09530979117226,
        "228": 40.15824236075421,
        "229": 39.82060186381771,
        "230": 40.093082513760805,
        "231": 40.189090213254666,
        "232": 40.04774482991639,
        "233": 40.11017365799782,
        "234": 40.03155731083078,
        "235": 39.98487474319677,
        "236": 40.035373480403464,