{
    "result": {
        "0": 0,
        "1": 26.59312954219284,
        "2": 27.760946361975456,
        "3": 28.326390043431584,
        "4": 29.38739993750788,
        "5": 30.178666169453525,
        "6": 30.582015994963083,
        "7": 31.19683537871134,
        "8": 31.316335084746598,
        "9": 32.03831585977943,
        "10": 32.640972330064265,
        "11": 33.04163736502955,
        "12": 32.87719044633402,
        "13": 33.67074216483084,
        "14": 33.53324347559524,
        "15": 34.136569033408755,
        "16": 33.83255500572242,
        "17": 34.52325998547843,
        "18": 34.49594597620447,
        "19": 34.88475881931796,
        "20": 35.12655663770263,
        "21": 34.52581477812983,
        "22": 35.015156869329346,
        "23": 34.63351434672816,
        "24": 34.88680624121173,
        "25": 35.07182816625019,
        "26": 35.422168075432374,
        "27": 36.090504228860745,
        "28": 35.61522551102284,
        "29": 35.948236105180975,
        "30": 35.31725958327938,
        "31": 35.753313925385086,
        "32": 36.332960976777485,
        "33": 35.96842565368457,
        "34": 36.21502753371422,
        "35": 36.198037480390646,
        "36": 36.18415215306809,
        "37": 35.48299778307768,
        "38": 36.62442747164628,
        "39": 36.512621992138975,
        "40": 36.64710130363247,
        "41": 36.394490662372654,
        "42": 36.8561371112878,
        "43": 36.509719940859945,
        "44": 36.57087407160608,
        "45": 36.72297795960277,
        "46": 37.094586199516165,
        "47": 36.920919088946434,
        "48": 37.02839385120173,
        "49": 36.71416738721808,
        "50": 36.85538365767916,
        "51": 36.90691054100742,
        "52": 37.06730616773513,
        "53": 37.037732982587244,
        "54": 37.20895788319923,
        "55": 37.04124626545974,
        "56": 37.013660923622325,
        "57": 37.06412352715939,
        "58": 36.70997634628194,
        "59": 37.45903217658374,
        "60": 37.269465543230496,
        "61": 37.34751137372002,
        "62": 37.237726328512636,
        "63": 37.54536492903161,
        "64": 37.46728906091276,
        "65": 37.209180292778164,
        "66": 37.18862074773898,
        "67": 37.405317771348656,
        "68": 37.55125528966283,
        "69": 37.651180331518084,
        "70": 37.45298903743247,
        "71": 37.5486712237236,
        "72": 37.53750674754635,
        "73": 37.761914290139444,
        "74": 37.74701796996424,
        "75": 37.784375621893766,
        "76": 37.74373667812892,
        "77": 37.693542955585656,
        "78": 36.88608235592094,
        "79": 37.63935599055693,
        "80": 37.56472532726744,
        "81": 37.64314976615864,
        "82": 37.75518904160146,
        "83": 37.83371112284177,
        "84": 37.93574165341737,
        "85": 37.98667149929073,
        "86": 37.709663300787014,
        "87": 37.91810289138074,
        "88": 37.70761355410317,
        "89": 37.803230278264415,
        "90": 37.82836739515646,
        "91": 37.97845186031144,
        "92": 38.06343921924252,
        "93": 38.044690913854,
        "94": 37.99114839003776,
        "95": 37.61934309843246,
        "96": 37.99486994142608,
        "97": 38.09862669296173,
        "98": 38.1051902499548,
        "99": 38.08680743506687,
        "100": 38.15076806388696,
        "101": 38.185005385406015,
        "102": 38.058617811861495,
        "103": 38.0960090637525,
        "104": 38.20347481602381,
        "105": 38.23072108379708,
        "106": 38.25670753587461,
        "107": 38.17411006943638,
        "108": 38.28898227835533,
        "109": 38.22679989160783,
        "110": 38.28543978717787,
        "111": 38.27330478404433,
        "112": 38.1678917342628,
        "113": 38.19265055419662,
        "114": 38.21731409854132,
        "115": 38.279762694456416,
        "116": 38.406804391398026,
        "117": 38.053481707811756,
        "118": 38.24305641796746,
        "119": 38.34519704408302,
        "120": 38.3176719646467,
        "121": 38.424557238752165,
        "122": 38.29992263037277,
        "123": 38.228904282309585,
        "124": 37.93715466795985,
        "125": 38.43681176246709,
        "126": 38.44709676047071,
        "127": 38.45598637274943,
        "128": 38.438485025916165,
        "129": 38.432178980101895,
        "130": 38.40378187302334,
        "131": 38.352553486261996,
        "132": 38.218250407833345,
        "133": 38.421029927185174,
        "134": 38.148382227226165,
        "135": 38.48093473891433,
        "136": 38.48355619104506,
        "137": 38.394750959552596,
        "138": 38.58545241148811,
        "139": 38.59994574540129,
        "140": 38.55902700953903,
        "141": 38.57497590417802,
        "142": 38.482482484859474,
        "143": 38.45825267046851,
        "144": 38.5234983909973,
        "145": 38.51332297047958,
        "146": 38.54545569843201,
        "147": 38.60842359208303,
        "148": 38.588066205543086,
        "149": 38.651829354675165,
        "150": 38.570703947670616,
        "151": 38.621987468848516,
        "152": 38.34507456252535,
        "153": 38.69931009470885,
        "154": 38.643637354695436,
        "155": 38.63601475123034,
        "156": 38.57064712014205,
        "157": 38.68764038790057,
        "158": 38.6991252919754,
        "159": 38.67357173475729,
        "160": 38.67453829761629,
        "161": 38.70769337707075,
        "162": 38.672564982649675,
        "163": 38.686568776149116,
        "164": 38.71095686770089,
        "165": 38.696952654636306,
        "166": 38.73732009636456,
        "167": 38.50778483790239,
        "168": 38.7603356777216,
        "169": 38.735578072196205,
        "170": 38.69966625712119,
        "171": 38.76588733359979,
        "172": 38.702311619016,
        "173": 38.721876231600184,
        "174": 38.781325135084664,
        "175": 38.81294281502378,
        "176": 38.74193217583895,
        "177": 38.753314879410055,
        "178": 38.783332362338555,
        "179": 38.7338726371009,
        "180": 38.770136998963295,
        "181": 38.75796214351501,
        "182": 38.88163010422114,
        "183": 38.83606907239484,
        "184": 38.86978257181368,
        "185": 38.84686479789328,
        "186": 38.86662323988644,
        "187": 38.86852944362255,
        "188": 38.88554187222452,
        "189": 38.836946155931216,
        "190": 38.87259587825642,
        "191": 38.731986298144825,
        "192": 38.76636413941671,
        "193": 38.85914064016604,
        "194": 38.82782103365369,
        "195": 38.95781696618735,
        "196": 38.76303245328068,
        "197": 38.912704021255436,
        "198": 38.87089340100124,
        "199": 38.94019967146258,
        "200": 38.9552821536355,
        "201": 38.94552801189968,
        "202": 38.95959868218833,
        "203": 38.867186043466944,
        "204": 38.88351958679099,
        "205": 38.95863371474857,
        "206": 38.91967056303589,
        "207": 38.97312912381293,
        "208": 38.94330625253776,
        "209": 38.98640382915697,
        "210": 38.923706136141845,
        "211": 39.018165356572496,
        "212": 38.935571141153375,
        "213": 38.94156621005654,
        "214": 38.93389611993583,
        "215": 38.997945630516185,
        "216": 38.95262857188687,
        "217": 39.021486547959135,
        "218": 38.972673658151436,
        "219": 39.00352973485098,
        "220": 38.992992407547824,
        "221": 39.04081192127922,
        "222": 38.96430184392492,
        "223": 38.99783456582929,
        "224": 39.042004066604754,
        "225": 39.032853826144546,
        "226": 39.0084939896266,
        "227": 39.028836159782074,
        "228": 39.03019463469538,
        "229": 39.06526476953011,
        "230": 39.043337707927584,
        "231": 39.06755300428793,
        "232": 39.01599120919155,
        "233": 39.09054405926978,
        "234": 39.007179496833636,
        "235": 38.91700669198705,