{
    "result": {
        "0": 24.849236973048896,
        "1": 25.873211783097663,
        "2": 26.435646402500435
    },
    "path": "240719_wire_lf_debug2_gem",
    "depth": 4,
    "width": 256,
    "dataset_name": "gem"
}