{
    "result": {
        "0": 0,
        "1": 23.204291250524584,
        "2": 25.08563563126006,
        "3": 26.488594628200115,
        "4": 28.133864271996785,
        "5": 28.853425737354858
    },
    "path": "240802_debug_knights",
    "depth": 8,
    "width": 256,
    "dataset_name": "knights",
    "model_info": "wire",
    "lr": 0.001
}