{
    "result": {
        "0": 26.187409326146355,
        "1": 28.367289677604266,
        "2": 29.951358203825276,
        "3": 31.613857182638608,
        "4": 32.59097704425955
    },
    "path": "240719_new_wire_d8w256_test_gem",
    "depth": 8,
    "width": 256,
    "dataset_name": "gem",
    "model_info": "wire"
}