{
    "result": {
        "0": 28.92761855506079,
        "1": 32.00533386817771,
        "2": 35.128482397154954,
        "3": 36.79538091029131,
        "4": 37.57529687031897
    },
    "path": "240719_new_wire_d8w256_test_bunny",
    "depth": 8,
    "width": 256,
    "dataset_name": "bunny",
    "model_info": "wire"
}