{
    "path": "240904_all_decom_tuning_relu_d0_w3_cd2_cd512_R1_8192_decom_dim_uv_lr0.001sample_type__knights",
    "depth": 0,
    "width": 3,
    "coord_depth": 2,
    "coord_width": 512,
    "dataset_name": "knights",
    "model_info": "relu",
    "lr": 0.001,
    "batch_size": 8192,
    "omega": 5,
    "sigma": 5,
    "decom_dim": "uv",
    "R": 1,
    "result": {
        "0": 0,
        "1": 13.576936638718076,
        "2": 13.693454607209132,
        "3": 13.613223784557665,
        "4": 13.754596507535268,
        "5": 13.892432987323167,
        "6": 13.917673666828541,
        "7": 14.060941552205795,
        "8": 14.016197743534244,
        "9": 14.086849503588525,
        "10": 14.055811442881367
    },
    "result_time": {
        "1": {
            "forward": 0.6000021839946321,
            "backward": 0.8129347302277381,
            "per_epoch_whole": 51564.62109375
        },
        "2": {
            "forward": 0.4418276328445305,
            "backward": 0.7887502047184961,
            "per_epoch_whole": 49802.1953125
        },
        "3": {
            "forward": 0.433946508590369,
            "backward": 0.7991363360871963,
            "per_epoch_whole": 48590.50390625
        },
        "4": {
            "forward": 0.4302682761267306,
            "backward": 0.8074437094252879,
            "per_epoch_whole": 48678.96484375
        },
        "5": {
            "forward": 0.4369384428682878,
            "backward": 0.7920271319217927,
            "per_epoch_whole": 49835.04296875
        },
        "6": {
            "forward": 0.4286035636591427,
            "backward": 0.8090500835019904,
            "per_epoch_whole": 49907.171875
        },
        "7": {
            "forward": 0.43195268162284994,
            "backward": 0.8005880246963679,
            "per_epoch_whole": 49950.1953125
        },
        "8": {
            "forward": 0.4129291592636385,
            "backward": 0.8472424538541823,
            "per_epoch_whole": 44832.42578125
        },
        "9": {
            "forward": 0.4317108269033294,
            "backward": 0.7946508589513256,
            "per_epoch_whole": 49872.26953125
        },
        "10": {
            "forward": 0.4437741105344919,
            "backward": 0.793750699409719,
            "per_epoch_whole": 49906.19140625
        }
    }
}