{
    "path": "240904_all_decom_tuning_relu_d0_w3_cd4_cd1024_R1_262144_decom_dim_uv_lr0.0001sample_type__knights",
    "depth": 0,
    "width": 3,
    "coord_depth": 4,
    "coord_width": 1024,
    "dataset_name": "knights",
    "model_info": "relu",
    "lr": 0.0001,
    "batch_size": 262144,
    "omega": 5,
    "sigma": 5,
    "decom_dim": "uv",
    "R": 1,
    "result": {
        "0": 0,
        "1": 13.340582576553256,
        "2": 13.36820268004428,
        "3": 13.373112462406857,
        "4": 13.368656086734205,
        "5": 13.555299397212451,
        "6": 13.674573882932929,
        "7": 13.744146312076447,
        "8": 13.814390162810874,
        "9": 13.851488352592607,
        "10": 13.876520843865526
    },
    "result_time": {
        "1": {
            "forward": 15.878476164332731,
            "backward": 46.67858227396507,
            "per_epoch_whole": 19351.962890625
        },
        "2": {
            "forward": 9.964635792900536,
            "backward": 46.36543679154868,
            "per_epoch_whole": 17540.75390625
        },
        "3": {
            "forward": 9.783154058621417,
            "backward": 46.17448223998392,
            "per_epoch_whole": 17446.935546875
        },
        "4": {
            "forward": 9.875691172985888,
            "backward": 46.265438033635235,
            "per_epoch_whole": 17491.701171875
        },
        "5": {
            "forward": 8.985301709092614,
            "backward": 40.166187068582836,
            "per_epoch_whole": 15171.5546875
        },
        "6": {
            "forward": 10.032928653241859,
            "backward": 46.8402460817647,
            "per_epoch_whole": 17696.166015625
        },
        "7": {
            "forward": 9.802230267376224,
            "backward": 46.4705656111034,
            "per_epoch_whole": 17531.619140625
        },
        "8": {
            "forward": 9.694569450761218,
            "backward": 46.307141181919384,
            "per_epoch_whole": 17453.916015625
        },
        "9": {
            "forward": 9.991982509520644,
            "backward": 46.93556415993451,
            "per_epoch_whole": 17712.62890625
        },
        "10": {
            "forward": 9.849408087020926,
            "backward": 45.958462652450656,
            "per_epoch_whole": 17395.619140625
        }
    }
}