{
    "path": "240904_all_decom_tuning_relu_d0_w3_cd2_cd256_R1_8192_decom_dim_uv_lr0.005sample_type__knights",
    "depth": 0,
    "width": 3,
    "coord_depth": 2,
    "coord_width": 256,
    "dataset_name": "knights",
    "model_info": "relu",
    "lr": 0.005,
    "batch_size": 8192,
    "omega": 5,
    "sigma": 5,
    "decom_dim": "uv",
    "R": 1,
    "result_time": {
        "1": {
            "forward": 0.48473984871629,
            "backward": 0.7271676972302208,
            "per_epoch_whole": 49973.1953125
        },
        "2": {
            "forward": 0.30496679993255427,
            "backward": 0.8010506594592365,
            "per_epoch_whole": 44490.1328125
        },
        "3": {
            "forward": 0.30841121127567245,
            "backward": 0.73599473569723,
            "per_epoch_whole": 48425.0625
        },
        "4": {
            "forward": 0.29152601102614367,
            "backward": 0.7398561823591085,
            "per_epoch_whole": 48427.078125
        },
        "5": {
            "forward": 0.3146775607019581,
            "backward": 0.7257472825265684,
            "per_epoch_whole": 48350.94140625
        },
        "6": {
            "forward": 0.30107238764187616,
            "backward": 0.7979645134790807,
            "per_epoch_whole": 44229.359375
        },
        "7": {
            "forward": 0.3012384286949464,
            "backward": 0.7373407456708018,
            "per_epoch_whole": 48396.94921875
        },
        "8": {
            "forward": 0.2996306855700315,
            "backward": 0.7295701890172015,
            "per_epoch_whole": 48337.52734375
        },
        "9": {
            "forward": 0.29462251960698826,
            "backward": 0.7314943164735325,
            "per_epoch_whole": 48396.859375
        },
        "10": {
            "forward": 0.32328647093453683,
            "backward": 0.7714687874508455,
            "per_epoch_whole": 44109.40234375
        }
    },
    "result": {
        "0": 0,
        "1": 13.07170311518245,
        "2": 13.228437417281198,
        "3": 13.250536755721221,
        "4": 13.680314374342457,
        "5": 13.746465222020639,
        "6": 13.724041774359964,
        "7": 13.80333919464423,
        "8": 13.823420382453444,
        "9": 13.777200891950185,
        "10": 13.786166822208619
    }
}