{
    "path": "240904_all_decom_tuning_relu_d0_w3_cd4_cd1024_R1_8192_decom_dim_uv_lr0.0005sample_type__knights",
    "depth": 0,
    "width": 3,
    "coord_depth": 4,
    "coord_width": 1024,
    "dataset_name": "knights",
    "model_info": "relu",
    "lr": 0.0005,
    "batch_size": 8192,
    "omega": 5,
    "sigma": 5,
    "decom_dim": "uv",
    "R": 1,
    "result": {
        "0": 0,
        "1": 13.358008151387574,
        "2": 13.462041229321395,
        "3": 13.63294450810103,
        "4": 13.614641111763092,
        "5": 13.621888496815247,
        "6": 13.662021029473769,
        "7": 13.668336470522917,
        "8": 13.662067627198546,
        "9": 13.771694229739074,
        "10": 13.791022112962303
    },
    "result_time": {
        "1": {
            "forward": 0.740513284303967,
            "backward": 1.461783197357171,
            "per_epoch_whole": 58958.67578125
        },
        "2": {
            "forward": 0.5484729351501588,
            "backward": 1.4752111038044844,
            "per_epoch_whole": 53514.8359375
        },
        "3": {
            "forward": 0.5461230282848948,
            "backward": 1.4673552483732752,
            "per_epoch_whole": 57253.484375
        },
        "4": {
            "forward": 0.5494093367746118,
            "backward": 1.4680111308591794,
            "per_epoch_whole": 57353.203125
        },
        "5": {
            "forward": 0.5503228487862556,
            "backward": 1.4610442657500604,
            "per_epoch_whole": 57280.57421875
        },
        "6": {
            "forward": 0.5480641253730797,
            "backward": 1.4833267638169692,
            "per_epoch_whole": 53588.65234375
        },
        "7": {
            "forward": 0.5501172330720249,
            "backward": 1.4636193033449518,
            "per_epoch_whole": 57341.98046875
        },
        "8": {
            "forward": 0.5587725371547717,
            "backward": 1.4641659265725622,
            "per_epoch_whole": 57288.31640625
        },
        "9": {
            "forward": 0.5525100634829662,
            "backward": 1.4632382829605872,
            "per_epoch_whole": 57320.86328125
        },
        "10": {
            "forward": 0.5411201049009771,
            "backward": 1.4750839683862096,
            "per_epoch_whole": 53428.890625
        }
    }
}