{
    "path": "240904_all_decom_tuning_relu_d0_w3_cd2_cd256_R1_262144_decom_dim_uv_lr0.001sample_type__knights",
    "depth": 0,
    "width": 3,
    "coord_depth": 2,
    "coord_width": 256,
    "dataset_name": "knights",
    "model_info": "relu",
    "lr": 0.001,
    "batch_size": 262144,
    "omega": 5,
    "sigma": 5,
    "decom_dim": "uv",
    "R": 1,
    "result": {
        "0": 0,
        "1": 13.326048839183988,
        "2": 13.334801881099875,
        "3": 13.357198560873677,
        "4": 13.375410636381126,
        "5": 13.385954933235489,
        "6": 13.379246351820367,
        "7": 13.423628010798133,
        "8": 13.433471925522532,
        "9": 13.437803729832309,
        "10": 13.439709018128807
    },
    "result_time": {
        "1": {
            "forward": 7.518986548931955,
            "backward": 10.613551836112787,
            "per_epoch_whole": 6461.77587890625
        },
        "2": {
            "forward": 1.868382563640501,
            "backward": 10.520202522871815,
            "per_epoch_whole": 4795.3671875
        },
        "3": {
            "forward": 1.900281132298768,
            "backward": 10.562305432289943,
            "per_epoch_whole": 4809.736328125
        },
        "4": {
            "forward": 1.9206486395898583,
            "backward": 10.60785385481626,
            "per_epoch_whole": 4819.97705078125
        },
        "5": {
            "forward": 1.8815323452636021,
            "backward": 10.594296828273256,
            "per_epoch_whole": 4814.57568359375
        },
        "6": {
            "forward": 1.8602599821288701,
            "backward": 10.566478859594529,
            "per_epoch_whole": 4807.8271484375
        },
        "7": {
            "forward": 1.8913132773138661,
            "backward": 10.568404149844161,
            "per_epoch_whole": 4826.02783203125
        },
        "8": {
            "forward": 1.9084179904634146,
            "backward": 10.680224119998174,
            "per_epoch_whole": 4843.47998046875
        },
        "9": {
            "forward": 1.9145008707129032,
            "backward": 10.485722327314862,
            "per_epoch_whole": 4811.7353515625
        },
        "10": {
            "forward": 1.846431115094353,
            "backward": 10.624179468022907,
            "per_epoch_whole": 4825.34228515625
        }
    }
}