{
    "path": "240904_all_decom_tuning_relu_d0_w3_cd2_cd512_R1_65536_decom_dim_uv_lr0.001sample_type__knights",
    "depth": 0,
    "width": 3,
    "coord_depth": 2,
    "coord_width": 512,
    "dataset_name": "knights",
    "model_info": "relu",
    "lr": 0.001,
    "batch_size": 65536,
    "omega": 5,
    "sigma": 5,
    "decom_dim": "uv",
    "R": 1,
    "result": {
        "0": 0,
        "1": 13.254501192668227,
        "2": 13.459826989476731,
        "3": 13.526641105139689,
        "4": 13.783949855207656,
        "5": 14.115638645496134,
        "6": 14.308106991511286,
        "7": 14.33904348540984,
        "8": 14.381999861875641,
        "9": 14.514745419075176,
        "10": 14.58516373936819
    },
    "result_time": {
        "1": {
            "forward": 2.4416920111150504,
            "backward": 5.568410297991074,
            "per_epoch_whole": 13962.724609375
        },
        "2": {
            "forward": 0.983187155069779,
            "backward": 5.492420125378865,
            "per_epoch_whole": 12229.7021484375
        },
        "3": {
            "forward": 1.0173598609890502,
            "backward": 5.573940538617553,
            "per_epoch_whole": 12327.6123046875
        },
        "4": {
            "forward": 1.0272039031178073,
            "backward": 5.5839921368034675,
            "per_epoch_whole": 12343.3203125
        },
        "5": {
            "forward": 1.0064881672393078,
            "backward": 5.5496477210397925,
            "per_epoch_whole": 12302.9052734375
        },
        "6": {
            "forward": 1.0580822985786897,
            "backward": 5.596997337564038,
            "per_epoch_whole": 12354.326171875
        },
        "7": {
            "forward": 1.021709010314365,
            "backward": 4.764110111447768,
            "per_epoch_whole": 9803.966796875
        },
        "8": {
            "forward": 0.9865211914567392,
            "backward": 5.534845120972819,
            "per_epoch_whole": 12286.7041015625
        },
        "9": {
            "forward": 0.9666088575104121,
            "backward": 5.484494384391078,
            "per_epoch_whole": 12218.5703125
        },
        "10": {
            "forward": 1.0095591681226324,
            "backward": 5.548844263215375,
            "per_epoch_whole": 12304.927734375
        }
    }
}