{
    "path": "240904_all_decom_tuning_relu_d0_w3_cd4_cd512_R1_262144_decom_dim_uv_lr0.005sample_type__knights",
    "depth": 0,
    "width": 3,
    "coord_depth": 4,
    "coord_width": 512,
    "dataset_name": "knights",
    "model_info": "relu",
    "lr": 0.005,
    "batch_size": 262144,
    "omega": 5,
    "sigma": 5,
    "decom_dim": "uv",
    "R": 1,
    "result": {
        "0": 0,
        "1": 11.279258556567312,
        "2": 12.044841505693059,
        "3": 12.181473592065691,
        "4": 12.159562450924263,
        "5": 12.012435955509085,
        "6": 12.099062200075688,
        "7": 12.116359930112418,
        "8": 12.188202846374754,
        "9": 12.179677948805027,
        "10": 12.188870896024362
    },
    "result_time": {
        "1": {
            "forward": 11.12152700193201,
            "backward": 22.379155657283174,
            "per_epoch_whole": 10909.2958984375
        },
        "2": {
            "forward": 5.388999966189113,
            "backward": 22.290211819447453,
            "per_epoch_whole": 9227.595703125
        },
        "3": {
            "forward": 5.348118364604701,
            "backward": 22.213433932268085,
            "per_epoch_whole": 9194.125
        },
        "4": {
            "forward": 5.400930882325221,
            "backward": 22.459832742552447,
            "per_epoch_whole": 9285.27734375
        },
        "5": {
            "forward": 5.398827063583587,
            "backward": 22.52606773376464,
            "per_epoch_whole": 9295.1474609375
        },
        "6": {
            "forward": 5.363820516526907,
            "backward": 22.307118749123536,
            "per_epoch_whole": 9227.96484375
        },
        "7": {
            "forward": 5.3994303145623155,
            "backward": 22.20101326147165,
            "per_epoch_whole": 9196.5537109375
        },
        "8": {
            "forward": 4.4554806943583225,
            "backward": 17.596856876228095,
            "per_epoch_whole": 7124.25439453125
        },
        "9": {
            "forward": 5.378010351352624,
            "backward": 22.366263571082506,
            "per_epoch_whole": 9254.40625
        },
        "10": {
            "forward": 5.337726118655349,
            "backward": 22.21318933625536,
            "per_epoch_whole": 9193.099609375
        }
    }
}