{
    "path": "240904_all_decom_tuning_relu_d0_w3_cd2_cd512_R1_65536_decom_dim_uv_lr0.005sample_type__knights",
    "depth": 0,
    "width": 3,
    "coord_depth": 2,
    "coord_width": 512,
    "dataset_name": "knights",
    "model_info": "relu",
    "lr": 0.005,
    "batch_size": 65536,
    "omega": 5,
    "sigma": 5,
    "decom_dim": "uv",
    "R": 1,
    "result": {
        "0": 0,
        "1": 13.11458455966008,
        "2": 13.187085956009323,
        "3": 13.171382264102137,
        "4": 13.17783042578304,
        "5": 13.219115927285467,
        "6": 13.220806674676462,
        "7": 13.186751825739226,
        "8": 13.21075553844815,
        "9": 13.243794187931982,
        "10": 13.233631070247338
    },
    "result_time": {
        "1": {
            "forward": 2.5074017381482507,
            "backward": 5.605198928847854,
            "per_epoch_whole": 14045.154296875
        },
        "2": {
            "forward": 1.077878866073994,
            "backward": 5.606181311153619,
            "per_epoch_whole": 12376.392578125
        },
        "3": {
            "forward": 1.039287087001602,
            "backward": 5.579194377037895,
            "per_epoch_whole": 12344.958984375
        },
        "4": {
            "forward": 1.028677675653908,
            "backward": 5.560013042601734,
            "per_epoch_whole": 12316.47265625
        },
        "5": {
            "forward": 1.0327537165999825,
            "backward": 5.561398151217852,
            "per_epoch_whole": 12323.0283203125
        },
        "6": {
            "forward": 1.0393433101655702,
            "backward": 5.566571477375224,
            "per_epoch_whole": 12325.8984375
        },
        "7": {
            "forward": 1.0422567208539237,
            "backward": 5.593832608737748,
            "per_epoch_whole": 12352.8662109375
        },
        "8": {
            "forward": 1.0378506019659928,
            "backward": 5.595606531857622,
            "per_epoch_whole": 12344.9453125
        },
        "9": {
            "forward": 1.0292195718490535,
            "backward": 5.604738632494188,
            "per_epoch_whole": 12358.986328125
        },
        "10": {
            "forward": 1.0333639309068028,
            "backward": 5.544328156020816,
            "per_epoch_whole": 12295.234375
        }
    }
}