{
    "path": "240904_all_decom_tuning_relu_d0_w3_cd4_cd256_R1_262144_decom_dim_uv_lr0.0001sample_type__knights",
    "depth": 0,
    "width": 3,
    "coord_depth": 4,
    "coord_width": 256,
    "dataset_name": "knights",
    "model_info": "relu",
    "lr": 0.0001,
    "batch_size": 262144,
    "omega": 5,
    "sigma": 5,
    "decom_dim": "uv",
    "R": 1,
    "result": {
        "0": 0,
        "1": 13.231568802235953,
        "2": 13.289070233913094,
        "3": 13.306746885968563,
        "4": 13.32798689103193,
        "5": 13.394238395915519,
        "6": 13.457805540724566,
        "7": 13.47887610552289,
        "8": 13.496362771098742,
        "9": 13.505062710049975,
        "10": 13.517047870748945
    },
    "result_time": {
        "1": {
            "forward": 7.607479955085844,
            "backward": 10.641819821922004,
            "per_epoch_whole": 6474.82080078125
        },
        "2": {
            "forward": 1.9079953485706689,
            "backward": 10.555136208715734,
            "per_epoch_whole": 4803.84814453125
        },
        "3": {
            "forward": 1.87175363446602,
            "backward": 10.495727284969346,
            "per_epoch_whole": 4786.861328125
        },
        "4": {
            "forward": 1.9135743127974676,
            "backward": 10.586217961096848,
            "per_epoch_whole": 4811.8896484375
        },
        "5": {
            "forward": 1.8641388459601618,
            "backward": 10.69778281512145,
            "per_epoch_whole": 4835.9658203125
        },
        "6": {
            "forward": 1.9220406879190763,
            "backward": 10.592774978558488,
            "per_epoch_whole": 4834.34716796875
        },
        "7": {
            "forward": 1.9193597759755001,
            "backward": 10.600784065814162,
            "per_epoch_whole": 4824.318359375
        },
        "8": {
            "forward": 1.9326603750869065,
            "backward": 10.595963458288912,
            "per_epoch_whole": 4819.17724609375
        },
        "9": {
            "forward": 1.908313351931455,
            "backward": 10.64627143173481,
            "per_epoch_whole": 4826.8203125
        },
        "10": {
            "forward": 1.857909923606265,
            "backward": 10.628409882317772,
            "per_epoch_whole": 4819.96728515625
        }
    }
}