{
    "path": "240904_all_decom_tuning_relu_d0_w3_cd4_cd1024_R1_262144_decom_dim_uv_lr0.0005sample_type__knights",
    "depth": 0,
    "width": 3,
    "coord_depth": 4,
    "coord_width": 1024,
    "dataset_name": "knights",
    "model_info": "relu",
    "lr": 0.0005,
    "batch_size": 262144,
    "omega": 5,
    "sigma": 5,
    "decom_dim": "uv",
    "R": 1,
    "result": {
        "0": 0,
        "1": 13.37162434877235,
        "2": 13.608237268260645,
        "3": 13.809985629539149,
        "4": 14.024989994124295,
        "5": 14.222937323936454,
        "6": 14.174319277180079,
        "7": 14.261070165278413,
        "8": 14.392979987445166,
        "9": 14.4259331750498,
        "10": 14.39499002443644
    },
    "result_time": {
        "1": {
            "forward": 16.728404342096987,
            "backward": 46.73651623313402,
            "per_epoch_whole": 19597.1015625
        },
        "2": {
            "forward": 8.937791106610147,
            "backward": 40.16143777708695,
            "per_epoch_whole": 15156.4921875
        },
        "3": {
            "forward": 9.994782343867747,
            "backward": 46.49010200896475,
            "per_epoch_whole": 17586.603515625
        },
        "4": {
            "forward": 10.156279700850112,
            "backward": 46.48396664259757,
            "per_epoch_whole": 17615.4453125
        },
        "5": {
            "forward": 9.795624528376697,
            "backward": 46.331002588503075,
            "per_epoch_whole": 17493.701171875
        },
        "6": {
            "forward": 10.041191066425158,
            "backward": 46.73308936782366,
            "per_epoch_whole": 17665.810546875
        },
        "7": {
            "forward": 9.972412777607001,
            "backward": 46.56023868969981,
            "per_epoch_whole": 17588.18359375
        },
        "8": {
            "forward": 9.878142993755404,
            "backward": 46.46551080723537,
            "per_epoch_whole": 17553.548828125
        },
        "9": {
            "forward": 9.888288455025956,
            "backward": 46.418187811300385,
            "per_epoch_whole": 17533.427734375
        },
        "10": {
            "forward": 10.540719720319068,
            "backward": 46.56600516560168,
            "per_epoch_whole": 17762.31640625
        }
    }
}