{
    "path": "240904_all_decom_tuning_relu_d0_w3_cd4_cd256_R1_65536_decom_dim_uv_lr0.005sample_type__knights",
    "depth": 0,
    "width": 3,
    "coord_depth": 4,
    "coord_width": 256,
    "dataset_name": "knights",
    "model_info": "relu",
    "lr": 0.005,
    "batch_size": 65536,
    "omega": 5,
    "sigma": 5,
    "decom_dim": "uv",
    "R": 1,
    "result": {
        "0": 0,
        "1": 13.198929738480434,
        "2": 13.221960299407279,
        "3": 13.217865241788273,
        "4": 13.141477476357132,
        "5": 13.700243290090992,
        "6": 13.8428629579892,
        "7": 13.90837691086411,
        "8": 13.967342388172119,
        "9": 14.014984464168831,
        "10": 14.107356809059304
    },
    "result_time": {
        "1": {
            "forward": 2.0961844331510755,
            "backward": 1.8095416467907497,
            "per_epoch_whole": 9354.2646484375
        },
        "2": {
            "forward": 0.7136410524275897,
            "backward": 1.8102993797059694,
            "per_epoch_whole": 7746.94189453125
        },
        "3": {
            "forward": 0.6998654670471963,
            "backward": 1.8430814102653048,
            "per_epoch_whole": 5490.24169921875
        },
        "4": {
            "forward": 0.7205776050171229,
            "backward": 1.8099574248683497,
            "per_epoch_whole": 7750.46533203125
        },
        "5": {
            "forward": 0.7365506431893493,
            "backward": 1.7796391397198992,
            "per_epoch_whole": 7742.77392578125
        },
        "6": {
            "forward": 0.7112510718379471,
            "backward": 1.8144974112510694,
            "per_epoch_whole": 7739.814453125
        },
        "7": {
            "forward": 0.7268675983880222,
            "backward": 1.8010922629115458,
            "per_epoch_whole": 7751.1884765625
        },
        "8": {
            "forward": 0.7188698133021916,
            "backward": 1.810432803156466,
            "per_epoch_whole": 7750.984375
        },
        "9": {
            "forward": 0.7115430587251717,
            "backward": 1.7753649558162994,
            "per_epoch_whole": 7725.87060546875
        },
        "10": {
            "forward": 0.7345402077304473,
            "backward": 1.7889443881371423,
            "per_epoch_whole": 7750.18603515625
        }
    }
}