{
    "path": "240904_all_decom_tuning_relu_d0_w3_cd4_cd512_R1_8192_decom_dim_uv_lr0.001sample_type__knights",
    "depth": 0,
    "width": 3,
    "coord_depth": 4,
    "coord_width": 512,
    "dataset_name": "knights",
    "model_info": "relu",
    "lr": 0.001,
    "batch_size": 8192,
    "omega": 5,
    "sigma": 5,
    "decom_dim": "uv",
    "R": 1,
    "result": {
        "0": 0,
        "1": 13.306574793839891,
        "2": 13.543300038769754,
        "3": 13.72510769283469,
        "4": 13.692121230889475,
        "5": 13.75367041177489,
        "6": 13.772591560343828,
        "7": 13.761978349323522,
        "8": 13.777546332117371,
        "9": 13.766786464155615,
        "10": 13.840903075180504
    },
    "result_time": {
        "1": {
            "forward": 0.6094496844346141,
            "backward": 0.7954418377106451,
            "per_epoch_whole": 51423.84765625
        },
        "2": {
            "forward": 0.4321294947620882,
            "backward": 0.8077599382008616,
            "per_epoch_whole": 49912.84765625
        },
        "3": {
            "forward": 0.42139602446233226,
            "backward": 0.8166035223417042,
            "per_epoch_whole": 49928.83203125
        },
        "4": {
            "forward": 0.41760218676960026,
            "backward": 0.8472631664617888,
            "per_epoch_whole": 44857.56640625
        },
        "5": {
            "forward": 0.4261308229547764,
            "backward": 0.8014601732130386,
            "per_epoch_whole": 49888.55859375
        },
        "6": {
            "forward": 0.4343283185542043,
            "backward": 0.7972406888941315,
            "per_epoch_whole": 49889.05078125
        },
        "7": {
            "forward": 0.443258376962872,
            "backward": 0.7985249485781785,
            "per_epoch_whole": 49842.47265625
        },
        "8": {
            "forward": 0.4303765430205444,
            "backward": 0.8070778272349901,
            "per_epoch_whole": 49351.5390625
        },
        "9": {
            "forward": 0.4213120788609751,
            "backward": 0.8132384262179728,
            "per_epoch_whole": 47869.2734375
        },
        "10": {
            "forward": 0.43497443557669224,
            "backward": 0.798196014152208,
            "per_epoch_whole": 49899.31640625
        }
    }
}