{
    "path": "240904_all_decom_tuning_relu_d0_w3_cd2_cd512_R1_262144_decom_dim_uv_lr0.005sample_type__knights",
    "depth": 0,
    "width": 3,
    "coord_depth": 2,
    "coord_width": 512,
    "dataset_name": "knights",
    "model_info": "relu",
    "lr": 0.005,
    "batch_size": 262144,
    "omega": 5,
    "sigma": 5,
    "decom_dim": "uv",
    "R": 1,
    "result": {
        "0": 0,
        "1": 12.139428463234664,
        "2": 12.15823393438447,
        "3": 12.037865867212885,
        "4": 12.056002219428201,
        "5": 12.162923742891119,
        "6": 12.605975069869503,
        "7": 13.225314780192862,
        "8": 13.228860276620326,
        "9": 13.240976779401684,
        "10": 13.22409763301146
    },
    "result_time": {
        "1": {
            "forward": 11.16413744139424,
            "backward": 22.48725128833811,
            "per_epoch_whole": 10965.2646484375
        },
        "2": {
            "forward": 5.3744577949022325,
            "backward": 22.279799101674428,
            "per_epoch_whole": 9227.5869140625
        },
        "3": {
            "forward": 4.640401600966402,
            "backward": 18.74788877625778,
            "per_epoch_whole": 7643.76953125
        },
        "4": {
            "forward": 5.373804179854871,
            "backward": 22.2670646901774,
            "per_epoch_whole": 9224.5166015625
        },
        "5": {
            "forward": 5.350698084567245,
            "backward": 22.32881030244399,
            "per_epoch_whole": 9237.0390625
        },
        "6": {
            "forward": 5.317616724225479,
            "backward": 22.301475736096663,
            "per_epoch_whole": 9214.8779296875
        },
        "7": {
            "forward": 5.337773599426641,
            "backward": 22.266269578240724,
            "per_epoch_whole": 9223.453125
        },
        "8": {
            "forward": 5.410656981814697,
            "backward": 22.358585489662477,
            "per_epoch_whole": 9255.19921875
        },
        "9": {
            "forward": 5.385402246330027,
            "backward": 22.404284163742325,
            "per_epoch_whole": 9269.71875
        },
        "10": {
            "forward": 5.373328275746541,
            "backward": 22.299256156472605,
            "per_epoch_whole": 9227.2666015625
        }
    }
}