{
    "path": "240904_all_decom_tuning_relu_d0_w3_cd2_cd512_R1_8192_decom_dim_uv_lr0.0005sample_type__knights",
    "depth": 0,
    "width": 3,
    "coord_depth": 2,
    "coord_width": 512,
    "dataset_name": "knights",
    "model_info": "relu",
    "lr": 0.0005,
    "batch_size": 8192,
    "omega": 5,
    "sigma": 5,
    "decom_dim": "uv",
    "R": 1,
    "result": {
        "0": 0,
        "1": 13.677796025283584,
        "2": 13.850533363411861,
        "3": 14.10770559875567,
        "4": 14.145106932188092,
        "5": 14.164923134413787,
        "6": 14.17512345443847,
        "7": 14.162590626806315,
        "8": 14.155858036190576,
        "9": 14.210095533521717,
        "10": 14.200929213813929
    },
    "result_time": {
        "1": {
            "forward": 0.6035621629119267,
            "backward": 0.8069261630939033,
            "per_epoch_whole": 51580.70703125
        },
        "2": {
            "forward": 0.40855690620027507,
            "backward": 0.8456685054389788,
            "per_epoch_whole": 44903.38671875
        },
        "3": {
            "forward": 0.4146903963263276,
            "backward": 0.7933501011295505,
            "per_epoch_whole": 49735.5703125
        },
        "4": {
            "forward": 0.4159573584272981,
            "backward": 0.7944406260088419,
            "per_epoch_whole": 49804.88671875
        },
        "5": {
            "forward": 0.41684400285578693,
            "backward": 0.8031040244835517,
            "per_epoch_whole": 49913.42578125
        },
        "6": {
            "forward": 0.4129532210232391,
            "backward": 0.8439139278676447,
            "per_epoch_whole": 45000.60546875
        },
        "7": {
            "forward": 0.4257122971501006,
            "backward": 0.803992526283459,
            "per_epoch_whole": 49889.98828125
        },
        "8": {
            "forward": 0.4225451483368719,
            "backward": 0.8092699245546359,
            "per_epoch_whole": 49931.40234375
        },
        "9": {
            "forward": 0.42547058832758256,
            "backward": 0.7920161313780051,
            "per_epoch_whole": 49861.90625
        },
        "10": {
            "forward": 0.4308193076988527,
            "backward": 0.7955460453721742,
            "per_epoch_whole": 49844.5078125
        }
    }
}