{
    "path": "240904_all_decom_tuning_relu_d0_w3_cd2_cd512_R1_8192_decom_dim_uv_lr0.0001sample_type__knights",
    "depth": 0,
    "width": 3,
    "coord_depth": 2,
    "coord_width": 512,
    "dataset_name": "knights",
    "model_info": "relu",
    "lr": 0.0001,
    "batch_size": 8192,
    "omega": 5,
    "sigma": 5,
    "decom_dim": "uv",
    "R": 1,
    "result": {
        "0": 0,
        "1": 13.98468421906188,
        "2": 14.155345880976823,
        "3": 14.365560195571781,
        "4": 14.634515639401823,
        "5": 14.691715658431807,
        "6": 14.767084332173688,
        "7": 14.897367004912152,
        "8": 14.940466674683769,
        "9": 15.010240079728488,
        "10": 15.040619024523586
    },
    "result_time": {
        "1": {
            "forward": 0.4541849470632933,
            "backward": 0.8452179795678879,
            "per_epoch_whole": 46252.87109375
        },
        "2": {
            "forward": 0.42577369529013204,
            "backward": 0.8034445296547578,
            "per_epoch_whole": 49890.609375
        },
        "3": {
            "forward": 0.426103169580275,
            "backward": 0.8003478999794236,
            "per_epoch_whole": 49871.98828125
        },
        "4": {
            "forward": 0.4235831003194671,
            "backward": 0.8091944332547174,
            "per_epoch_whole": 49959.93359375
        },
        "5": {
            "forward": 0.41776182011389124,
            "backward": 0.847539592663206,
            "per_epoch_whole": 44881.7578125
        },
        "6": {
            "forward": 0.4334531629935063,
            "backward": 0.7943282291215804,
            "per_epoch_whole": 49904.8125
        },
        "7": {
            "forward": 0.4202754116765435,
            "backward": 0.799719761908824,
            "per_epoch_whole": 49926.98046875
        },
        "8": {
            "forward": 0.43414027006349787,
            "backward": 0.8048191804206828,
            "per_epoch_whole": 49916.921875
        },
        "9": {
            "forward": 0.4210373495357431,
            "backward": 0.8513829453967526,
            "per_epoch_whole": 45145.9453125
        },
        "10": {
            "forward": 0.4314558757952493,
            "backward": 0.7991051459588295,
            "per_epoch_whole": 49964.16796875
        }
    }
}