{
    "path": "240904_all_decom_tuning_relu_d0_w3_cd4_cd512_R1_8192_decom_dim_uv_lr0.005sample_type__knights",
    "depth": 0,
    "width": 3,
    "coord_depth": 4,
    "coord_width": 512,
    "dataset_name": "knights",
    "model_info": "relu",
    "lr": 0.005,
    "batch_size": 8192,
    "omega": 5,
    "sigma": 5,
    "decom_dim": "uv",
    "R": 1,
    "result": {
        "0": 0,
        "1": 13.214076999429718,
        "2": 13.218190116775434,
        "3": 13.20543530497474,
        "4": 13.215622205283344,
        "5": 13.24744959327197,
        "6": 13.238644244636422,
        "7": 13.237976927205146,
        "8": 13.238818203241637,
        "9": 13.248392151137235,
        "10": 13.249310506154735
    },
    "result_time": {
        "1": {
            "forward": 0.5892185624286119,
            "backward": 0.8439153949101619,
            "per_epoch_whole": 46237.359375
        },
        "2": {
            "forward": 0.4348103735679819,
            "backward": 0.7944601357021807,
            "per_epoch_whole": 49900.85546875
        },
        "3": {
            "forward": 0.43456405851584284,
            "backward": 0.8036915196627873,
            "per_epoch_whole": 49930.0078125
        },
        "4": {
            "forward": 0.43189219357671915,
            "backward": 0.7979654570248714,
            "per_epoch_whole": 49929.015625
        },
        "5": {
            "forward": 0.4332359690383588,
            "backward": 0.8009029377870582,
            "per_epoch_whole": 49918.00390625
        },
        "6": {
            "forward": 0.4200194320918661,
            "backward": 0.8271087686366815,
            "per_epoch_whole": 46413.9765625
        },
        "7": {
            "forward": 0.4406299135264283,
            "backward": 0.7938968518871287,
            "per_epoch_whole": 49874.89453125
        },
        "8": {
            "forward": 0.424140798775516,
            "backward": 0.7936693154546047,
            "per_epoch_whole": 49893.37890625
        },
        "9": {
            "forward": 0.43188299606699715,
            "backward": 0.8001491005007083,
            "per_epoch_whole": 49895.15625
        },
        "10": {
            "forward": 0.4195449236751414,
            "backward": 0.8383546440078974,
            "per_epoch_whole": 44781.22265625
        }
    }
}