{
    "path": "240904_all_decom_tuning_relu_d0_w3_cd2_cd256_R1_8192_decom_dim_uv_lr0.0005sample_type__knights",
    "depth": 0,
    "width": 3,
    "coord_depth": 2,
    "coord_width": 256,
    "dataset_name": "knights",
    "model_info": "relu",
    "lr": 0.0005,
    "batch_size": 8192,
    "omega": 5,
    "sigma": 5,
    "decom_dim": "uv",
    "R": 1,
    "result": {
        "0": 0,
        "1": 13.912047688961128,
        "2": 14.235761935309831,
        "3": 14.494534981644092,
        "4": 14.573143416596293,
        "5": 14.583172812423108,
        "6": 14.743342282617501,
        "7": 14.77685623896882,
        "8": 14.832199325590999,
        "9": 14.88813125209936,
        "10": 14.951041361527116
    },
    "result_time": {
        "1": {
            "forward": 0.5262433575388827,
            "backward": 0.6832888421754019,
            "per_epoch_whole": 43713.22265625
        },
        "2": {
            "forward": 0.36994977669296236,
            "backward": 0.6173523687225887,
            "per_epoch_whole": 47177.3828125
        },
        "3": {
            "forward": 0.3755874753894118,
            "backward": 0.6071500538406913,
            "per_epoch_whole": 47107.7109375
        },
        "4": {
            "forward": 0.3611103960137188,
            "backward": 0.621123088311063,
            "per_epoch_whole": 47215.2265625
        },
        "5": {
            "forward": 0.34727597655808407,
            "backward": 0.6803967422067745,
            "per_epoch_whole": 42132.16796875
        },
        "6": {
            "forward": 0.3770109769053481,
            "backward": 0.6111938943764237,
            "per_epoch_whole": 47171.27734375
        },
        "7": {
            "forward": 0.3744710360276573,
            "backward": 0.611939271557502,
            "per_epoch_whole": 47144.4609375
        },
        "8": {
            "forward": 0.365190243553104,
            "backward": 0.6291040433699666,
            "per_epoch_whole": 47302.6328125
        },
        "9": {
            "forward": 0.37126887685805326,
            "backward": 0.6181315658775226,
            "per_epoch_whole": 47141.41015625
        },
        "10": {
            "forward": 0.3514996477850611,
            "backward": 0.6804985410588645,
            "per_epoch_whole": 42177.53125
        }
    }
}