{
    "path": "240904_all_decom_tuning_relu_d0_w3_cd2_cd256_R1_65536_decom_dim_uv_lr0.005sample_type__knights",
    "depth": 0,
    "width": 3,
    "coord_depth": 2,
    "coord_width": 256,
    "dataset_name": "knights",
    "model_info": "relu",
    "lr": 0.005,
    "batch_size": 65536,
    "omega": 5,
    "sigma": 5,
    "decom_dim": "uv",
    "R": 1,
    "result_time": {
        "1": {
            "forward": 2.1536762992558196,
            "backward": 1.7866158337947782,
            "per_epoch_whole": 9388.13671875
        },
        "2": {
            "forward": 0.7550409421788791,
            "backward": 1.7859577848012058,
            "per_epoch_whole": 7782.83349609375
        },
        "3": {
            "forward": 0.7452904364693559,
            "backward": 1.7764621441958266,
            "per_epoch_whole": 7758.28662109375
        },
        "4": {
            "forward": 0.7353916688980132,
            "backward": 1.7836812735635112,
            "per_epoch_whole": 7764.46142578125
        },
        "5": {
            "forward": 0.7340603472606955,
            "backward": 1.7921258393662185,
            "per_epoch_whole": 7759.13720703125
        },
        "6": {
            "forward": 0.7413076252054586,
            "backward": 1.7909752822458516,
            "per_epoch_whole": 7776.548828125
        },
        "7": {
            "forward": 0.7448787000352541,
            "backward": 1.7836897450541123,
            "per_epoch_whole": 7758.703125
        },
        "8": {
            "forward": 0.7371781047910552,
            "backward": 1.7869345044594709,
            "per_epoch_whole": 7762.8486328125
        },
        "9": {
            "forward": 0.7359762498561084,
            "backward": 1.7923305463625854,
            "per_epoch_whole": 7770.08984375
        },
        "10": {
            "forward": 0.7371704663217689,
            "backward": 1.7770522366758024,
            "per_epoch_whole": 7762.369140625
        }
    },
    "result": {
        "0": 0,
        "1": 13.084291291530135,
        "2": 13.126757765735281,
        "3": 13.229664885541558,
        "4": 13.26270266313616,
        "5": 13.244706654055154,
        "6": 13.423206889108881,
        "7": 13.464213998404013,
        "8": 13.506508329412696,
        "9": 13.693356145676391,
        "10": 13.917098100606323
    }
}