{
    "path": "240904_all_decom_tuning_relu_d0_w3_cd4_cd256_R1_8192_decom_dim_uv_lr0.0001sample_type__knights",
    "depth": 0,
    "width": 3,
    "coord_depth": 4,
    "coord_width": 256,
    "dataset_name": "knights",
    "model_info": "relu",
    "lr": 0.0001,
    "batch_size": 8192,
    "omega": 5,
    "sigma": 5,
    "decom_dim": "uv",
    "R": 1,
    "result": {
        "0": 0,
        "1": 13.935493563495235,
        "2": 14.114602774312992,
        "3": 14.365680138801745,
        "4": 14.487975327171418,
        "5": 14.552550998004468,
        "6": 14.58159124615461,
        "7": 14.613850083044465,
        "8": 14.647312415028729,
        "9": 14.680281987583577,
        "10": 14.713276025090572
    },
    "result_time": {
        "1": {
            "forward": 0.5478632824815968,
            "backward": 0.6235506698734135,
            "per_epoch_whole": 48811.140625
        },
        "2": {
            "forward": 0.36081047847972547,
            "backward": 0.6692200186098514,
            "per_epoch_whole": 42648.43359375
        },
        "3": {
            "forward": 0.3795818354488049,
            "backward": 0.6449948986541103,
            "per_epoch_whole": 47486.09375
        },
        "4": {
            "forward": 0.36835681776850576,
            "backward": 0.6222730918197728,
            "per_epoch_whole": 47212.9375
        },
        "5": {
            "forward": 0.36518463442201127,
            "backward": 0.620042486026062,
            "per_epoch_whole": 47195.7578125
        },
        "6": {
            "forward": 0.3530165369495063,
            "backward": 0.6902008252637396,
            "per_epoch_whole": 42237.1796875
        },
        "7": {
            "forward": 0.3740851116708181,
            "backward": 0.6305563687105221,
            "per_epoch_whole": 47321.1328125
        },
        "8": {
            "forward": 0.3807693332051756,
            "backward": 0.6187038566420968,
            "per_epoch_whole": 47150.05078125
        },
        "9": {
            "forward": 0.37068043407180834,
            "backward": 0.6173061681363541,
            "per_epoch_whole": 47173.7578125
        },
        "10": {
            "forward": 0.3545166127606001,
            "backward": 0.6781897244807382,
            "per_epoch_whole": 41979.8046875
        }
    }
}