{
    "path": "240904_all_decom_tuning_relu_d0_w3_cd2_cd1024_R1_65536_decom_dim_uv_lr0.0001sample_type__knights",
    "depth": 0,
    "width": 3,
    "coord_depth": 2,
    "coord_width": 1024,
    "dataset_name": "knights",
    "model_info": "relu",
    "lr": 0.0001,
    "batch_size": 65536,
    "omega": 5,
    "sigma": 5,
    "decom_dim": "uv",
    "R": 1,
    "result": {
        "0": 0,
        "1": 13.534225611224498,
        "2": 13.852924614681122,
        "3": 14.194900232411312,
        "4": 14.272294952399218,
        "5": 14.306439919969169,
        "6": 14.343023355851196,
        "7": 14.368948770172786,
        "8": 14.393906843145999,
        "9": 14.434594499504648,
        "10": 14.455102904932707
    },
    "result_time": {
        "1": {
            "forward": 3.0841084425837115,
            "backward": 11.828826344136967,
            "per_epoch_whole": 22674.361328125
        },
        "2": {
            "forward": 1.649652262975597,
            "backward": 11.78998588896954,
            "per_epoch_whole": 21003.25390625
        },
        "3": {
            "forward": 1.635548759187378,
            "backward": 11.805601235904494,
            "per_epoch_whole": 20989.083984375
        },
        "4": {
            "forward": 1.647415087400423,
            "backward": 11.810042230315686,
            "per_epoch_whole": 21026.904296875
        },
        "5": {
            "forward": 1.6541228497523324,
            "backward": 11.825371149914474,
            "per_epoch_whole": 21015.357421875
        },
        "6": {
            "forward": 1.6422841529326453,
            "backward": 11.85270363979274,
            "per_epoch_whole": 21027.541015625
        },
        "7": {
            "forward": 1.6627061604216018,
            "backward": 11.865879359542275,
            "per_epoch_whole": 21080.927734375
        },
        "8": {
            "forward": 1.6538848974919231,
            "backward": 11.85782569048726,
            "per_epoch_whole": 21018.884765625
        },
        "9": {
            "forward": 1.6684940340815932,
            "backward": 11.863261525193696,
            "per_epoch_whole": 21048.1640625
        },
        "10": {
            "forward": 1.6425699667947098,
            "backward": 11.86859460685494,
            "per_epoch_whole": 21018.779296875
        }
    }
}