{
    "path": "240904_all_decom_tuning_relu_d0_w3_cd4_cd256_R1_65536_decom_dim_uv_lr0.001sample_type__knights",
    "depth": 0,
    "width": 3,
    "coord_depth": 4,
    "coord_width": 256,
    "dataset_name": "knights",
    "model_info": "relu",
    "lr": 0.001,
    "batch_size": 65536,
    "omega": 5,
    "sigma": 5,
    "decom_dim": "uv",
    "R": 1,
    "result": {
        "0": 0,
        "1": 13.289170631777747,
        "2": 13.33546802571276,
        "3": 13.393754349141556,
        "4": 13.494306611398976,
        "5": 13.475681688029916,
        "6": 13.454895807086245,
        "7": 13.751282237944942,
        "8": 13.899030421476882,
        "9": 14.083728181825565,
        "10": 13.987184451122637
    },
    "result_time": {
        "1": {
            "forward": 1.0969874690766983,
            "backward": 1.8491639028783464,
            "per_epoch_whole": 5880.6455078125
        },
        "2": {
            "forward": 0.7470352935852902,
            "backward": 1.7706515427072989,
            "per_epoch_whole": 7757.0703125
        },
        "3": {
            "forward": 0.7385183117226752,
            "backward": 1.7854993487724353,
            "per_epoch_whole": 7762.69091796875
        },
        "4": {
            "forward": 0.7196615648723399,
            "backward": 1.807572013675958,
            "per_epoch_whole": 7748.77685546875
        },
        "5": {
            "forward": 0.7346668235674042,
            "backward": 1.7841040262095238,
            "per_epoch_whole": 7765.693359375
        },
        "6": {
            "forward": 0.7338925955823556,
            "backward": 1.791537688574575,
            "per_epoch_whole": 7762.72265625
        },
        "7": {
            "forward": 0.7492317503969151,
            "backward": 1.7998766236032997,
            "per_epoch_whole": 7767.76513671875
        },
        "8": {
            "forward": 0.73193874153402,
            "backward": 1.782144389144275,
            "per_epoch_whole": 7763.48193359375
        },
        "9": {
            "forward": 0.7342019945795578,
            "backward": 1.7935002623544811,
            "per_epoch_whole": 7768.0087890625
        },
        "10": {
            "forward": 0.73921816167019,
            "backward": 1.784950283881287,
            "per_epoch_whole": 7759.48828125
        }
    }
}