{
    "path": "240904_all_decom_tuning_relu_d0_w3_cd4_cd256_R1_65536_decom_dim_uv_lr0.0001sample_type__knights",
    "depth": 0,
    "width": 3,
    "coord_depth": 4,
    "coord_width": 256,
    "dataset_name": "knights",
    "model_info": "relu",
    "lr": 0.0001,
    "batch_size": 65536,
    "omega": 5,
    "sigma": 5,
    "decom_dim": "uv",
    "R": 1,
    "result": {
        "0": 0,
        "1": 13.289351971351238,
        "2": 13.397378066538172,
        "3": 13.487017295855841,
        "4": 13.519666107717955,
        "5": 13.542159563167784,
        "6": 13.566636392315598,
        "7": 13.576425925387525,
        "8": 13.592512398887083,
        "9": 13.600066688461071,
        "10": 13.617338588274642
    },
    "result_time": {
        "1": {
            "forward": 2.1727975483687363,
            "backward": 1.7760463387908405,
            "per_epoch_whole": 9417.6328125
        },
        "2": {
            "forward": 0.7506413289626174,
            "backward": 1.7824633083335237,
            "per_epoch_whole": 7745.85546875
        },
        "3": {
            "forward": 0.7522440968809657,
            "backward": 1.7750448184442347,
            "per_epoch_whole": 7744.2861328125
        },
        "4": {
            "forward": 0.7265460768450305,
            "backward": 1.7933557916265028,
            "per_epoch_whole": 7749.1689453125
        },
        "5": {
            "forward": 0.7441250375604135,
            "backward": 1.7754922648408413,
            "per_epoch_whole": 7751.41943359375
        },
        "6": {
            "forward": 0.7380516817825481,
            "backward": 1.7901419208330231,
            "per_epoch_whole": 7775.5791015625
        },
        "7": {
            "forward": 0.7409220490617549,
            "backward": 1.7830311159980297,
            "per_epoch_whole": 7754.17431640625
        },
        "8": {
            "forward": 0.7453455230459629,
            "backward": 1.7643095910755393,
            "per_epoch_whole": 7749.869140625
        },
        "9": {
            "forward": 0.7260737725917039,
            "backward": 1.7987172034372496,
            "per_epoch_whole": 7756.33935546875
        },
        "10": {
            "forward": 0.7370377299230828,
            "backward": 1.776349119764709,
            "per_epoch_whole": 7735.68359375
        }
    }
}