{
    "path": "240904_all_decom_tuning_relu_d0_w3_cd2_cd1024_R1_8192_decom_dim_uv_lr0.0005sample_type__knights",
    "depth": 0,
    "width": 3,
    "coord_depth": 2,
    "coord_width": 1024,
    "dataset_name": "knights",
    "model_info": "relu",
    "lr": 0.0005,
    "batch_size": 8192,
    "omega": 5,
    "sigma": 5,
    "decom_dim": "uv",
    "R": 1,
    "result": {
        "0": 0,
        "1": 13.266265639279005,
        "2": 13.503845956528837,
        "3": 13.714216638469923,
        "4": 13.698590115360986,
        "5": 13.74868150479741,
        "6": 13.74944472125742,
        "7": 13.767718825711869,
        "8": 13.749628347372193,
        "9": 13.75142516246389,
        "10": 13.796555083400603
    },
    "result_time": {
        "1": {
            "forward": 0.7204940178653909,
            "backward": 1.4834762829707113,
            "per_epoch_whole": 55140.1484375
        },
        "2": {
            "forward": 0.5477010567276136,
            "backward": 1.4667849539679254,
            "per_epoch_whole": 57361.9296875
        },
        "3": {
            "forward": 0.5628293678760611,
            "backward": 1.4575973247342224,
            "per_epoch_whole": 57358.2265625
        },
        "4": {
            "forward": 0.5619391945889965,
            "backward": 1.4613564042277807,
            "per_epoch_whole": 57301.53125
        },
        "5": {
            "forward": 0.5470486477897121,
            "backward": 1.4771140089264985,
            "per_epoch_whole": 53482.7265625
        },
        "6": {
            "forward": 0.5562008834511626,
            "backward": 1.4629907329344367,
            "per_epoch_whole": 57302.796875
        },
        "7": {
            "forward": 0.5488615989971839,
            "backward": 1.4609740443244008,
            "per_epoch_whole": 57250.03125
        },
        "8": {
            "forward": 0.5488284089615382,
            "backward": 1.4617982100579356,
            "per_epoch_whole": 57254.85546875
        },
        "9": {
            "forward": 0.5558005440093914,
            "backward": 1.4633365463091559,
            "per_epoch_whole": 57281.59765625
        },
        "10": {
            "forward": 0.5284961176855675,
            "backward": 1.469169878281614,
            "per_epoch_whole": 54619.7265625
        }
    }
}