{
    "path": "240904_all_decom_tuning_relu_d0_w3_cd2_cd1024_R1_262144_decom_dim_uv_lr0.005sample_type__knights",
    "depth": 0,
    "width": 3,
    "coord_depth": 2,
    "coord_width": 1024,
    "dataset_name": "knights",
    "model_info": "relu",
    "lr": 0.005,
    "batch_size": 262144,
    "omega": 5,
    "sigma": 5,
    "decom_dim": "uv",
    "R": 1,
    "result": {
        "0": 0,
        "1": 12.507302207300478,
        "2": 12.658376465279003,
        "3": 13.137506777470474,
        "4": 13.23073858993255,
        "5": 13.017641475854525,
        "6": 13.0565298605745,
        "7": 13.185172410454918,
        "8": 13.220820423986336,
        "9": 13.242190117009605,
        "10": 13.220860875898644
    },
    "result_time": {
        "1": {
            "forward": 16.47344015213859,
            "backward": 47.0014707175918,
            "per_epoch_whole": 19610.484375
        },
        "2": {
            "forward": 9.997966947852536,
            "backward": 46.394708943614525,
            "per_epoch_whole": 17556.888671875
        },
        "3": {
            "forward": 9.70438389464646,
            "backward": 46.28775588698863,
            "per_epoch_whole": 17448.55859375
        },
        "4": {
            "forward": 9.949418076181919,
            "backward": 46.53806824997635,
            "per_epoch_whole": 17589.802734375
        },
        "5": {
            "forward": 9.900438467111558,
            "backward": 46.49426585002754,
            "per_epoch_whole": 17554.87109375
        },
        "6": {
            "forward": 10.066090875843404,
            "backward": 46.68553015105043,
            "per_epoch_whole": 17662.443359375
        },
        "7": {
            "forward": 10.077333788558276,
            "backward": 46.523667715000016,
            "per_epoch_whole": 17601.10546875
        },
        "8": {
            "forward": 9.697551945089053,
            "backward": 46.28962432966925,
            "per_epoch_whole": 17448.537109375
        },
        "9": {
            "forward": 9.78451886226562,
            "backward": 46.21179225618041,
            "per_epoch_whole": 17453.296875
        },
        "10": {
            "forward": 8.914825297556943,
            "backward": 41.00435002204869,
            "per_epoch_whole": 15440.25390625
        }
    }
}