{
    "path": "240904_all_decom_tuning_relu_d0_w3_cd2_cd1024_R1_65536_decom_dim_uv_lr0.005sample_type__knights",
    "depth": 0,
    "width": 3,
    "coord_depth": 2,
    "coord_width": 1024,
    "dataset_name": "knights",
    "model_info": "relu",
    "lr": 0.005,
    "batch_size": 65536,
    "omega": 5,
    "sigma": 5,
    "decom_dim": "uv",
    "R": 1,
    "result": {
        "0": 0,
        "1": 12.148559757197514,
        "2": 13.178387836469703,
        "3": 13.117564235360296,
        "4": 13.115898390318,
        "5": 13.19523419664852,
        "6": 13.154562265086,
        "7": 13.169652677057385,
        "8": 13.132902359358086,
        "9": 13.24606963330789,
        "10": 13.203378553570541
    },
    "result_time": {
        "1": {
            "forward": 3.096387725078531,
            "backward": 11.831417082502767,
            "per_epoch_whole": 22702.82421875
        },
        "2": {
            "forward": 1.653444650470178,
            "backward": 11.858711966181303,
            "per_epoch_whole": 21056.376953125
        },
        "3": {
            "forward": 1.6548137296648586,
            "backward": 11.857235573979805,
            "per_epoch_whole": 21036.068359375
        },
        "4": {
            "forward": 1.6617357500902914,
            "backward": 11.789624172923475,
            "per_epoch_whole": 20878.673828125
        },
        "5": {
            "forward": 1.6608413834782207,
            "backward": 11.24474658768071,
            "per_epoch_whole": 19857.951171875
        },
        "6": {
            "forward": 1.648563570526643,
            "backward": 11.823600560323584,
            "per_epoch_whole": 21021.0625
        },
        "7": {
            "forward": 1.6482649409440964,
            "backward": 11.817518897535056,
            "per_epoch_whole": 20997.9375
        },
        "8": {
            "forward": 1.6460081105826219,
            "backward": 11.82378591303184,
            "per_epoch_whole": 21025.529296875
        },
        "9": {
            "forward": 1.643093591639738,
            "backward": 11.832305416928843,
            "per_epoch_whole": 21008.06640625
        },
        "10": {
            "forward": 1.6745404845496774,
            "backward": 11.941709010246294,
            "per_epoch_whole": 21119.19921875
        }
    }
}