{
    "path": "240904_all_decom_tuning_relu_d0_w3_cd4_cd1024_R1_65536_decom_dim_uv_lr0.0005sample_type__knights",
    "depth": 0,
    "width": 3,
    "coord_depth": 4,
    "coord_width": 1024,
    "dataset_name": "knights",
    "model_info": "relu",
    "lr": 0.0005,
    "batch_size": 65536,
    "omega": 5,
    "sigma": 5,
    "decom_dim": "uv",
    "R": 1,
    "result": {
        "0": 0,
        "1": 13.36367127158365,
        "2": 13.613732223564128,
        "3": 13.810233621032774,
        "4": 13.81817736440429,
        "5": 13.943131296488085,
        "6": 14.041888911429579,
        "7": 14.234753414865136,
        "8": 14.380680287288069,
        "9": 14.402072119440138,
        "10": 14.44399522984449
    },
    "result_time": {
        "1": {
            "forward": 3.1253478440446467,
            "backward": 11.843238481188322,
            "per_epoch_whole": 22712.166015625
        },
        "2": {
            "forward": 1.6678611204079676,
            "backward": 11.84645821561451,
            "per_epoch_whole": 21056.595703125
        },
        "3": {
            "forward": 1.6634043733553878,
            "backward": 11.825624040253846,
            "per_epoch_whole": 21008.18359375
        },
        "4": {
            "forward": 1.6743971485786362,
            "backward": 11.859840278394483,
            "per_epoch_whole": 21071.857421875
        },
        "5": {
            "forward": 1.6678224510181316,
            "backward": 11.846632035133332,
            "per_epoch_whole": 21054.1875
        },
        "6": {
            "forward": 1.6435490379490225,
            "backward": 11.814885736749241,
            "per_epoch_whole": 21018.677734375
        },
        "7": {
            "forward": 1.6546733822789543,
            "backward": 11.836212984005885,
            "per_epoch_whole": 21020.08203125
        },
        "8": {
            "forward": 1.6474449569585012,
            "backward": 11.807300796970798,
            "per_epoch_whole": 20985.34765625
        },
        "9": {
            "forward": 1.650410241631074,
            "backward": 11.805791065354681,
            "per_epoch_whole": 20998.390625
        },
        "10": {
            "forward": 1.6825388261603624,
            "backward": 11.849015857521636,
            "per_epoch_whole": 21043.189453125
        }
    }
}