{
    "path": "240904_all_decom_tuning_relu_d0_w3_cd2_cd256_R1_262144_decom_dim_uv_lr0.0005sample_type__knights",
    "depth": 0,
    "width": 3,
    "coord_depth": 2,
    "coord_width": 256,
    "dataset_name": "knights",
    "model_info": "relu",
    "lr": 0.0005,
    "batch_size": 262144,
    "omega": 5,
    "sigma": 5,
    "decom_dim": "uv",
    "R": 1,
    "result": {
        "0": 0,
        "1": 13.317516705741049,
        "2": 13.343406534224034,
        "3": 13.381967587771017,
        "4": 13.36803561115865,
        "5": 13.375611652545249,
        "6": 13.383778797309514,
        "7": 13.390223101664509,
        "8": 13.377511706290328,
        "9": 13.390573730374923,
        "10": 13.387559672903222
    },
    "result_time": {
        "1": {
            "forward": 7.435712636135851,
            "backward": 10.650399076072395,
            "per_epoch_whole": 6438.84130859375
        },
        "2": {
            "forward": 1.8874887815808756,
            "backward": 10.610692555516644,
            "per_epoch_whole": 4823.431640625
        },
        "3": {
            "forward": 1.8634520117386801,
            "backward": 10.652709131009845,
            "per_epoch_whole": 4841.3115234375
        },
        "4": {
            "forward": 1.922885650581967,
            "backward": 10.75078379489146,
            "per_epoch_whole": 4860.18017578125
        },
        "5": {
            "forward": 1.9091842261152692,
            "backward": 10.690969270818373,
            "per_epoch_whole": 4852.84326171875
        },
        "6": {
            "forward": 1.911636041522438,
            "backward": 10.642592334417314,
            "per_epoch_whole": 4840.626953125
        },
        "7": {
            "forward": 1.8275766925415766,
            "backward": 10.481398498310757,
            "per_epoch_whole": 4779.021484375
        },
        "8": {
            "forward": 1.9327478480999043,
            "backward": 10.681638890896696,
            "per_epoch_whole": 4844.08544921875
        },
        "9": {
            "forward": 1.9043386023762325,
            "backward": 10.73720714542692,
            "per_epoch_whole": 4853.5791015625
        },
        "10": {
            "forward": 1.8954643044092252,
            "backward": 10.550041112932776,
            "per_epoch_whole": 4825.345703125
        }
    }
}