{
    "path": "240904_all_decom_tuning_relu_d0_w3_cd2_cd1024_R1_65536_decom_dim_uv_lr0.001sample_type__knights",
    "depth": 0,
    "width": 3,
    "coord_depth": 2,
    "coord_width": 1024,
    "dataset_name": "knights",
    "model_info": "relu",
    "lr": 0.001,
    "batch_size": 65536,
    "omega": 5,
    "sigma": 5,
    "decom_dim": "uv",
    "R": 1,
    "result": {
        "0": 0,
        "1": 13.374217096392913,
        "2": 13.46393436951329,
        "3": 13.424878830254547,
        "4": 13.586228629564951,
        "5": 13.691463454531394,
        "6": 13.729097516719571,
        "7": 13.982024430473903,
        "8": 14.028087006963993,
        "9": 14.210679484139895,
        "10": 14.285050312204564
    },
    "result_time": {
        "1": {
            "forward": 3.092402388892789,
            "backward": 11.879158715063323,
            "per_epoch_whole": 22719.599609375
        },
        "2": {
            "forward": 1.6520723312783838,
            "backward": 11.838228644796697,
            "per_epoch_whole": 21003.361328125
        },
        "3": {
            "forward": 1.6527301873302784,
            "backward": 11.86376133798313,
            "per_epoch_whole": 21033.1328125
        },
        "4": {
            "forward": 1.6457810654565928,
            "backward": 11.80516222150268,
            "per_epoch_whole": 20965.357421875
        },
        "5": {
            "forward": 1.6579529968924964,
            "backward": 11.810174362469722,
            "per_epoch_whole": 20994.685546875
        },
        "6": {
            "forward": 1.6782963046978066,
            "backward": 11.859095480202821,
            "per_epoch_whole": 21071.6328125
        },
        "7": {
            "forward": 1.6596745477415684,
            "backward": 11.865069313032814,
            "per_epoch_whole": 21058.66015625
        },
        "8": {
            "forward": 1.665210379758093,
            "backward": 10.937366386185857,
            "per_epoch_whole": 19160.962890625
        },
        "9": {
            "forward": 1.6648990162309867,
            "backward": 11.879660720231215,
            "per_epoch_whole": 21077.341796875
        },
        "10": {
            "forward": 1.6514366226831498,
            "backward": 11.847892260881428,
            "per_epoch_whole": 21035.373046875
        }
    }
}