{
    "path": "240904_all_decom_tuning_relu_d0_w3_cd2_cd1024_R1_8192_decom_dim_uv_lr0.005sample_type__knights",
    "depth": 0,
    "width": 3,
    "coord_depth": 2,
    "coord_width": 1024,
    "dataset_name": "knights",
    "model_info": "relu",
    "lr": 0.005,
    "batch_size": 8192,
    "omega": 5,
    "sigma": 5,
    "decom_dim": "uv",
    "R": 1,
    "result": {
        "0": 0,
        "1": 12.188662481612985,
        "2": 12.183206096114397,
        "3": 12.188963836914299,
        "4": 12.189371846764422,
        "5": 12.18959943106183,
        "6": 12.18667054976422,
        "7": 12.189410957186238,
        "8": 12.189909560133707,
        "9": 12.187537908032427,
        "10": 12.189321927961064
    },
    "result_time": {
        "1": {
            "forward": 0.7364306894089107,
            "backward": 1.4705200404006122,
            "per_epoch_whole": 59000.234375
        },
        "2": {
            "forward": 0.5557041116490611,
            "backward": 1.4653761214270602,
            "per_epoch_whole": 57380.71484375
        },
        "3": {
            "forward": 0.543464339625049,
            "backward": 1.4773253902509278,
            "per_epoch_whole": 53528.84765625
        },
        "4": {
            "forward": 0.5581339138228035,
            "backward": 1.4600941413001627,
            "per_epoch_whole": 57281.921875
        },
        "5": {
            "forward": 0.5579921354645988,
            "backward": 1.4618719614475022,
            "per_epoch_whole": 57283.04296875
        },
        "6": {
            "forward": 0.5407000108941022,
            "backward": 1.4686055538408938,
            "per_epoch_whole": 57290.03125
        },
        "7": {
            "forward": 0.5544721493723043,
            "backward": 1.4654737641345228,
            "per_epoch_whole": 57284.12890625
        },
        "8": {
            "forward": 0.5291787161891359,
            "backward": 1.481048705488123,
            "per_epoch_whole": 53453.3046875
        },
        "9": {
            "forward": 0.5505339036064013,
            "backward": 1.4586375014514852,
            "per_epoch_whole": 57243.95703125
        },
        "10": {
            "forward": 0.5631800663164396,
            "backward": 1.4640796916836527,
            "per_epoch_whole": 57334.06640625
        }
    }
}