{
    "path": "240904_all_decom_tuning_relu_d0_w3_cd4_cd512_R1_65536_decom_dim_uv_lr0.001sample_type__knights",
    "depth": 0,
    "width": 3,
    "coord_depth": 4,
    "coord_width": 512,
    "dataset_name": "knights",
    "model_info": "relu",
    "lr": 0.001,
    "batch_size": 65536,
    "omega": 5,
    "sigma": 5,
    "decom_dim": "uv",
    "R": 1,
    "result": {
        "0": 0,
        "1": 13.26287041498185,
        "2": 13.26628081398304,
        "3": 13.74958391973113,
        "4": 13.9879717861578,
        "5": 14.016895860847464,
        "6": 14.119871632788106,
        "7": 14.148287036551052,
        "8": 14.326020447404112,
        "9": 14.388218155659306,
        "10": 14.405447903747792
    },
    "result_time": {
        "1": {
            "forward": 2.448771784565448,
            "backward": 5.607953082318951,
            "per_epoch_whole": 14009.958984375
        },
        "2": {
            "forward": 1.019273689048927,
            "backward": 5.592540542559642,
            "per_epoch_whole": 12350.94140625
        },
        "3": {
            "forward": 1.0736185479844726,
            "backward": 5.609328052989328,
            "per_epoch_whole": 12383.5986328125
        },
        "4": {
            "forward": 1.046752445219297,
            "backward": 5.603154297518483,
            "per_epoch_whole": 12366.025390625
        },
        "5": {
            "forward": 1.0558060068882045,
            "backward": 5.587889058160941,
            "per_epoch_whole": 12349.8896484375
        },
        "6": {
            "forward": 1.0353294124240267,
            "backward": 5.6020842893725735,
            "per_epoch_whole": 12354.9501953125
        },
        "7": {
            "forward": 0.9847480692356112,
            "backward": 5.564003843749675,
            "per_epoch_whole": 12306.271484375
        },
        "8": {
            "forward": 1.028403875427675,
            "backward": 5.6108823288683185,
            "per_epoch_whole": 12370.8564453125
        },
        "9": {
            "forward": 1.0648480006670864,
            "backward": 5.608648505590369,
            "per_epoch_whole": 12370.2412109375
        },
        "10": {
            "forward": 1.0123462147984936,
            "backward": 4.610155758354484,
            "per_epoch_whole": 9323.2529296875
        }
    }
}