{
    "path": "240904_all_decom_tuning_relu_d0_w3_cd4_cd256_R1_262144_decom_dim_uv_lr0.0005sample_type__knights",
    "depth": 0,
    "width": 3,
    "coord_depth": 4,
    "coord_width": 256,
    "dataset_name": "knights",
    "model_info": "relu",
    "lr": 0.0005,
    "batch_size": 262144,
    "omega": 5,
    "sigma": 5,
    "decom_dim": "uv",
    "R": 1,
    "result": {
        "0": 0,
        "1": 13.288590483368377,
        "2": 13.320931219553245,
        "3": 13.368168302917159,
        "4": 13.37449281249056,
        "5": 13.37204329637587,
        "6": 13.346126902488093,
        "7": 13.375771623428793,
        "8": 13.377868144119178,
        "9": 13.364019791145827,
        "10": 13.379810619646385
    },
    "result_time": {
        "1": {
            "forward": 7.632550342685223,
            "backward": 10.644714296070354,
            "per_epoch_whole": 6488.5966796875
        },
        "2": {
            "forward": 1.9257376321871802,
            "backward": 10.531497298639946,
            "per_epoch_whole": 4808.16943359375
        },
        "3": {
            "forward": 1.8446244925363677,
            "backward": 10.544954248778131,
            "per_epoch_whole": 4802.36279296875
        },
        "4": {
            "forward": 1.9001588922470922,
            "backward": 10.549239148730637,
            "per_epoch_whole": 4801.89501953125
        },
        "5": {
            "forward": 1.917997950088607,
            "backward": 10.67242418770971,
            "per_epoch_whole": 4845.244140625
        },
        "6": {
            "forward": 1.855804673940666,
            "backward": 10.489745248972744,
            "per_epoch_whole": 4782.443359375
        },
        "7": {
            "forward": 1.8896888011879576,
            "backward": 10.532152928283057,
            "per_epoch_whole": 4797.87646484375
        },
        "8": {
            "forward": 1.8912044307764833,
            "backward": 10.619070425165564,
            "per_epoch_whole": 4809.0205078125
        },
        "9": {
            "forward": 1.8883598663402665,
            "backward": 10.641861970036901,
            "per_epoch_whole": 4833.79150390625
        },
        "10": {
            "forward": 1.868661923392008,
            "backward": 10.579031718230997,
            "per_epoch_whole": 4823.3916015625
        }
    }
}