{
    "path": "240904_all_decom_tuning_relu_d0_w3_cd2_cd256_R1_65536_decom_dim_uv_lr0.0005sample_type__knights",
    "depth": 0,
    "width": 3,
    "coord_depth": 2,
    "coord_width": 256,
    "dataset_name": "knights",
    "model_info": "relu",
    "lr": 0.0005,
    "batch_size": 65536,
    "omega": 5,
    "sigma": 5,
    "decom_dim": "uv",
    "R": 1,
    "result": {
        "0": 0,
        "1": 13.518753927892439,
        "2": 13.464976388487587,
        "3": 13.464477151010929,
        "4": 13.548957210656711,
        "5": 14.005245267549306,
        "6": 14.053686377310392,
        "7": 14.024673009097967,
        "8": 14.053712396908614,
        "9": 14.065218484412139,
        "10": 14.077517951525412
    },
    "result_time": {
        "1": {
            "forward": 2.108068171592116,
            "backward": 1.777829121347118,
            "per_epoch_whole": 9352.0712890625
        },
        "2": {
            "forward": 0.7248033206510295,
            "backward": 1.7929516108803258,
            "per_epoch_whole": 7764.4677734375
        },
        "3": {
            "forward": 0.7268619244744223,
            "backward": 1.7847530806765832,
            "per_epoch_whole": 7759.2470703125
        },
        "4": {
            "forward": 0.7310868656862156,
            "backward": 1.7904346015007846,
            "per_epoch_whole": 7765.85546875
        },
        "5": {
            "forward": 0.7275333420782776,
            "backward": 1.8066895790784834,
            "per_epoch_whole": 7761.42236328125
        },
        "6": {
            "forward": 0.7339425611093803,
            "backward": 1.7815221027313213,
            "per_epoch_whole": 7752.75146484375
        },
        "7": {
            "forward": 0.7284372045713321,
            "backward": 1.809381146950701,
            "per_epoch_whole": 7770.1923828125
        },
        "8": {
            "forward": 0.7140555854074686,
            "backward": 1.799977909734918,
            "per_epoch_whole": 7748.076171875
        },
        "9": {
            "forward": 0.7340646095341875,
            "backward": 1.7753795994813046,
            "per_epoch_whole": 7742.37255859375
        },
        "10": {
            "forward": 0.7243648169878036,
            "backward": 1.7919137994517094,
            "per_epoch_whole": 7748.5048828125
        }
    }
}