{
    "path": "240904_all_decom_tuning_relu_d0_w3_cd4_cd512_R1_262144_decom_dim_uv_lr0.001sample_type__knights",
    "depth": 0,
    "width": 3,
    "coord_depth": 4,
    "coord_width": 512,
    "dataset_name": "knights",
    "model_info": "relu",
    "lr": 0.001,
    "batch_size": 262144,
    "omega": 5,
    "sigma": 5,
    "decom_dim": "uv",
    "R": 1,
    "result": {
        "0": 0,
        "1": 13.391950573500266,
        "2": 13.505567580479177,
        "3": 13.5517459796431,
        "4": 13.497130320951458,
        "5": 13.583394537384196,
        "6": 13.640313833896599,
        "7": 13.626029980881082,
        "8": 13.777038224237465,
        "9": 13.789933613575144,
        "10": 13.955553038994085
    },
    "result_time": {
        "1": {
            "forward": 11.242883873645827,
            "backward": 22.35130253960103,
            "per_epoch_whole": 10931.2119140625
        },
        "2": {
            "forward": 5.378784776971416,
            "backward": 22.39976957512561,
            "per_epoch_whole": 9257.794921875
        },
        "3": {
            "forward": 5.315803344686967,
            "backward": 22.678613854114563,
            "per_epoch_whole": 9336.2705078125
        },
        "4": {
            "forward": 5.363989366792065,
            "backward": 22.19325330595658,
            "per_epoch_whole": 9192.4462890625
        },
        "5": {
            "forward": 5.3669316929516935,
            "backward": 22.385961001307077,
            "per_epoch_whole": 9248.3603515625
        },
        "6": {
            "forward": 5.392324974792643,
            "backward": 22.346436332253845,
            "per_epoch_whole": 9245.53125
        },
        "7": {
            "forward": 5.376121357650493,
            "backward": 22.421059776754944,
            "per_epoch_whole": 9268.388671875
        },
        "8": {
            "forward": 5.346858625593484,
            "backward": 22.16799478629882,
            "per_epoch_whole": 9181.515625
        },
        "9": {
            "forward": 5.340901425965523,
            "backward": 22.329196850733766,
            "per_epoch_whole": 9229.4384765625
        },
        "10": {
            "forward": 5.409812149910776,
            "backward": 22.250501427270958,
            "per_epoch_whole": 9221.1806640625
        }
    }
}