{
    "path": "240904_all_decom_tuning_relu_d0_w3_cd4_cd512_R1_65536_decom_dim_uv_lr0.0001sample_type__knights",
    "depth": 0,
    "width": 3,
    "coord_depth": 4,
    "coord_width": 512,
    "dataset_name": "knights",
    "model_info": "relu",
    "lr": 0.0001,
    "batch_size": 65536,
    "omega": 5,
    "sigma": 5,
    "decom_dim": "uv",
    "R": 1,
    "result": {
        "0": 0,
        "1": 13.467727936011338,
        "2": 13.84560314225526,
        "3": 13.951443746308385,
        "4": 14.03057495251873,
        "5": 14.115883818834535,
        "6": 14.119245963221093,
        "7": 14.171470453635552,
        "8": 14.193717173333246,
        "9": 14.200969497030622,
        "10": 14.227368885908858
    },
    "result_time": {
        "1": {
            "forward": 2.5002313017277995,
            "backward": 5.553854200048019,
            "per_epoch_whole": 14013.580078125
        },
        "2": {
            "forward": 1.0060307539767464,
            "backward": 5.568017491213598,
            "per_epoch_whole": 12341.42578125
        },
        "3": {
            "forward": 1.001286062814785,
            "backward": 5.556231504286857,
            "per_epoch_whole": 12330.5888671875
        },
        "4": {
            "forward": 0.9972891067654209,
            "backward": 5.576955652979412,
            "per_epoch_whole": 12343.1611328125
        },
        "5": {
            "forward": 0.9576281797411529,
            "backward": 5.547227180540347,
            "per_epoch_whole": 12302.94921875
        },
        "6": {
            "forward": 1.000328055457261,
            "backward": 5.526936749892245,
            "per_epoch_whole": 12270.087890625
        },
        "7": {
            "forward": 1.0303366086784125,
            "backward": 5.589700707514794,
            "per_epoch_whole": 12352.22265625
        },
        "8": {
            "forward": 0.974938657663273,
            "backward": 5.5499102592880805,
            "per_epoch_whole": 12286.005859375
        },
        "9": {
            "forward": 0.9967000961406823,
            "backward": 5.576000083895292,
            "per_epoch_whole": 12340.3837890625
        },
        "10": {
            "forward": 1.0128157508002016,
            "backward": 5.594164484924927,
            "per_epoch_whole": 12351.5966796875
        }
    }
}