{
    "path": "240904_all_decom_tuning_relu_d0_w3_cd2_cd256_R1_8192_decom_dim_uv_lr0.001sample_type__knights",
    "depth": 0,
    "width": 3,
    "coord_depth": 2,
    "coord_width": 256,
    "dataset_name": "knights",
    "model_info": "relu",
    "lr": 0.001,
    "batch_size": 8192,
    "omega": 5,
    "sigma": 5,
    "decom_dim": "uv",
    "R": 1,
    "result": {
        "0": 0,
        "1": 13.549089100162758,
        "2": 13.765060205087194,
        "3": 13.827501564384278,
        "4": 13.915814840499053,
        "5": 13.992662508808856,
        "6": 14.056473999724643,
        "7": 14.068398499766907,
        "8": 14.061728008239136,
        "9": 14.09486602235277,
        "10": 14.096465660443318
    },
    "result_time": {
        "1": {
            "forward": 0.5341692480136087,
            "backward": 0.693378544854044,
            "per_epoch_whole": 43980.51171875
        },
        "2": {
            "forward": 0.35792087068761147,
            "backward": 0.6138535192249147,
            "per_epoch_whole": 46972.6171875
        },
        "3": {
            "forward": 0.3617247261371134,
            "backward": 0.6170900112507838,
            "per_epoch_whole": 47101.46875
        },
        "4": {
            "forward": 0.3656005407361215,
            "backward": 0.6231455169295922,
            "per_epoch_whole": 47169.98046875
        },
        "5": {
            "forward": 0.3628027697172656,
            "backward": 0.6235003448043134,
            "per_epoch_whole": 47229.0703125
        },
        "6": {
            "forward": 0.35359428442166263,
            "backward": 0.6897706070360674,
            "per_epoch_whole": 42052.01953125
        },
        "7": {
            "forward": 0.36868827148488015,
            "backward": 0.6171707354492448,
            "per_epoch_whole": 47225.71484375
        },
        "8": {
            "forward": 0.36154346514950103,
            "backward": 0.616115251117771,
            "per_epoch_whole": 47149.62109375
        },
        "9": {
            "forward": 0.35243335102561585,
            "backward": 0.6316525384487299,
            "per_epoch_whole": 47323.8125
        },
        "10": {
            "forward": 0.3576930046152376,
            "backward": 0.6897716557052892,
            "per_epoch_whole": 42137.8125
        }
    }
}