{
    "path": "240904_all_decom_tuning_relu_d0_w3_cd4_cd512_R1_262144_decom_dim_uv_lr0.0005sample_type__knights",
    "depth": 0,
    "width": 3,
    "coord_depth": 4,
    "coord_width": 512,
    "dataset_name": "knights",
    "model_info": "relu",
    "lr": 0.0005,
    "batch_size": 262144,
    "omega": 5,
    "sigma": 5,
    "decom_dim": "uv",
    "R": 1,
    "result": {
        "0": 0,
        "1": 13.350694774614265,
        "2": 13.365660058314953,
        "3": 13.380947985124719,
        "4": 13.374019742952381,
        "5": 13.370397022437759,
        "6": 13.51228776778192,
        "7": 13.667963383486521,
        "8": 13.859618201715799,
        "9": 13.903168192250687,
        "10": 13.928149033948156
    },
    "result_time": {
        "1": {
            "forward": 11.144396795121036,
            "backward": 22.511737783887394,
            "per_epoch_whole": 10970.4814453125
        },
        "2": {
            "forward": 5.3928351006293385,
            "backward": 22.324246165661652,
            "per_epoch_whole": 9239.908203125
        },
        "3": {
            "forward": 5.418595540894768,
            "backward": 22.312968785375052,
            "per_epoch_whole": 9242.857421875
        },
        "4": {
            "forward": 5.410207776462335,
            "backward": 22.267562714415032,
            "per_epoch_whole": 9225.0927734375
        },
        "5": {
            "forward": 5.414206114607285,
            "backward": 22.235838517185737,
            "per_epoch_whole": 9227.2197265625
        },
        "6": {
            "forward": 5.405594904117521,
            "backward": 22.716131520518775,
            "per_epoch_whole": 9359.978515625
        },
        "7": {
            "forward": 5.393482528343335,
            "backward": 22.371809335728425,
            "per_epoch_whole": 9254.6943359375
        },
        "8": {
            "forward": 5.397391274726099,
            "backward": 22.18161759162031,
            "per_epoch_whole": 9203.6396484375
        },
        "9": {
            "forward": 5.394422813270333,
            "backward": 22.40534653713134,
            "per_epoch_whole": 9261.8359375
        },
        "10": {
            "forward": 5.407827920154718,
            "backward": 22.329667371862083,
            "per_epoch_whole": 9249.876953125
        }
    }
}