{
    "path": "240904_all_decom_tuning_relu_d0_w3_cd4_cd1024_R1_262144_decom_dim_uv_lr0.001sample_type__knights",
    "depth": 0,
    "width": 3,
    "coord_depth": 4,
    "coord_width": 1024,
    "dataset_name": "knights",
    "model_info": "relu",
    "lr": 0.001,
    "batch_size": 262144,
    "omega": 5,
    "sigma": 5,
    "decom_dim": "uv",
    "R": 1,
    "result": {
        "0": 0,
        "1": 13.37332039138689,
        "2": 13.489537382712406,
        "3": 13.416601058715534,
        "4": 13.55093959248115,
        "5": 13.594821945255184,
        "6": 13.806889743190565,
        "7": 14.045524436384133,
        "8": 13.915931470157556,
        "9": 14.040035315511691,
        "10": 14.086989407170714
    },
    "result_time": {
        "1": {
            "forward": 15.946383322811464,
            "backward": 46.681265312907605,
            "per_epoch_whole": 19373.1640625
        },
        "2": {
            "forward": 9.706665103410769,
            "backward": 46.20380712462961,
            "per_epoch_whole": 17435.904296875
        },
        "3": {
            "forward": 10.068912514353288,
            "backward": 46.53007752837605,
            "per_epoch_whole": 17633.22265625
        },
        "4": {
            "forward": 10.569597767298621,
            "backward": 46.60325252968549,
            "per_epoch_whole": 17780.296875
        },
        "5": {
            "forward": 9.87378999188697,
            "backward": 46.56850643223955,
            "per_epoch_whole": 17575.130859375
        },
        "6": {
            "forward": 9.878953095125903,
            "backward": 46.11268147465265,
            "per_epoch_whole": 17449.056640625
        },
        "7": {
            "forward": 9.746122520275177,
            "backward": 46.73253660631017,
            "per_epoch_whole": 17587.681640625
        },
        "8": {
            "forward": 9.972354299881882,
            "backward": 46.467210657456334,
            "per_epoch_whole": 17567.076171875
        },
        "9": {
            "forward": 10.486817214728227,
            "backward": 46.61164465247556,
            "per_epoch_whole": 17759.734375
        },
        "10": {
            "forward": 9.990043678085694,
            "backward": 46.52311270954699,
            "per_epoch_whole": 17597.26953125
        }
    }
}