{
    "path": "240904_all_decom_tuning_relu_d0_w3_cd2_cd1024_R1_262144_decom_dim_uv_lr0.001sample_type__knights",
    "depth": 0,
    "width": 3,
    "coord_depth": 2,
    "coord_width": 1024,
    "dataset_name": "knights",
    "model_info": "relu",
    "lr": 0.001,
    "batch_size": 262144,
    "omega": 5,
    "sigma": 5,
    "decom_dim": "uv",
    "R": 1,
    "result": {
        "0": 0,
        "1": 13.350410263980178,
        "2": 13.335577037458753,
        "3": 13.353990749411487,
        "4": 13.360309404066216,
        "5": 13.276048551719455,
        "6": 13.466378183168136,
        "7": 13.486595189671569,
        "8": 13.478932330684504,
        "9": 13.66019273023053,
        "10": 13.744468058187126
    },
    "result_time": {
        "1": {
            "forward": 16.054797099948356,
            "backward": 47.015412987309766,
            "per_epoch_whole": 19502.59765625
        },
        "2": {
            "forward": 9.750948874595668,
            "backward": 46.39253628212686,
            "per_epoch_whole": 17488.923828125
        },
        "3": {
            "forward": 9.843005662145913,
            "backward": 46.908115307765044,
            "per_epoch_whole": 17662.9765625
        },
        "4": {
            "forward": 9.81067568373103,
            "backward": 46.39838005514703,
            "per_epoch_whole": 17513.357421875
        },
        "5": {
            "forward": 9.954652669108041,
            "backward": 46.51796946806065,
            "per_epoch_whole": 17582.208984375
        },
        "6": {
            "forward": 9.84790455511285,
            "backward": 46.41937698047467,
            "per_epoch_whole": 17540.736328125
        },
        "7": {
            "forward": 9.909226072700791,
            "backward": 46.464470120862266,
            "per_epoch_whole": 17551.03515625
        },
        "8": {
            "forward": 9.68475436834315,
            "backward": 46.40086700017066,
            "per_epoch_whole": 17479.662109375
        },
        "9": {
            "forward": 9.825433722829334,
            "backward": 46.423496167139994,
            "per_epoch_whole": 17515.609375
        },
        "10": {
            "forward": 9.782634283019595,
            "backward": 46.430144458493544,
            "per_epoch_whole": 17506.63671875
        }
    }
}