{
    "path": "240904_all_decom_tuning_relu_d0_w3_cd4_cd1024_R1_8192_decom_dim_uv_lr0.001sample_type__knights",
    "depth": 0,
    "width": 3,
    "coord_depth": 4,
    "coord_width": 1024,
    "dataset_name": "knights",
    "model_info": "relu",
    "lr": 0.001,
    "batch_size": 8192,
    "omega": 5,
    "sigma": 5,
    "decom_dim": "uv",
    "R": 1,
    "result": {
        "0": 0,
        "1": 13.134978673060132,
        "2": 13.019258212814833,
        "3": 13.223810581143535,
        "4": 13.237980530410352,
        "5": 13.265759424802845,
        "6": 13.324915711598841,
        "7": 13.349163002424463,
        "8": 13.353397711819559,
        "9": 13.360841860814702,
        "10": 13.36040455499785
    },
    "result_time": {
        "1": {
            "forward": 0.7128816422729205,
            "backward": 1.477073086045389,
            "per_epoch_whole": 54925.625
        },
        "2": {
            "forward": 0.5557391530283013,
            "backward": 1.4601403280551177,
            "per_epoch_whole": 57304.05859375
        },
        "3": {
            "forward": 0.5580631044812474,
            "backward": 1.460283912679615,
            "per_epoch_whole": 57271.203125
        },
        "4": {
            "forward": 0.5701675749187248,
            "backward": 1.464330546712583,
            "per_epoch_whole": 57296.09765625
        },
        "5": {
            "forward": 0.5463733157194527,
            "backward": 1.4753733938591997,
            "per_epoch_whole": 53416.94140625
        },
        "6": {
            "forward": 0.5411872673218941,
            "backward": 1.4612100891717272,
            "per_epoch_whole": 57230.359375
        },
        "7": {
            "forward": 0.5568683437300511,
            "backward": 1.457574359531207,
            "per_epoch_whole": 57239.57421875
        },
        "8": {
            "forward": 0.5652655894097849,
            "backward": 1.4640334974007472,
            "per_epoch_whole": 57302.765625
        },
        "9": {
            "forward": 0.5329881630238492,
            "backward": 1.478715794979489,
            "per_epoch_whole": 53465.73828125
        },
        "10": {
            "forward": 0.5518806442412062,
            "backward": 1.4628121309807256,
            "per_epoch_whole": 57271.61328125
        }
    }
}