{
    "result": {
        "0": 18.907107992213835,
        "1": 19.370433874753605,
        "2": 19.539054986243272
    },
    "path": "240719_wire_lf_debug2_bracelet",
    "depth": 4,
    "width": 256,
    "dataset_name": "bracelet"
}