{
    "path": "240823_benchmark__gauss_8_65536_knights",
    "depth": 8,
    "width": 256,
    "dataset_name": "knights",
    "model_info": "gauss",
    "lr": 0.005,
    "batch_size": 65536,
    "omega": 30,
    "result": {
        "0": 0,
        "1": 12.187859077396588,
        "2": 12.189132484212932,
        "3": 12.189636677418413,
        "4": 12.1897327987735,
        "5": 12.189695790155755,
        "6": 12.190327436710326,
        "7": 12.190264663646325,
        "8": 12.190217324090884,
        "9": 12.190159869763388,
        "10": 12.190301171676897
    },
    "result_time": {
        "1": {
            "forward": 22.800183277470737,
            "backward": 37.96754136085514,
            "per_epoch_whole": 68526.8515625
        },
        "2": {
            "forward": 22.51081540073671,
            "backward": 38.08213109288892,
            "per_epoch_whole": 68328.21875
        },
        "3": {
            "forward": 22.46822632551186,
            "backward": 38.06400218350547,
            "per_epoch_whole": 68296.5859375
        },
        "4": {
            "forward": 22.40337625741956,
            "backward": 37.950723518644125,
            "per_epoch_whole": 68063.28125
        },
        "5": {
            "forward": 22.39192271743502,
            "backward": 37.92916754654476,
            "per_epoch_whole": 68018.78125
        },
        "6": {
            "forward": 22.373457860946687,
            "backward": 37.92111975465504,
            "per_epoch_whole": 67990.7109375
        },
        "7": {
            "forward": 22.36548595428464,
            "backward": 37.90574490683422,
            "per_epoch_whole": 67959.640625
        },
        "8": {
            "forward": 22.368502809320177,
            "backward": 37.95127424171995,
            "per_epoch_whole": 68041.0
        },
        "9": {
            "forward": 22.370808386802665,
            "backward": 37.92735682896205,
            "per_epoch_whole": 67989.234375
        },
        "10": {
            "forward": 22.38376530919756,
            "backward": 37.97472897938323,
            "per_epoch_whole": 68102.4296875
        }
    }
}