{
    "path": "240823_benchmark__wire_4_65536_knights",
    "depth": 4,
    "width": 256,
    "dataset_name": "knights",
    "model_info": "wire",
    "lr": 0.005,
    "batch_size": 65536,
    "result": {
        "0": 0,
        "1": 24.329056663512944,
        "2": 26.421243606053736,
        "3": 27.49902148740979,
        "4": 28.79267012613326,
        "5": 28.825501601173382,
        "6": 29.76076073615245,
        "7": 30.868297471761334,
        "8": 31.02194430563546,
        "9": 31.654097489484975,
        "10": 32.07282410402277
    },
    "result_time": {
        "1": {
            "forward": 26.79635621820172,
            "backward": 48.16911511080601,
            "per_epoch_whole": 84443.9453125
        },
        "2": {
            "forward": 26.602196104185943,
            "backward": 48.38687511171617,
            "per_epoch_whole": 84453.984375
        },
        "3": {
            "forward": 26.637114300046676,
            "backward": 48.45438737188066,
            "per_epoch_whole": 84577.109375
        },
        "4": {
            "forward": 26.66913115467344,
            "backward": 48.431768127850106,
            "per_epoch_whole": 84577.8828125
        },
        "5": {
            "forward": 26.680426970550013,
            "backward": 48.42981250626701,
            "per_epoch_whole": 84592.4375
        },
        "6": {
            "forward": 26.675418923582335,
            "backward": 48.44017143590111,
            "per_epoch_whole": 84594.828125
        },
        "7": {
            "forward": 26.679504248074114,
            "backward": 48.4500424351011,
            "per_epoch_whole": 84612.359375
        },
        "8": {
            "forward": 26.690148798056963,
            "backward": 48.465229105949355,
            "per_epoch_whole": 84643.2890625
        },
        "9": {
            "forward": 26.690431012426135,
            "backward": 48.48577575683598,
            "per_epoch_whole": 84668.1953125
        },
        "10": {
            "forward": 26.6934604065759,
            "backward": 48.48854991708478,
            "per_epoch_whole": 84676.953125
        }
    }
}