{
    "path": "240823_benchmark__relu_skip2_8_65536_knights",
    "depth": 8,
    "width": 256,
    "dataset_name": "knights",
    "model_info": "relu_skip2",
    "lr": 0.005,
    "batch_size": 65536,
    "result": {
        "0": 0,
        "1": 20.624993408266587,
        "2": 22.0828470815534,
        "3": 22.979659732634317,
        "4": 23.362601920785075,
        "5": 23.78968165967329,
        "6": 24.14435394460501,
        "7": 24.34015923141408,
        "8": 24.54328178254282,
        "9": 24.777893393160177,
        "10": 24.9264922823189
    },
    "result_time": {
        "1": {
            "forward": 14.991454316888536,
            "backward": 23.24420240947182,
            "per_epoch_whole": 43245.07421875
        },
        "2": {
            "forward": 14.798104343244017,
            "backward": 23.419642976352154,
            "per_epoch_whole": 43234.55078125
        },
        "3": {
            "forward": 14.819360189778486,
            "backward": 23.459537516321443,
            "per_epoch_whole": 43286.828125
        },
        "4": {
            "forward": 14.828724216563385,
            "backward": 23.458040450300466,
            "per_epoch_whole": 43294.2421875
        },
        "5": {
            "forward": 14.82234936186247,
            "backward": 23.458972881521483,
            "per_epoch_whole": 43289.6875
        },
        "6": {
            "forward": 14.824775703464228,
            "backward": 23.45727526290078,
            "per_epoch_whole": 43290.55078125
        },
        "7": {
            "forward": 14.815731304883947,
            "backward": 23.45140154021127,
            "per_epoch_whole": 43271.26171875
        },
        "8": {
            "forward": 14.806875970533927,
            "backward": 23.427907606533584,
            "per_epoch_whole": 43240.66015625
        },
        "9": {
            "forward": 14.797159921271446,
            "backward": 23.420471661431414,
            "per_epoch_whole": 43223.66015625
        },
        "10": {
            "forward": 14.795308131831032,
            "backward": 23.404689056532714,
            "per_epoch_whole": 43237.58203125
        }
    }
}