{
    "path": "240823_benchmark__relu_4_8192_knights",
    "depth": 4,
    "width": 256,
    "dataset_name": "knights",
    "model_info": "relu",
    "lr": 0.005,
    "batch_size": 8192,
    "result": {
        "0": 0,
        "1": 22.335037985108784,
        "2": 23.925772047718066,
        "3": 24.39803566696605,
        "4": 24.844348643614214,
        "5": 24.89428525583132,
        "6": 25.159623895677687,
        "7": 25.383969938711566,
        "8": 25.7776654606468,
        "9": 25.861495571620974,
        "10": 25.894798452245126
    },
    "result_time": {
        "1": {
            "forward": 1.0732116208744376,
            "backward": 1.8798781251002552,
            "per_epoch_whole": 27759.46484375
        },
        "2": {
            "forward": 1.0320713765320455,
            "backward": 1.8829873856955344,
            "per_epoch_whole": 27367.857421875
        },
        "3": {
            "forward": 1.0316086934081046,
            "backward": 1.8930698393844054,
            "per_epoch_whole": 27459.466796875
        },
        "4": {
            "forward": 1.0330526458831124,
            "backward": 1.8872587879321414,
            "per_epoch_whole": 27450.828125
        },
        "5": {
            "forward": 1.032937093291957,
            "backward": 1.8821732389607644,
            "per_epoch_whole": 27345.349609375
        },
        "6": {
            "forward": 1.0378236657074953,
            "backward": 1.8965900743380233,
            "per_epoch_whole": 27578.767578125
        },
        "7": {
            "forward": 1.031827744163034,
            "backward": 1.8971543000611888,
            "per_epoch_whole": 27509.5859375
        },
        "8": {
            "forward": 1.0319441222319625,
            "backward": 1.8948759643893174,
            "per_epoch_whole": 27577.251953125
        },
        "9": {
            "forward": 1.0345744643626351,
            "backward": 1.885057277857724,
            "per_epoch_whole": 27597.185546875
        },
        "10": {
            "forward": 1.0296417335447479,
            "backward": 1.879165042165132,
            "per_epoch_whole": 27260.708984375
        }
    }
}