{
    "path": "240823_benchmark__wire_4_8192_knights",
    "depth": 4,
    "width": 256,
    "dataset_name": "knights",
    "model_info": "wire",
    "lr": 0.005,
    "batch_size": 8192,
    "result": {
        "0": 0,
        "1": 24.085344824590347,
        "2": 25.444760605391473,
        "3": 27.012506063676035,
        "4": 28.093803144490344,
        "5": 28.53318328849596,
        "6": 29.593583461983183,
        "7": 30.343843137073097,
        "8": 31.17043392089863,
        "9": 31.488414651869032,
        "10": 32.01596826787951
    },
    "result_time": {
        "1": {
            "forward": 3.515237625741546,
            "backward": 6.929576833067205,
            "per_epoch_whole": 95263.1640625
        },
        "2": {
            "forward": 3.4906250030866754,
            "backward": 6.970791311349186,
            "per_epoch_whole": 95432.1953125
        },
        "3": {
            "forward": 4.541725334551716,
            "backward": 10.039321596068975,
            "per_epoch_whole": 152455.0625
        },
        "4": {
            "forward": 3.4937264188857835,
            "backward": 6.950584256861877,
            "per_epoch_whole": 95501.5859375
        },
        "5": {
            "forward": 3.49867669713815,
            "backward": 6.904407290901458,
            "per_epoch_whole": 95039.6171875
        },
        "6": {
            "forward": 3.501564355567072,
            "backward": 6.920414082386662,
            "per_epoch_whole": 95242.140625
        },
        "7": {
            "forward": 3.4973080539011354,
            "backward": 6.897083142985167,
            "per_epoch_whole": 94941.828125
        },
        "8": {
            "forward": 3.4981281210002857,
            "backward": 6.909805291891111,
            "per_epoch_whole": 95091.015625
        },
        "9": {
            "forward": 3.49681136110528,
            "backward": 6.906049717057985,
            "per_epoch_whole": 95029.7734375
        },
        "10": {
            "forward": 3.4945416998384062,
            "backward": 6.885316779837004,
            "per_epoch_whole": 94832.8984375
        }
    }
}