{
    "path": "240823_benchmark__relu_skip2_2_8192_knights",
    "depth": 2,
    "width": 256,
    "dataset_name": "knights",
    "model_info": "relu_skip2",
    "lr": 0.005,
    "batch_size": 8192,
    "result": {
        "0": 0,
        "1": 20.941617307323035,
        "2": 21.879593784220575,
        "3": 22.284823046465945,
        "4": 22.8504467131804,
        "5": 23.440900457786242,
        "6": 23.66419817342647,
        "7": 24.055930908596167,
        "8": 24.294061686938356,
        "9": 24.392977109616844,
        "10": 24.48612685644772
    },
    "result_time": {
        "1": {
            "forward": 0.8631964444182899,
            "backward": 1.3914819502271643,
            "per_epoch_whole": 21448.748046875
        },
        "2": {
            "forward": 0.828259910503412,
            "backward": 1.4013547036264589,
            "per_epoch_whole": 21200.650390625
        },
        "3": {
            "forward": 0.8276323035093398,
            "backward": 1.4110051571657631,
            "per_epoch_whole": 21316.431640625
        },
        "4": {
            "forward": 0.8319990172915788,
            "backward": 1.4149871493423665,
            "per_epoch_whole": 21417.994140625
        },
        "5": {
            "forward": 0.827983777983387,
            "backward": 1.4084825178741354,
            "per_epoch_whole": 21283.5
        },
        "6": {
            "forward": 0.8297728072519343,
            "backward": 1.395010750833898,
            "per_epoch_whole": 21170.267578125
        },
        "7": {
            "forward": 0.8324476033316206,
            "backward": 1.3993890535086335,
            "per_epoch_whole": 21245.341796875
        },
        "8": {
            "forward": 0.8282978994771918,
            "backward": 1.4089252324774875,
            "per_epoch_whole": 21285.228515625
        },
        "9": {
            "forward": 0.8286636212242072,
            "backward": 1.414045145748449,
            "per_epoch_whole": 21386.189453125
        },
        "10": {
            "forward": 0.8325147565454282,
            "backward": 1.402947100571223,
            "per_epoch_whole": 21308.763671875
        }
    }
}