{
    "path": "240823_benchmark__siren_2_65536_knights",
    "depth": 2,
    "width": 256,
    "dataset_name": "knights",
    "model_info": "siren",
    "lr": 0.005,
    "batch_size": 65536,
    "result": {
        "0": 0,
        "1": 20.801243716922627,
        "2": 21.468262194775164,
        "3": 22.066507715867985,
        "4": 22.677491583009292,
        "5": 23.091875621071434,
        "6": 23.37257478947758,
        "7": 23.401069063082335,
        "8": 23.479740895900605,
        "9": 24.06115942009525,
        "10": 24.22744278936347
    },
    "result_time": {
        "1": {
            "forward": 5.6561670869588845,
            "backward": 8.678877827950881,
            "per_epoch_whole": 16445.92578125
        },
        "2": {
            "forward": 5.336601237739842,
            "backward": 8.680853692122874,
            "per_epoch_whole": 16085.5361328125
        },
        "3": {
            "forward": 5.3463959834405355,
            "backward": 8.719551496846334,
            "per_epoch_whole": 16143.6435546875
        },
        "4": {
            "forward": 5.357398946796148,
            "backward": 8.726060454334537,
            "per_epoch_whole": 16164.4365234375
        },
        "5": {
            "forward": 5.361399156280925,
            "backward": 8.718140969957611,
            "per_epoch_whole": 16161.9716796875
        },
        "6": {
            "forward": 5.360739891869692,
            "backward": 8.728414541482925,
            "per_epoch_whole": 16160.521484375
        },
        "7": {
            "forward": 5.364349409937857,
            "backward": 8.726486154964984,
            "per_epoch_whole": 16179.2314453125
        },
        "8": {
            "forward": 5.36297621173518,
            "backward": 8.75445556555476,
            "per_epoch_whole": 16200.873046875
        },
        "9": {
            "forward": 5.360479494929311,
            "backward": 8.742012252977922,
            "per_epoch_whole": 16176.4482421875
        },
        "10": {
            "forward": 5.363030498794142,
            "backward": 8.730499927486683,
            "per_epoch_whole": 16166.09375
        }
    }
}