{
    "path": "240823_benchmark__wire_8_8192_knights",
    "depth": 8,
    "width": 256,
    "dataset_name": "knights",
    "model_info": "wire",
    "lr": 0.005,
    "batch_size": 8192,
    "result": {
        "0": 0,
        "1": 12.189475015089558,
        "2": 12.189917500265553,
        "3": 12.18899981317076,
        "4": 12.18498987906422,
        "5": 12.188277483922068,
        "6": 12.189714362865999,
        "7": 12.189865866231761,
        "8": 12.189815075980455,
        "9": 12.189783284651858,
        "10": 12.189793394988897
    },
    "result_time": {
        "1": {
            "forward": 6.4931007646556544,
            "backward": 12.61743463724852,
            "per_epoch_whole": 173344.453125
        },
        "2": {
            "forward": 6.467776322418094,
            "backward": 12.659588870406166,
            "per_epoch_whole": 173480.359375
        },
        "3": {
            "forward": 6.465823641100157,
            "backward": 12.645269370398296,
            "per_epoch_whole": 173334.375
        },
        "4": {
            "forward": 6.464860043461875,
            "backward": 12.616172393198486,
            "per_epoch_whole": 172943.953125
        },
        "5": {
            "forward": 6.4567656711276395,
            "backward": 12.611499754978063,
            "per_epoch_whole": 172901.203125
        },
        "6": {
            "forward": 6.4530547933387465,
            "backward": 12.604561854260297,
            "per_epoch_whole": 172934.34375
        },
        "7": {
            "forward": 6.4542098474290155,
            "backward": 12.656663996619773,
            "per_epoch_whole": 173321.921875
        },
        "8": {
            "forward": 6.46032528951769,
            "backward": 12.655970003243027,
            "per_epoch_whole": 173330.078125
        },
        "9": {
            "forward": 6.451237311001409,
            "backward": 12.639402955557609,
            "per_epoch_whole": 173120.609375
        },
        "10": {
            "forward": 6.453134744029059,
            "backward": 12.658485825466288,
            "per_epoch_whole": 173508.921875
        }
    }
}