{
    "path": "240823_benchmark__relu_8_65536_knights",
    "depth": 8,
    "width": 256,
    "dataset_name": "knights",
    "model_info": "relu",
    "lr": 0.005,
    "batch_size": 65536,
    "result": {
        "0": 0,
        "1": 16.38481446088269,
        "2": 17.982019055135076,
        "3": 18.214466649428406,
        "4": 18.83941620660987,
        "5": 19.185722226195626,
        "6": 18.959327071054176,
        "7": 19.379937075815732,
        "8": 19.33841410896598,
        "9": 19.621799152658166,
        "10": 19.80522967146444
    },
    "result_time": {
        "1": {
            "forward": 13.498756442751208,
            "backward": 21.225706383160173,
            "per_epoch_whole": 39342.99609375
        },
        "2": {
            "forward": 13.310944708756054,
            "backward": 21.41100292205807,
            "per_epoch_whole": 39336.32421875
        },
        "3": {
            "forward": 13.326540847335542,
            "backward": 21.449523799759994,
            "per_epoch_whole": 39360.01953125
        },
        "4": {
            "forward": 13.320371320417948,
            "backward": 21.446386245318784,
            "per_epoch_whole": 39371.671875
        },
        "5": {
            "forward": 13.298699859210416,
            "backward": 21.416219692570852,
            "per_epoch_whole": 39297.875
        },
        "6": {
            "forward": 13.279648349114828,
            "backward": 21.38752507311961,
            "per_epoch_whole": 39257.8203125
        },
        "7": {
            "forward": 13.268251343284355,
            "backward": 21.38026548113142,
            "per_epoch_whole": 39220.81640625
        },
        "8": {
            "forward": 13.2588198525565,
            "backward": 21.352501877716602,
            "per_epoch_whole": 39196.046875
        },
        "9": {
            "forward": 13.249525724990022,
            "backward": 21.337933433055866,
            "per_epoch_whole": 39161.6328125
        },
        "10": {
            "forward": 13.240721053736555,
            "backward": 21.317560398578642,
            "per_epoch_whole": 39157.234375
        }
    }
}