{
    "path": "240823_benchmark__relu_8_8192_knights",
    "depth": 8,
    "width": 256,
    "dataset_name": "knights",
    "model_info": "relu",
    "lr": 0.005,
    "batch_size": 8192,
    "result": {
        "0": 0,
        "1": 18.045078975893897,
        "2": 18.149663721547793,
        "3": 18.290547070467365,
        "4": 18.496820996196103,
        "5": 18.3433725651,
        "6": 18.756202527278724,
        "7": 18.73149253689326,
        "8": 18.83903978128539,
        "9": 18.953954969665123,
        "10": 18.578807973844075
    },
    "result_time": {
        "1": {
            "forward": 1.9367788992822366,
            "backward": 3.480751365316757,
            "per_epoch_whole": 50133.890625
        },
        "2": {
            "forward": 1.9087431178029184,
            "backward": 3.5530191681480883,
            "per_epoch_whole": 50589.734375
        },
        "3": {
            "forward": 1.886815855053395,
            "backward": 3.4802147595477746,
            "per_epoch_whole": 49637.5703125
        },
        "4": {
            "forward": 1.8827066628661697,
            "backward": 3.475947357820601,
            "per_epoch_whole": 49556.83984375
        },
        "5": {
            "forward": 1.8782335837770823,
            "backward": 3.4828952347327387,
            "per_epoch_whole": 49587.3125
        },
        "6": {
            "forward": 1.8851861706402662,
            "backward": 3.4714736094964276,
            "per_epoch_whole": 49588.83203125
        },
        "7": {
            "forward": 1.884713667098979,
            "backward": 3.4801736555993488,
            "per_epoch_whole": 49648.09765625
        },
        "8": {
            "forward": 1.881393570719036,
            "backward": 3.4865451025111147,
            "per_epoch_whole": 49744.36328125
        },
        "9": {
            "forward": 1.8874564516091972,
            "backward": 3.4694126267518186,
            "per_epoch_whole": 49584.640625
        },
        "10": {
            "forward": 1.887450441212532,
            "backward": 3.476683170827357,
            "per_epoch_whole": 49660.98828125
        }
    }
}