{
    "path": "240823_benchmark__relu_2_65536_knights",
    "depth": 2,
    "width": 256,
    "dataset_name": "knights",
    "model_info": "relu",
    "lr": 0.005,
    "batch_size": 65536,
    "result": {
        "0": 0,
        "1": 18.186562688845566,
        "2": 19.622162998556878,
        "3": 20.32342014317419,
        "4": 20.7976592365181,
        "5": 20.826163148375194,
        "6": 21.259733557409117,
        "7": 21.60880513119824,
        "8": 22.061922766583617,
        "9": 22.168171793563474,
        "10": 22.267105659724375
    },
    "result_time": {
        "1": {
            "forward": 4.527109751105299,
            "backward": 6.44433236590454,
            "per_epoch_whole": 12667.9638671875
        },
        "2": {
            "forward": 4.234260108641213,
            "backward": 6.465789454749652,
            "per_epoch_whole": 12359.1806640625
        },
        "3": {
            "forward": 4.244879652559764,
            "backward": 6.490919290270119,
            "per_epoch_whole": 12402.265625
        },
        "4": {
            "forward": 4.250764362939765,
            "backward": 6.500614141140666,
            "per_epoch_whole": 12420.8583984375
        },
        "5": {
            "forward": 4.25702825742109,
            "backward": 6.482841997061451,
            "per_epoch_whole": 12414.791015625
        },
        "6": {
            "forward": 4.258713792903091,
            "backward": 6.497947936398632,
            "per_epoch_whole": 12432.8369140625
        },
        "7": {
            "forward": 4.25691336712667,
            "backward": 6.530776227372032,
            "per_epoch_whole": 12468.189453125
        },
        "8": {
            "forward": 4.257294425155439,
            "backward": 6.494125887325832,
            "per_epoch_whole": 12426.8623046875
        },
        "9": {
            "forward": 4.2549036194171235,
            "backward": 6.502132373196734,
            "per_epoch_whole": 12428.3115234375
        },
        "10": {
            "forward": 4.256890822308405,
            "backward": 6.491584799970899,
            "per_epoch_whole": 12429.462890625
        }
    }
}