{
    "path": "240823_benchmark__gauss_4_8192_knights",
    "depth": 4,
    "width": 256,
    "dataset_name": "knights",
    "model_info": "gauss",
    "lr": 0.005,
    "batch_size": 8192,
    "result": {
        "0": 0,
        "1": 24.229057491936533,
        "2": 25.449469308185005,
        "3": 26.903082283882195,
        "4": 27.831474993909193,
        "5": 29.135705013450533,
        "6": 30.006851071650388,
        "7": 30.459256384295415,
        "8": 31.062600392457696,
        "9": 31.690558115765334,
        "10": 32.084529436372236
    },
    "result_time": {
        "1": {
            "forward": 1.7756961858432305,
            "backward": 3.1485082135136606,
            "per_epoch_whole": 45645.6328125
        },
        "2": {
            "forward": 1.7461752848965966,
            "backward": 3.1888659896595146,
            "per_epoch_whole": 45713.39453125
        },
        "3": {
            "forward": 1.735985693481894,
            "backward": 3.161454223149582,
            "per_epoch_whole": 45350.98046875
        },
        "4": {
            "forward": 1.7305870534053853,
            "backward": 3.1603784345090244,
            "per_epoch_whole": 45278.29296875
        },
        "5": {
            "forward": 1.731262054121387,
            "backward": 3.1602019054016774,
            "per_epoch_whole": 45301.484375
        },
        "6": {
            "forward": 1.7322101498554838,
            "backward": 3.1582874586007166,
            "per_epoch_whole": 45288.34765625
        },
        "7": {
            "forward": 1.733638217805751,
            "backward": 3.15961748122105,
            "per_epoch_whole": 45316.73046875
        },
        "8": {
            "forward": 1.7258585464741565,
            "backward": 3.1615812289661402,
            "per_epoch_whole": 45275.6953125
        },
        "9": {
            "forward": 1.7354315746708704,
            "backward": 3.1588047993768282,
            "per_epoch_whole": 45313.23046875
        },
        "10": {
            "forward": 1.7327368097512879,
            "backward": 3.1706164291394394,
            "per_epoch_whole": 45521.859375
        }
    }
}