{
    "path": "240823_benchmark__relu_skip2_2_65536_knights",
    "depth": 2,
    "width": 256,
    "dataset_name": "knights",
    "model_info": "relu_skip2",
    "lr": 0.005,
    "batch_size": 65536,
    "result": {
        "0": 0,
        "1": 18.542849252295426,
        "2": 19.444775277989645,
        "3": 19.583324887322764,
        "4": 19.87384949625169,
        "5": 20.434321623649538,
        "6": 20.55507644656943,
        "7": 20.708387723983705,
        "8": 20.8209354648546,
        "9": 20.901446441911915,
        "10": 20.960803646739357
    },
    "result_time": {
        "1": {
            "forward": 5.992230339986922,
            "backward": 8.476300626141688,
            "per_epoch_whole": 16593.25
        },
        "2": {
            "forward": 5.68406339968954,
            "backward": 8.537006632345072,
            "per_epoch_whole": 16310.3779296875
        },
        "3": {
            "forward": 5.7055102837937115,
            "backward": 8.548613862054697,
            "per_epoch_whole": 16366.423828125
        },
        "4": {
            "forward": 5.715826197181436,
            "backward": 8.560100231851852,
            "per_epoch_whole": 16389.57421875
        },
        "5": {
            "forward": 5.7227251763854765,
            "backward": 8.567669604505802,
            "per_epoch_whole": 16403.671875
        },
        "6": {
            "forward": 5.7216367704527675,
            "backward": 8.59989438993591,
            "per_epoch_whole": 16425.88671875
        },
        "7": {
            "forward": 5.726185973201481,
            "backward": 8.577604605470391,
            "per_epoch_whole": 16428.423828125
        },
        "8": {
            "forward": 5.721365517803603,
            "backward": 8.585328750950948,
            "per_epoch_whole": 16412.349609375
        },
        "9": {
            "forward": 5.72035602544035,
            "backward": 8.578704949787697,
            "per_epoch_whole": 16397.6875
        },
        "10": {
            "forward": 5.722918174522264,
            "backward": 8.556300318241115,
            "per_epoch_whole": 16383.6904296875
        }
    }
}