{
    "path": "240823_decom_tune2__relu_2_8192_decom_dim_us_lr0.005_knights",
    "depth": 2,
    "width": 256,
    "dataset_name": "knights",
    "model_info": "relu",
    "lr": 0.005,
    "batch_size": 8192,
    "result_time": {
        "1": {
            "forward": 0.8510930666951371,
            "backward": 1.80027032191108,
            "per_epoch_whole": 27067.673828125
        },
        "2": {
            "forward": 0.8210894742845253,
            "backward": 1.8399560832673054,
            "per_epoch_whole": 27224.787109375
        },
        "3": {
            "forward": 0.827198010240921,
            "backward": 1.8444915566993088,
            "per_epoch_whole": 27225.935546875
        },
        "4": {
            "forward": 0.8359970695187616,
            "backward": 1.8820444814680426,
            "per_epoch_whole": 27827.966796875
        },
        "5": {
            "forward": 0.8325200625356902,
            "backward": 1.8575462732708876,
            "per_epoch_whole": 27424.10546875
        },
        "6": {
            "forward": 0.8249284603591068,
            "backward": 1.8492244288170552,
            "per_epoch_whole": 27281.111328125
        },
        "7": {
            "forward": 0.8314044012794418,
            "backward": 1.8709081832873762,
            "per_epoch_whole": 27586.611328125
        },
        "8": {
            "forward": 0.8181325746474567,
            "backward": 1.8466238477444643,
            "per_epoch_whole": 27253.71484375
        },
        "9": {
            "forward": 0.821321688650441,
            "backward": 1.8433526231549557,
            "per_epoch_whole": 27207.61328125
        },
        "10": {
            "forward": 0.8261432009056224,
            "backward": 1.8396235886432633,
            "per_epoch_whole": 27234.087890625
        }
    },
    "result": {
        "0": 0,
        "1": 13.76358424432879,
        "2": 13.45350390684498,
        "3": 13.322575772176545,
        "4": 13.44543622201045,
        "5": 13.501054867694286,
        "6": 13.507345891257861,
        "7": 13.705897838539274,
        "8": 13.7514783874031,
        "9": 13.720163932489397,
        "10": 13.755420075725349
    }
}