{
    "path": "240823_decom_tune2__relu_2_8192_decom_dim_us_lr0.0001_knights",
    "depth": 2,
    "width": 256,
    "dataset_name": "knights",
    "model_info": "relu",
    "lr": 0.0001,
    "batch_size": 8192,
    "result": {
        "0": 0,
        "1": 16.77844783548188,
        "2": 18.24253460001431,
        "3": 19.146401039160974,
        "4": 19.631419777973242,
        "5": 19.761693559212073,
        "6": 20.22285503565073,
        "7": 19.34162033178008,
        "8": 20.317902045033563,
        "9": 21.084620387914367,
        "10": 20.865204483602927
    },
    "result_time": {
        "1": {
            "forward": 0.8509361527950342,
            "backward": 1.8264049455188378,
            "per_epoch_whole": 27212.88671875
        },
        "2": {
            "forward": 0.8112112181293357,
            "backward": 1.8073895396632473,
            "per_epoch_whole": 26437.625
        },
        "3": {
            "forward": 0.8232505539863989,
            "backward": 1.8409427406595018,
            "per_epoch_whole": 27174.603515625
        },
        "4": {
            "forward": 0.8141422634654248,
            "backward": 1.8130745530308925,
            "per_epoch_whole": 26623.9921875
        },
        "5": {
            "forward": 0.817445688716626,
            "backward": 1.8418384495748714,
            "per_epoch_whole": 27004.453125
        },
        "6": {
            "forward": 0.8133682110781855,
            "backward": 1.8298567174240914,
            "per_epoch_whole": 26836.744140625
        },
        "7": {
            "forward": 0.8163690170704988,
            "backward": 1.7946621877460305,
            "per_epoch_whole": 26419.66796875
        },
        "8": {
            "forward": 0.8128164154654648,
            "backward": 1.8141189039294905,
            "per_epoch_whole": 26658.044921875
        },
        "9": {
            "forward": 0.8085820003183855,
            "backward": 1.8065748717958081,
            "per_epoch_whole": 26403.876953125
        },
        "10": {
            "forward": 0.8089239516305101,
            "backward": 1.8159165820525787,
            "per_epoch_whole": 26606.484375
        }
    }
}