{
    "path": "240823_decom_tune2__relu_2_8192_decom_dim_us_lr0.001_knights",
    "depth": 2,
    "width": 256,
    "dataset_name": "knights",
    "model_info": "relu",
    "lr": 0.001,
    "batch_size": 8192,
    "result": {
        "0": 0,
        "1": 18.92188165928756,
        "2": 20.25544685828665,
        "3": 20.209220656740094,
        "4": 19.646436885304077,
        "5": 20.489408931891063,
        "6": 21.041025243372566,
        "7": 20.799636777747228,
        "8": 20.200379471782668,
        "9": 20.787319163484504,
        "10": 21.47297560442106
    },
    "result_time": {
        "1": {
            "forward": 0.8604244002137819,
            "backward": 1.817816954982633,
            "per_epoch_whole": 27366.951171875
        },
        "2": {
            "forward": 0.819032190490032,
            "backward": 1.857261539859038,
            "per_epoch_whole": 27304.189453125
        },
        "3": {
            "forward": 0.8316176088404396,
            "backward": 1.8741639380223956,
            "per_epoch_whole": 27590.759765625
        },
        "4": {
            "forward": 0.8284303771853914,
            "backward": 1.8901247791945845,
            "per_epoch_whole": 27824.56640625
        },
        "5": {
            "forward": 0.8295851042590818,
            "backward": 1.8693071977206386,
            "per_epoch_whole": 27613.67578125
        },
        "6": {
            "forward": 0.8245661626134845,
            "backward": 1.8701884016574994,
            "per_epoch_whole": 27543.544921875
        },
        "7": {
            "forward": 0.825680276507889,
            "backward": 1.8799705194586473,
            "per_epoch_whole": 27685.052734375
        },
        "8": {
            "forward": 0.8291416510385272,
            "backward": 1.8652893877926473,
            "per_epoch_whole": 27584.966796875
        },
        "9": {
            "forward": 0.8303774117675783,
            "backward": 1.8675572840451828,
            "per_epoch_whole": 27587.5546875
        },
        "10": {
            "forward": 0.8348482626274405,
            "backward": 1.8606570663130344,
            "per_epoch_whole": 27588.892578125
        }
    }
}