{
    "path": "240823_decom_tune2__relu_2_8192_decom_dim_uv_lr0.005_knights",
    "depth": 2,
    "width": 256,
    "dataset_name": "knights",
    "model_info": "relu",
    "lr": 0.005,
    "batch_size": 8192,
    "result_time": {
        "1": {
            "forward": 0.8153562753374306,
            "backward": 1.6429933040406064,
            "per_epoch_whole": 25315.380859375
        },
        "2": {
            "forward": 0.7759845818241423,
            "backward": 1.6432259616322769,
            "per_epoch_whole": 24926.783203125
        },
        "3": {
            "forward": 0.7676338618911265,
            "backward": 1.6432091140262308,
            "per_epoch_whole": 24891.470703125
        },
        "4": {
            "forward": 0.7514506362791097,
            "backward": 1.5792168302519338,
            "per_epoch_whole": 24000.24609375
        },
        "5": {
            "forward": 0.7163771035852208,
            "backward": 1.5171059100505018,
            "per_epoch_whole": 22971.291015625
        },
        "6": {
            "forward": 0.7207038094544209,
            "backward": 1.5457351590832307,
            "per_epoch_whole": 23276.4921875
        },
        "7": {
            "forward": 0.7180902899458856,
            "backward": 1.5375429477581488,
            "per_epoch_whole": 23161.18359375
        },
        "8": {
            "forward": 0.7257809027397841,
            "backward": 1.5448892012908821,
            "per_epoch_whole": 23313.052734375
        },
        "9": {
            "forward": 0.7257860866294725,
            "backward": 1.5453905884215198,
            "per_epoch_whole": 23314.9609375
        },
        "10": {
            "forward": 0.7203823495914057,
            "backward": 1.5560018756140102,
            "per_epoch_whole": 23367.8046875
        }
    },
    "result": {
        "0": 0,
        "1": 16.20137879183285,
        "2": 18.00878599199497,
        "3": 17.917955720769097,
        "4": 18.207226539058187,
        "5": 18.337912711935434,
        "6": 18.025994289763112,
        "7": 17.699496067756215,
        "8": 17.324777119540375,
        "9": 17.152956441340436,
        "10": 17.6555532341068
    }
}