{
    "path": "240823_decom_tune2__relu_2_65536_decom_dim_uv_lr0.005_knights",
    "depth": 2,
    "width": 256,
    "dataset_name": "knights",
    "model_info": "relu",
    "lr": 0.005,
    "batch_size": 65536,
    "result": {
        "0": 0,
        "1": 17.95371201232486,
        "2": 18.981387018661316,
        "3": 19.27248117764216,
        "4": 19.942117687453166,
        "5": 20.6111463829949,
        "6": 20.641086624001115,
        "7": 20.562420940071288,
        "8": 21.376112260539696,
        "9": 21.6438525956746,
        "10": 21.307085461613077
    },
    "result_time": {
        "1": {
            "forward": 4.066592593506546,
            "backward": 7.113751803302433,
            "per_epoch_whole": 13271.681640625
        },
        "2": {
            "forward": 3.725480164004857,
            "backward": 7.123759977132797,
            "per_epoch_whole": 12890.546875
        },
        "3": {
            "forward": 3.7371549323768347,
            "backward": 7.150634880709407,
            "per_epoch_whole": 12948.0361328125
        },
        "4": {
            "forward": 3.7413310734458483,
            "backward": 7.166921132163596,
            "per_epoch_whole": 12955.703125
        },
        "5": {
            "forward": 3.7476833510151364,
            "backward": 7.147332567657155,
            "per_epoch_whole": 12950.8076171875
        },
        "6": {
            "forward": 3.7339803729090386,
            "backward": 7.138370180212499,
            "per_epoch_whole": 12926.525390625
        },
        "7": {
            "forward": 3.741893285904791,
            "backward": 7.145135167560781,
            "per_epoch_whole": 12940.21875
        },
        "8": {
            "forward": 3.724639722632704,
            "backward": 7.1414930968961094,
            "per_epoch_whole": 12915.47265625
        },
        "9": {
            "forward": 3.7285299655887942,
            "backward": 7.114945105615382,
            "per_epoch_whole": 12884.1923828125
        },
        "10": {
            "forward": 3.7233170658659387,
            "backward": 7.134191944524904,
            "per_epoch_whole": 12898.6220703125
        }
    }
}