{
    "path": "240823_decom_tune2__relu_2_8192_decom_dim_uv_lr0.0005_knights",
    "depth": 2,
    "width": 256,
    "dataset_name": "knights",
    "model_info": "relu",
    "lr": 0.0005,
    "batch_size": 8192,
    "result": {
        "0": 0,
        "1": 19.09715606276673,
        "2": 20.687348697862213,
        "3": 20.93873035443945,
        "4": 20.77590237608858,
        "5": 22.047013248299344,
        "6": 21.04412910424775,
        "7": 22.270024451318054,
        "8": 23.08925094545397,
        "9": 22.913676083093648,
        "10": 23.225276558168826
    },
    "result_time": {
        "1": {
            "forward": 0.7856696245283009,
            "backward": 1.5979790548990596,
            "per_epoch_whole": 24594.232421875
        },
        "2": {
            "forward": 0.7397816746099228,
            "backward": 1.6097527716089755,
            "per_epoch_whole": 24257.76953125
        },
        "3": {
            "forward": 0.7402986050116103,
            "backward": 1.6062279230815089,
            "per_epoch_whole": 24251.904296875
        },
        "4": {
            "forward": 0.7079707819800859,
            "backward": 1.5166431347546196,
            "per_epoch_whole": 22825.45703125
        },
        "5": {
            "forward": 0.6801745398646755,
            "backward": 1.4419253226820776,
            "per_epoch_whole": 21575.537109375
        },
        "6": {
            "forward": 0.6766944430626668,
            "backward": 1.4378085367665105,
            "per_epoch_whole": 21469.654296875
        },
        "7": {
            "forward": 0.6851291143847739,
            "backward": 1.4647628761131766,
            "per_epoch_whole": 21883.537109375
        },
        "8": {
            "forward": 0.6890650208601182,
            "backward": 1.472204941237879,
            "per_epoch_whole": 22023.080078125
        },
        "9": {
            "forward": 0.682558844555623,
            "backward": 1.4732504393196442,
            "per_epoch_whole": 21933.380859375
        },
        "10": {
            "forward": 0.694632034948593,
            "backward": 1.4752468685764502,
            "per_epoch_whole": 22153.10546875
        }
    }
}