{
    "path": "240823_decom_tune2__relu_2_8192_decom_dim_uv_lr0.001_knights",
    "depth": 2,
    "width": 256,
    "dataset_name": "knights",
    "model_info": "relu",
    "lr": 0.001,
    "batch_size": 8192,
    "result": {
        "0": 0,
        "1": 19.851031378759497,
        "2": 19.694467422356595,
        "3": 19.89143938167681,
        "4": 21.496746984223748,
        "5": 21.725189110361406,
        "6": 22.029287424655593,
        "7": 21.612786368409523,
        "8": 22.3644691517361,
        "9": 23.179509383913484,
        "10": 22.464078819900855
    },
    "result_time": {
        "1": {
            "forward": 0.7783347614315744,
            "backward": 1.580566294040137,
            "per_epoch_whole": 24260.521484375
        },
        "2": {
            "forward": 0.7294529515437802,
            "backward": 1.5842087128840943,
            "per_epoch_whole": 23813.095703125
        },
        "3": {
            "forward": 0.7489996952452698,
            "backward": 1.6273193352543156,
            "per_epoch_whole": 24501.671875
        },
        "4": {
            "forward": 0.73617991323625,
            "backward": 1.6044111173071458,
            "per_epoch_whole": 24110.755859375
        },
        "5": {
            "forward": 0.7341787750707098,
            "backward": 1.5926204153487986,
            "per_epoch_whole": 23986.00390625
        },
        "6": {
            "forward": 0.7341654631518695,
            "backward": 1.5865620969179193,
            "per_epoch_whole": 23895.162109375
        },
        "7": {
            "forward": 0.7267039516508891,
            "backward": 1.5780154875250842,
            "per_epoch_whole": 23759.208984375
        },
        "8": {
            "forward": 0.7357953455892112,
            "backward": 1.5941132826917555,
            "per_epoch_whole": 24020.88671875
        },
        "9": {
            "forward": 0.7368253841158308,
            "backward": 1.5900912179408613,
            "per_epoch_whole": 23946.357421875
        },
        "10": {
            "forward": 0.7285248125970938,
            "backward": 1.582991622684847,
            "per_epoch_whole": 23811.662109375
        }
    }
}