{
    "path": "240930_all_decom_gauss_tune_gauss_d0_w256_cd8_cd256_R1_8192_decom_dim_uv_lr0.0005_knights",
    "depth": 0,
    "width": 256,
    "coord_depth": 8,
    "coord_width": 256,
    "dataset_name": "knights",
    "model_info": "gauss",
    "lr": 0.005,
    "batch_size": 8192,
    "omega": 5,
    "sigma": 5,
    "decom_dim": "uv",
    "R": 1,
    "schdule_type": "linear",
    "lr_gamma": 0.995,
    "lr_linear_C": 1,
    "result_time": {
        "1": {
            "forward": 1.6372973223355394,
            "backward": 3.4022602360553833,
            "per_epoch_whole": 6291.83154296875,
            "inference_time": 2.7946453624301486
        },
        "2": {
            "forward": 1.262348124725183,
            "backward": 3.3614900722635626,
            "per_epoch_whole": 5803.47021484375,
            "inference_time": 2.83591111501058
        },
        "3": {
            "forward": 1.2719193630977481,
            "backward": 3.403657189908732,
            "per_epoch_whole": 5867.9541015625,
            "inference_time": 2.8156159718831377
        },
        "4": {
            "forward": 1.3131151019908147,
            "backward": 3.4998907686104856,
            "per_epoch_whole": 6045.10986328125,
            "inference_time": 2.780650642183092
        },
        "5": {
            "forward": 1.2615331230382205,
            "backward": 3.367090881489552,
            "per_epoch_whole": 5810.439453125,
            "inference_time": 2.7468408478630915
        },
        "6": {
            "forward": 1.259474212941824,
            "backward": 3.3514800242899243,
            "per_epoch_whole": 5788.123046875,
            "inference_time": 2.8219519986046686
        },
        "7": {
            "forward": 1.2514375924136012,
            "backward": 3.3303641511907203,
            "per_epoch_whole": 5750.103515625,
            "inference_time": 2.831957340240479
        },
        "8": {
            "forward": 1.2536743816929288,
            "backward": 3.3439443294977265,
            "per_epoch_whole": 5770.93310546875,
            "inference_time": 2.7674524519178596
        },
        "9": {
            "forward": 1.240838116685825,
            "backward": 3.3053616592628314,
            "per_epoch_whole": 5707.49560546875,
            "inference_time": 2.758599122365316
        },
        "10": {
            "forward": 1.2187421175950925,
            "backward": 3.2383685258433026,
            "per_epoch_whole": 5594.4013671875,
            "inference_time": 2.7720639705657963
        },
        "11": {
            "forward": 1.2521672252965235,
            "backward": 3.3510749874230497,
            "per_epoch_whole": 5776.8388671875,
            "inference_time": 2.76801421907213
        },
        "12": {
            "forward": 1.258524208281278,
            "backward": 3.3519157111438487,
            "per_epoch_whole": 5790.67529296875,
            "inference_time": 2.8144924110836453
        },
        "13": {
            "forward": 1.2711744502857065,
            "backward": 3.3920370942581095,
            "per_epoch_whole": 5853.38671875,
            "inference_time": 2.8589297665490045
        },
        "14": {
            "forward": 1.2642184916148944,
            "backward": 3.360871474635644,
            "per_epoch_whole": 5805.13916015625,
            "inference_time": 2.8512569003634987
        },
        "15": {
            "forward": 1.2694924843455693,
            "backward": 3.3906200154842407,
            "per_epoch_whole": 5848.740234375,
            "inference_time": 2.805187569724189
        },
        "16": {
            "forward": 1.2573624645653059,
            "backward": 3.362984918599311,
            "per_epoch_whole": 5799.86865234375,
            "inference_time": 2.7635662025875516
        },
        "17": {
            "forward": 1.2671774390659516,
            "backward": 3.373192194423872,
            "per_epoch_whole": 5826.14599609375,
            "inference_time": 2.8823964860704208
        },
        "18": {
            "forward": 1.2741882095184272,
            "backward": 3.399890825203959,
            "per_epoch_whole": 5867.1884765625,
            "inference_time": 2.791996452543471
        },
        "19": {
            "forward": 1.2684476687008948,
            "backward": 3.3808362044677596,
            "per_epoch_whole": 5837.39794921875,
            "inference_time": 2.7685191101498074
        },
        "20": {
            "forward": 1.284972621392212,
            "backward": 3.3908800554935494,
            "per_epoch_whole": 5876.64794921875,
            "inference_time": 2.8210773732927112
        },
        "21": {
            "forward": 1.2609901456581265,
            "backward": 3.337041299648349,
            "per_epoch_whole": 5776.55615234375,
            "inference_time": 2.7891555892096624
        },
        "22": {
            "forward": 1.251713744599926,
            "backward": 3.3118970798373626,
            "per_epoch_whole": 5733.09228515625,
            "inference_time": 2.7865066793229842
        },
        "23": {
            "forward": 1.2535389627242979,
            "backward": 3.3092610947401084,
            "per_epoch_whole": 5732.107421875,
            "inference_time": 2.7590684360928006
        },
        "24": {
            "forward": 1.2527213845285994,
            "backward": 3.321011100879583,
            "per_epoch_whole": 5744.5595703125,
            "inference_time": 2.7850880093044705
        },
        "25": {
            "forward": 1.2503228239637771,
            "backward": 3.306683681002955,
            "per_epoch_whole": 5721.8994140625,
            "inference_time": 2.7844160132937965
        },
        "26": {
            "forward": 1.2490003304394892,
            "backward": 3.3030675697079195,
            "per_epoch_whole": 5718.16943359375,
            "inference_time": 2.810815970102946
        },
        "27": {
            "forward": 1.2680342404693878,
            "backward": 3.3578099101060013,
            "per_epoch_whole": 5810.234375,
            "inference_time": 2.815342214372423
        },
        "28": {
            "forward": 1.290084541101769,
            "backward": 3.4647739758540985,
            "per_epoch_whole": 5968.57861328125,
            "inference_time": 2.781319088406033
        },
        "29": {
            "forward": 1.24223235837316,
            "backward": 3.280499017981098,
            "per_epoch_whole": 5681.33154296875,
            "inference_time": 2.752259545856052
        },
        "30": {
            "forward": 1.2447363044357622,
            "backward": 3.310179601697362,
            "per_epoch_whole": 5720.5947265625,
            "inference_time": 2.8669652938842773
        },
        "31": {
            "forward": 1.2613511699087487,
            "backward": 3.336599803094633,
            "per_epoch_whole": 5776.07861328125,
            "inference_time": 2.840433756510417
        },
        "32": {
            "forward": 1.281726561615625,
            "backward": 3.381239390909464,
            "per_epoch_whole": 5856.427734375,
            "inference_time": 2.8483235571119527
        },
        "33": {
            "forward": 1.2560658824588218,
            "backward": 3.321756209881663,
            "per_epoch_whole": 5749.234375,
            "inference_time": 2.755697727203369
        },
        "34": {
            "forward": 1.2356980756492357,
            "backward": 3.2838080579021813,
            "per_epoch_whole": 5674.4111328125,
            "inference_time": 2.7709831396738687
        },
        "35": {
            "forward": 1.2510062844386147,
            "backward": 3.3200558320873714,
            "per_epoch_whole": 5740.1328125,
            "inference_time": 2.8336889213985867
        },
        "36": {
            "forward": 1.248183944130438,
            "backward": 3.303236621267655,
            "per_epoch_whole": 5716.30908203125,
            "inference_time": 2.7820515367719865
        },