{
    "result": {
        "0": 23.81594286072183,
        "1": 25.660332599674888,
        "2": 27.3201302152196,
        "3": 28.381331539945126,
        "4": 29.189004300962438
    },
    "path": "240719_new_wire_d8w256_adjust_lr_1e-3_knights",
    "depth": 8,
    "width": 256,
    "dataset_name": "knights",
    "model_info": "wire",
    "lr": 0.001
}