{
    "result": {
        "0": 21.01802911488896,
        "1": 22.260301288285646,
        "2": 23.317301479086673,
        "3": 24.31623287029482,
        "4": 25.113718912456907
    },
    "path": "240719_new_wire_d8w256_adjust_lr_1e-3_bracelet",
    "depth": 8,
    "width": 256,
    "dataset_name": "bracelet",
    "model_info": "wire",
    "lr": 0.001
}