{
    "result": {
        "0": 28.214538917261887,
        "1": 29.37246827841923,
        "2": 31.252958782038792,
        "3": 32.8932107006785,
        "4": 33.98861396672936
    },
    "path": "240719_new_wire_d8w256_adjust_lr_1e-3_flowers",
    "depth": 8,
    "width": 256,
    "dataset_name": "flowers",
    "model_info": "wire",
    "lr": 0.001
}