{
    "result": {
        "0": 27.58963228453247,
        "1": 28.641829146323076,
        "2": 30.29381480610101,
        "3": 31.3085470463434,
        "4": 32.39750390206186
    },
    "path": "240719_new_wire_d8w256_adjust_lr_1e-3_gem",
    "depth": 8,
    "width": 256,
    "dataset_name": "gem",
    "model_info": "wire",
    "lr": 0.001
}