{
    "result": {
        "0": 27.76571899455856,
        "1": 29.167036256025156,
        "2": 29.776797723227308,
        "3": 31.671018555937913,
        "4": 33.64677464036195
    },
    "path": "240719_new_wire_d8w256_test_flowers",
    "depth": 8,
    "width": 256,
    "dataset_name": "flowers",
    "model_info": "wire"
}