{
    "result": {
        "0": 12.181106475837701,
        "1": 12.182480521947344,
        "2": 12.188319264845745,
        "3": 12.18374160978954,
        "4": 12.186388141212518
    },
    "path": "240719_new_wire_d8w256_test_knights",
    "depth": 8,
    "width": 256,
    "dataset_name": "knights",
    "model_info": "wire"
}