{
    "result": {
        "0": 12.435059366774114,
        "1": 12.429072565840162,
        "2": 12.429882167835247,
        "3": 12.43188641614972,
        "4": 12.434827681576524
    },
    "path": "240719_new_wire_d8w256_test_chess",
    "depth": 8,
    "width": 256,
    "dataset_name": "chess",
    "model_info": "wire"
}