{
    "result": {
        "0": 15.04249222725323,
        "1": 15.052832504999937,
        "2": 15.06532808869967,
        "3": 15.066808389030712,
        "4": 15.066078369314965
    },
    "path": "240719_new_wire_d8w256_test_bracelet",
    "depth": 8,
    "width": 256,
    "dataset_name": "bracelet",
    "model_info": "wire"
}