{
    "result": {
        "0": 12.485784687032888,
        "1": 12.488232151714449,
        "2": 12.495085324254639,
        "3": 12.494852210780644,
        "4": 12.491018780787423
    },
    "path": "240719_new_wire_d8w256_test_tarot",
    "depth": 8,
    "width": 256,
    "dataset_name": "tarot",
    "model_info": "wire"
}