{
    "result": {
        "0": 29.860437811238334,
        "1": 31.860258734640222,
        "2": 33.35155160005418,
        "3": 34.461741416258825,
        "4": 35.47534000504729
    },
    "path": "240719_new_wire_d8w256_adjust_lr_1e-3_bunny",
    "depth": 8,
    "width": 256,
    "dataset_name": "bunny",
    "model_info": "wire",
    "lr": 0.001
}