{
    "result": {
        "0": 17.786525276982875,
        "1": 19.211826767295204,
        "2": 20.380711705200582,
        "3": 20.970658123130853,
        "4": 21.8368455967019
    },
    "path": "240719_new_wire_d8w256_adjust_lr_1e-3_tarot",
    "depth": 8,
    "width": 256,
    "dataset_name": "tarot",
    "model_info": "wire",
    "lr": 0.001
}