{
    "result": {
        "0": 25.876407036571305,
        "1": 27.69347358522534,
        "2": 29.437843261434466,
        "3": 31.02255217079019,
        "4": 32.7940412120045
    },
    "path": "240719_new_wire_d8w256_adjust_lr_1e-3_chess",
    "depth": 8,
    "width": 256,
    "dataset_name": "chess",
    "model_info": "wire",
    "lr": 0.001
}