{
    "path": "240823_benchmark__gauss_8_8192_knights",
    "depth": 8,
    "width": 256,
    "dataset_name": "knights",
    "model_info": "gauss",
    "lr": 0.005,
    "batch_size": 8192,
    "result": {
        "0": 0,
        "1": 12.186360035159911,
        "2": 12.189734504099444,
        "3": 12.189751074258037,
        "4": 12.189827319716748,
        "5": 12.188268171234405,
        "6": 12.187700378758517,
        "7": 12.18640681944023,
        "8": 12.187372958755056,
        "9": 12.188649027842496,
        "10": 12.188731160647329
    },
    "result_time": {
        "1": {
            "forward": 3.117539027413082,
            "backward": 5.715316380134609,
            "per_epoch_whole": 80657.7890625
        },
        "2": {
            "forward": 3.098736467185841,
            "backward": 5.761812239193457,
            "per_epoch_whole": 80890.2421875
        },
        "3": {
            "forward": 3.093512983513741,
            "backward": 5.7258937153965155,
            "per_epoch_whole": 80563.8046875
        },
        "4": {
            "forward": 3.082699856268528,
            "backward": 5.69049316447759,
            "per_epoch_whole": 80110.25
        },
        "5": {
            "forward": 3.0870338328715077,
            "backward": 5.716084241441306,
            "per_epoch_whole": 80439.6171875
        },
        "6": {
            "forward": 3.086543670270056,
            "backward": 5.708568046987042,
            "per_epoch_whole": 80316.6171875
        },
        "7": {
            "forward": 3.082984572861898,
            "backward": 5.704086562778247,
            "per_epoch_whole": 80324.3046875
        },
        "8": {
            "forward": 3.085665383748709,
            "backward": 5.737923188826876,
            "per_epoch_whole": 80786.0078125
        },
        "9": {
            "forward": 3.088289204426131,
            "backward": 5.715040842390494,
            "per_epoch_whole": 80556.7109375
        },
        "10": {
            "forward": 3.088215764771633,
            "backward": 5.723137610299202,
            "per_epoch_whole": 80625.265625
        }
    }
}