{
    "path": "240823_benchmark__siren_8_8192_knights",
    "depth": 8,
    "width": 256,
    "dataset_name": "knights",
    "model_info": "siren",
    "lr": 0.005,
    "batch_size": 8192,
    "result": {
        "0": 0,
        "1": 12.123598971698675,
        "2": 12.128630282703922,
        "3": 12.143591538822424,
        "4": 12.148312307516221,
        "5": 12.158892603914236,
        "6": 12.164895617116109,
        "7": 12.1671556865343,
        "8": 12.17338864663303,
        "9": 12.174139036117682,
        "10": 12.176143398270538
    },
    "result_time": {
        "1": {
            "forward": 2.415295932628209,
            "backward": 4.4095466132142676,
            "per_epoch_whole": 62900.62890625
        },
        "2": {
            "forward": 2.3994092525648187,
            "backward": 4.42860192278666,
            "per_epoch_whole": 62997.82421875
        },
        "3": {
            "forward": 2.398420087115033,
            "backward": 4.410255339475632,
            "per_epoch_whole": 62790.94140625
        },
        "4": {
            "forward": 2.390657911981855,
            "backward": 4.395669376105064,
            "per_epoch_whole": 62483.625
        },
        "5": {
            "forward": 2.3920435809929397,
            "backward": 4.410816398369406,
            "per_epoch_whole": 62743.45703125
        },
        "6": {
            "forward": 2.3956659772566287,
            "backward": 4.392694460653854,
            "per_epoch_whole": 62494.39453125
        },
        "7": {
            "forward": 2.392818876196225,
            "backward": 4.408399910107238,
            "per_epoch_whole": 62676.265625
        },
        "8": {
            "forward": 2.394959762639235,
            "backward": 4.385715399842176,
            "per_epoch_whole": 62334.58203125
        },
        "9": {
            "forward": 2.387136144803028,
            "backward": 4.368472602803793,
            "per_epoch_whole": 61939.75
        },
        "10": {
            "forward": 2.3815443904006073,
            "backward": 4.384803002114797,
            "per_epoch_whole": 62121.703125
        }
    }
}