{
    "path": "240823_benchmark__siren_4_65536_knights",
    "depth": 4,
    "width": 256,
    "dataset_name": "knights",
    "model_info": "siren",
    "lr": 0.005,
    "batch_size": 65536,
    "result": {
        "0": 0,
        "1": 21.579419216738625,
        "2": 22.429231361099212,
        "3": 22.844888898003827,
        "4": 24.168487491824166,
        "5": 25.055891523487233,
        "6": 25.007514579156386,
        "7": 27.341328614445644,
        "8": 27.25835961228789,
        "9": 28.10999731550581,
        "10": 28.19580159150844
    },
    "result_time": {
        "1": {
            "forward": 9.536414448704042,
            "backward": 15.170129022427943,
            "per_epoch_whole": 28097.984375
        },
        "2": {
            "forward": 9.261057146106443,
            "backward": 15.291368191582833,
            "per_epoch_whole": 27914.638671875
        },
        "3": {
            "forward": 9.294278409651346,
            "backward": 15.339378842285726,
            "per_epoch_whole": 28003.181640625
        },
        "4": {
            "forward": 9.293833642346518,
            "backward": 15.329358402320283,
            "per_epoch_whole": 27990.943359375
        },
        "5": {
            "forward": 9.290647695745756,
            "backward": 15.334163605315329,
            "per_epoch_whole": 27985.162109375
        },
        "6": {
            "forward": 9.282765804869792,
            "backward": 15.323933315277106,
            "per_epoch_whole": 27967.46484375
        },
        "7": {
            "forward": 9.274956976515913,
            "backward": 15.316032192536758,
            "per_epoch_whole": 27954.7578125
        },
        "8": {
            "forward": 9.267798075505649,
            "backward": 15.332124019520604,
            "per_epoch_whole": 27969.966796875
        },
        "9": {
            "forward": 9.262541337524153,
            "backward": 15.309487662145076,
            "per_epoch_whole": 27930.1484375
        },
        "10": {
            "forward": 9.259182175568176,
            "backward": 15.295151832274021,
            "per_epoch_whole": 27914.26953125
        }
    }
}