{
    "path": "240823_benchmark__wire_2_65536_knights",
    "depth": 2,
    "width": 256,
    "dataset_name": "knights",
    "model_info": "wire",
    "lr": 0.005,
    "batch_size": 65536,
    "result": {
        "0": 0,
        "1": 22.84421601038987,
        "2": 24.61387406509229,
        "3": 25.280064422820367,
        "4": 26.32628014734554,
        "5": 26.945364106450466,
        "6": 27.48920731590205,
        "7": 28.03517806570169,
        "8": 28.359507028103547,
        "9": 28.675035594379114,
        "10": 28.923522563714048
    },
    "result_time": {
        "1": {
            "forward": 15.232759504658846,
            "backward": 27.303685474395778,
            "per_epoch_whole": 48054.05859375
        },
        "2": {
            "forward": 14.954605782883531,
            "backward": 27.39771780116221,
            "per_epoch_whole": 47844.75
        },
        "3": {
            "forward": 14.96258983612061,
            "backward": 27.435390256132347,
            "per_epoch_whole": 47895.91796875
        },
        "4": {
            "forward": 14.960650202206198,
            "backward": 27.429760832445943,
            "per_epoch_whole": 47889.89453125
        },
        "5": {
            "forward": 14.959136485201986,
            "backward": 27.414709115028398,
            "per_epoch_whole": 47864.6328125
        },
        "6": {
            "forward": 14.958103316170828,
            "backward": 27.42110801935197,
            "per_epoch_whole": 47866.36328125
        },
        "7": {
            "forward": 14.957885230439059,
            "backward": 27.40700406006403,
            "per_epoch_whole": 47865.53125
        },
        "8": {
            "forward": 14.95642455305371,
            "backward": 27.413556705202378,
            "per_epoch_whole": 47860.8203125
        },
        "9": {
            "forward": 14.959360499041418,
            "backward": 27.413247806685312,
            "per_epoch_whole": 47863.6015625
        },
        "10": {
            "forward": 14.961791697570243,
            "backward": 27.426732354504722,
            "per_epoch_whole": 47881.40625
        }
    }
}