{
    "path": "240823_benchmark__wire_8_65536_knights",
    "depth": 8,
    "width": 256,
    "dataset_name": "knights",
    "model_info": "wire",
    "lr": 0.005,
    "batch_size": 65536,
    "omega": 30,
    "result": {
        "0": 0,
        "1": 12.1927188243532,
        "2": 12.18905939951339,
        "3": 12.187203422956117,
        "4": 12.187922867263199,
        "5": 12.187380965932768,
        "6": 12.187541987552667,
        "7": 12.189543055534035,
        "8": 12.189677857134761,
        "9": 12.189897369146983,
        "10": 12.189482545062127
    },
    "result_time": {
        "1": {
            "forward": 49.634245620455005,
            "backward": 89.86732382093172,
            "per_epoch_whole": 156844.671875
        },
        "2": {
            "forward": 49.31546287536618,
            "backward": 89.96465352603359,
            "per_epoch_whole": 156528.140625
        },
        "3": {
            "forward": 49.365652527128034,
            "backward": 90.11017772810798,
            "per_epoch_whole": 156727.5
        },
        "4": {
            "forward": 49.52839149066377,
            "backward": 90.15046409879405,
            "per_epoch_whole": 156978.265625
        },
        "5": {
            "forward": 49.599564579554965,
            "backward": 90.31025186947411,
            "per_epoch_whole": 157242.328125
        },
        "6": {
            "forward": 49.50782605920508,
            "backward": 90.2773304734911,
            "per_epoch_whole": 157050.046875
        },
        "7": {
            "forward": 49.39592559337622,
            "backward": 90.14719644955224,
            "per_epoch_whole": 156810.953125
        },
        "8": {
            "forward": 49.38152263845728,
            "backward": 90.11963706697736,
            "per_epoch_whole": 156786.984375
        },
        "9": {
            "forward": 49.472094028336706,
            "backward": 90.14891005924765,
            "per_epoch_whole": 156915.609375
        },
        "10": {
            "forward": 49.46951759542744,
            "backward": 90.09114969117299,
            "per_epoch_whole": 156860.171875
        }
    }
}