{
    "path": "240823_benchmark__siren_4_8192_knights",
    "depth": 4,
    "width": 256,
    "dataset_name": "knights",
    "model_info": "siren",
    "lr": 0.005,
    "batch_size": 8192,
    "result": {
        "0": 0,
        "1": 12.111885489586122,
        "2": 12.127192673331443,
        "3": 12.135958063508106,
        "4": 12.146024413923932,
        "5": 12.152462811158122,
        "6": 12.163871919033898,
        "7": 12.166239411696463,
        "8": 12.175577836507843,
        "9": 12.176528624132967,
        "10": 12.181373853679041
    },
    "result_time": {
        "1": {
            "forward": 1.339741847198448,
            "backward": 2.4023411382521864,
            "per_epoch_whole": 35023.59765625
        },
        "2": {
            "forward": 1.3080910355517892,
            "backward": 2.4267528126282425,
            "per_epoch_whole": 34994.98828125
        },
        "3": {
            "forward": 1.311336196480059,
            "backward": 2.42674280168221,
            "per_epoch_whole": 35015.26953125
        },
        "4": {
            "forward": 1.312447857870057,
            "backward": 2.427337779424017,
            "per_epoch_whole": 35047.46875
        },
        "5": {
            "forward": 1.3081931895443508,
            "backward": 2.424124953070913,
            "per_epoch_whole": 34968.21484375
        },
        "6": {
            "forward": 1.3126444540252673,
            "backward": 2.423197812533813,
            "per_epoch_whole": 35036.19921875
        },
        "7": {
            "forward": 1.3078381506992274,
            "backward": 2.404927170250033,
            "per_epoch_whole": 34739.38671875
        },
        "8": {
            "forward": 1.3143961426668955,
            "backward": 2.4131208587970066,
            "per_epoch_whole": 34916.1796875
        },
        "9": {
            "forward": 1.3111647821696761,
            "backward": 2.425072202858113,
            "per_epoch_whole": 35052.84375
        },
        "10": {
            "forward": 1.3107966713607346,
            "backward": 2.4121643065341707,
            "per_epoch_whole": 34816.07421875
        }
    }
}