{
    "path": "240823_benchmark__relu_4_65536_knights",
    "depth": 4,
    "width": 256,
    "dataset_name": "knights",
    "model_info": "relu",
    "lr": 0.005,
    "batch_size": 65536,
    "result": {
        "0": 0,
        "1": 19.377511115676125,
        "2": 20.549246076622666,
        "3": 21.40224469516791,
        "4": 21.58445829746538,
        "5": 21.859467390132473,
        "6": 22.398945145180424,
        "7": 22.307106641562306,
        "8": 22.89689905064317,
        "9": 23.203626914343147,
        "10": 23.36401175165216
    },
    "result_time": {
        "1": {
            "forward": 7.575248349138659,
            "backward": 11.367544834102903,
            "per_epoch_whole": 21674.11328125
        },
        "2": {
            "forward": 7.292106916223259,
            "backward": 11.468486066375448,
            "per_epoch_whole": 21450.87109375
        },
        "3": {
            "forward": 7.331918769649097,
            "backward": 11.520707777568264,
            "per_epoch_whole": 21564.9140625
        },
        "4": {
            "forward": 7.370300808548924,
            "backward": 11.577936489241447,
            "per_epoch_whole": 21644.201171875
        },
        "5": {
            "forward": 7.328645883713439,
            "backward": 11.522593524626316,
            "per_epoch_whole": 21550.5078125
        },
        "6": {
            "forward": 7.316622868180272,
            "backward": 11.52110108648028,
            "per_epoch_whole": 21523.140625
        },
        "7": {
            "forward": 7.3084442645311425,
            "backward": 11.498582823787423,
            "per_epoch_whole": 21472.62109375
        },
        "8": {
            "forward": 7.305097410934311,
            "backward": 11.475211910690577,
            "per_epoch_whole": 21440.57421875
        },
        "9": {
            "forward": 7.281796062418392,
            "backward": 11.562943173306317,
            "per_epoch_whole": 21495.455078125
        },
        "10": {
            "forward": 7.270970008628704,
            "backward": 11.570932404484076,
            "per_epoch_whole": 21493.357421875
        }
    }
}