{
    "path": "240823_benchmark__relu_2_8192_knights",
    "depth": 2,
    "width": 256,
    "dataset_name": "knights",
    "model_info": "relu",
    "lr": 0.005,
    "batch_size": 8192,
    "result_time": {
        "1": {
            "forward": 0.6376572826012439,
            "backward": 1.0984205452459195,
            "per_epoch_whole": 16769.533203125
        },
        "2": {
            "forward": 0.6017601182085547,
            "backward": 1.1085932621200216,
            "per_epoch_whole": 16529.6328125
        },
        "3": {
            "forward": 0.6087430038955015,
            "backward": 1.1089510007229364,
            "per_epoch_whole": 16651.732421875
        },
        "4": {
            "forward": 0.6156807529207768,
            "backward": 1.105518694887212,
            "per_epoch_whole": 16626.70703125
        },
        "5": {
            "forward": 0.6094359714670856,
            "backward": 1.1031881083202257,
            "per_epoch_whole": 16559.123046875
        },
        "6": {
            "forward": 0.6085567038040601,
            "backward": 1.1013480721706905,
            "per_epoch_whole": 16481.029296875
        },
        "7": {
            "forward": 0.6116549642224359,
            "backward": 1.1044005792455076,
            "per_epoch_whole": 16505.224609375
        },
        "8": {
            "forward": 0.6087276855084413,
            "backward": 1.1062770800798132,
            "per_epoch_whole": 16504.505859375
        },
        "9": {
            "forward": 0.6100344212127007,
            "backward": 1.1022786760436778,
            "per_epoch_whole": 16532.412109375
        },
        "10": {
            "forward": 0.6098401995974425,
            "backward": 1.1088244942682295,
            "per_epoch_whole": 16584.435546875
        }
    },
    "result": {
        "0": 0,
        "1": 20.86783940231189,
        "2": 21.900540873063537,
        "3": 22.56084579656072,
        "4": 22.867941517284635,
        "5": 23.115888629219928,
        "6": 23.25144504730907,
        "7": 23.335408373177522,
        "8": 23.739480443097708,
        "9": 23.85093260572855,
        "10": 23.991055619587375
    }
}