{
    "path": "240823_benchmark__wire_2_8192_knights",
    "depth": 2,
    "width": 256,
    "dataset_name": "knights",
    "model_info": "wire",
    "lr": 0.005,
    "batch_size": 8192,
    "result_time": {
        "1": {
            "forward": 2.0193756035662154,
            "backward": 3.901115914487414,
            "per_epoch_whole": 54485.00390625
        },
        "2": {
            "forward": 1.9786523903454025,
            "backward": 3.931090975260094,
            "per_epoch_whole": 54434.75390625
        },
        "3": {
            "forward": 1.9763697722527616,
            "backward": 3.9066799212513015,
            "per_epoch_whole": 54155.0
        },
        "4": {
            "forward": 1.9753207919320903,
            "backward": 3.9129737664013975,
            "per_epoch_whole": 54191.26953125
        },
        "5": {
            "forward": 1.9768207140266916,
            "backward": 3.910049413942857,
            "per_epoch_whole": 54252.2265625
        },
        "6": {
            "forward": 1.9741011418003085,
            "backward": 3.895053618294838,
            "per_epoch_whole": 54018.3515625
        },
        "7": {
            "forward": 1.9749659035221827,
            "backward": 3.912513538716081,
            "per_epoch_whole": 54220.26171875
        },
        "8": {
            "forward": 1.9753410502336974,
            "backward": 3.910714304473755,
            "per_epoch_whole": 54254.8515625
        },
        "9": {
            "forward": 1.9755718175987114,
            "backward": 3.916291089568826,
            "per_epoch_whole": 54292.12890625
        },
        "10": {
            "forward": 1.9738543425686632,
            "backward": 3.9043054709476896,
            "per_epoch_whole": 54103.49609375
        }
    },
    "result": {
        "0": 0,
        "1": 24.890353903401376,
        "2": 26.224926913832714,
        "3": 26.655616242071957,
        "4": 27.649601269959494,
        "5": 28.066697088611882,
        "6": 28.6620336850005,
        "7": 29.33843311983107,
        "8": 29.86166300908269,
        "9": 30.181104848915897,
        "10": 30.543277560694385
    }
}