{
    "path": "240823_benchmark__siren_8_65536_knights",
    "depth": 8,
    "width": 256,
    "dataset_name": "knights",
    "model_info": "siren",
    "lr": 0.005,
    "batch_size": 65536,
    "omega": 30,
    "result": {
        "0": 0,
        "1": 12.187010957752552,
        "2": 12.184647390591804,
        "3": 12.183996315985151,
        "4": 12.18291460039446,
        "5": 12.181626736865978,
        "6": 12.1813673292716,
        "7": 12.183634940379878,
        "8": 12.184937423946335,
        "9": 12.185143543420203,
        "10": 12.186394829237608
    },
    "result_time": {
        "1": {
            "forward": 17.36438025747025,
            "backward": 28.1817823427064,
            "per_epoch_whole": 51457.09375
        },
        "2": {
            "forward": 17.126781115361627,
            "backward": 28.383770092896135,
            "per_epoch_whole": 51419.4609375
        },
        "3": {
            "forward": 17.1434761600835,
            "backward": 28.391064189161572,
            "per_epoch_whole": 51439.49609375
        },
        "4": {
            "forward": 17.126083957297443,
            "backward": 28.39835555212837,
            "per_epoch_whole": 51473.8359375
        },
        "5": {
            "forward": 17.110089336122787,
            "backward": 28.38797485147205,
            "per_epoch_whole": 51401.94921875
        },
        "6": {
            "forward": 17.116870264496132,
            "backward": 28.399028759343267,
            "per_epoch_whole": 51418.79296875
        },
        "7": {
            "forward": 17.13517540778433,
            "backward": 28.41258163963047,
            "per_epoch_whole": 51498.14453125
        },
        "8": {
            "forward": 17.120301280702876,
            "backward": 28.400874260493705,
            "per_epoch_whole": 51423.59375
        },
        "9": {
            "forward": 17.12325196691924,
            "backward": 28.404964743341736,
            "per_epoch_whole": 51457.48046875
        },
        "10": {
            "forward": 17.113271114655912,
            "backward": 28.375568296228103,
            "per_epoch_whole": 51401.671875
        }
    }
}