{
    "path": "240823_benchmark__gauss_2_65536_knights",
    "depth": 2,
    "width": 256,
    "dataset_name": "knights",
    "model_info": "gauss",
    "lr": 0.005,
    "batch_size": 65536,
    "result": {
        "0": 0,
        "1": 21.94116462564206,
        "2": 23.145330761673065,
        "3": 23.814453086760736,
        "4": 24.49183113128804,
        "5": 24.868674646682695,
        "6": 25.277695370766534,
        "7": 25.646094692634723,
        "8": 25.922689766253907,
        "9": 26.1798013460705,
        "10": 26.402048078056566
    },
    "result_time": {
        "1": {
            "forward": 7.553735211491574,
            "backward": 12.11263324107443,
            "per_epoch_whole": 22415.484375
        },
        "2": {
            "forward": 7.2583379796573,
            "backward": 12.228500010286055,
            "per_epoch_whole": 22253.4140625
        },
        "3": {
            "forward": 7.282439096910608,
            "backward": 12.193975847959516,
            "per_epoch_whole": 22198.6875
        },
        "4": {
            "forward": 7.295640477112365,
            "backward": 12.202377034085124,
            "per_epoch_whole": 22216.12890625
        },
        "5": {
            "forward": 7.271833527939648,
            "backward": 12.193786952325281,
            "per_epoch_whole": 22181.59375
        },
        "6": {
            "forward": 7.293499009524073,
            "backward": 12.19831557273865,
            "per_epoch_whole": 22212.30078125
        },
        "7": {
            "forward": 7.28667709401676,
            "backward": 12.180766907760086,
            "per_epoch_whole": 22196.689453125
        },
        "8": {
            "forward": 7.290516272612973,
            "backward": 12.194445058277665,
            "per_epoch_whole": 22204.154296875
        },
        "9": {
            "forward": 7.2909265590565555,
            "backward": 12.216122494425084,
            "per_epoch_whole": 22230.560546875
        },
        "10": {
            "forward": 7.278748760904584,
            "backward": 12.201405261244092,
            "per_epoch_whole": 22200.298828125
        }
    }
}