{
    "path": "240823_benchmark__relu_skip2_4_8192_knights",
    "depth": 4,
    "width": 256,
    "dataset_name": "knights",
    "model_info": "relu_skip2",
    "lr": 0.005,
    "batch_size": 8192,
    "result": {
        "0": 0,
        "1": 23.725379447210166,
        "2": 24.783079645306003,
        "3": 26.009659069560573,
        "4": 26.61927674616237,
        "5": 26.95233350452072,
        "6": 27.309716397395803,
        "7": 27.504248197474208,
        "8": 27.799281479389233,
        "9": 28.097582963337743,
        "10": 28.351766564533023
    },
    "result_time": {
        "1": {
            "forward": 1.2881195721349687,
            "backward": 2.1767082183489057,
            "per_epoch_whole": 32398.150390625
        },
        "2": {
            "forward": 1.2594340389461443,
            "backward": 2.2007774450417203,
            "per_epoch_whole": 32384.021484375
        },
        "3": {
            "forward": 1.2617653350079743,
            "backward": 2.211962177737495,
            "per_epoch_whole": 32565.599609375
        },
        "4": {
            "forward": 1.2647294205480428,
            "backward": 2.205510468914056,
            "per_epoch_whole": 32494.474609375
        },
        "5": {
            "forward": 1.263518075205923,
            "backward": 2.2055240439783357,
            "per_epoch_whole": 32549.6328125
        },
        "6": {
            "forward": 1.255727608435394,
            "backward": 2.20304833850159,
            "per_epoch_whole": 32394.072265625
        },
        "7": {
            "forward": 1.2619128532574704,
            "backward": 2.20470542524544,
            "per_epoch_whole": 32415.642578125
        },
        "8": {
            "forward": 1.2576309166848665,
            "backward": 2.1981901985194074,
            "per_epoch_whole": 32325.111328125
        },
        "9": {
            "forward": 1.2576103385404855,
            "backward": 2.205503477369043,
            "per_epoch_whole": 32422.552734375
        },
        "10": {
            "forward": 1.2564027574711594,
            "backward": 2.208914170946404,
            "per_epoch_whole": 32486.94140625
        }
    }
}