{
    "path": "240823_benchmark__gauss_2_8192_knights",
    "depth": 2,
    "width": 256,
    "dataset_name": "knights",
    "model_info": "gauss",
    "lr": 0.005,
    "batch_size": 8192,
    "result": {
        "0": 0,
        "1": 24.328705202490394,
        "2": 26.03027172136704,
        "3": 26.817949843233695,
        "4": 27.380430890101945,
        "5": 28.05823090793062,
        "6": 28.49156825157234,
        "7": 28.721408635089524,
        "8": 28.986819525536937,
        "9": 29.307436549794357,
        "10": 29.536832619237007
    },
    "result_time": {
        "1": {
            "forward": 1.0673975782934575,
            "backward": 1.8601962471779967,
            "per_epoch_whole": 27549.134765625
        },
        "2": {
            "forward": 1.0302703099924004,
            "backward": 1.850095641865792,
            "per_epoch_whole": 27067.2421875
        },
        "3": {
            "forward": 1.0258579169599604,
            "backward": 1.8530141999545917,
            "per_epoch_whole": 27074.8203125
        },
        "4": {
            "forward": 1.0287970733363174,
            "backward": 1.850279246204128,
            "per_epoch_whole": 27003.529296875
        },
        "5": {
            "forward": 1.0303284988272967,
            "backward": 1.8609129254307084,
            "per_epoch_whole": 27147.3359375
        },
        "6": {
            "forward": 1.026604877039793,
            "backward": 1.8711939439975718,
            "per_epoch_whole": 27293.513671875
        },
        "7": {
            "forward": 1.0317595237267352,
            "backward": 1.8786820112993539,
            "per_epoch_whole": 27408.318359375
        },
        "8": {
            "forward": 1.0275556934997447,
            "backward": 1.8690151122398677,
            "per_epoch_whole": 27299.638671875
        },
        "9": {
            "forward": 1.0261506559393765,
            "backward": 1.8531833966262519,
            "per_epoch_whole": 27002.783203125
        },
        "10": {
            "forward": 1.0300797453881927,
            "backward": 1.8554493246732997,
            "per_epoch_whole": 27072.1953125
        }
    }
}