{
    "path": "240823_benchmark__gauss_4_65536_knights",
    "depth": 4,
    "width": 256,
    "dataset_name": "knights",
    "model_info": "gauss",
    "lr": 0.005,
    "batch_size": 65536,
    "result": {
        "0": 0,
        "1": 23.35151777775132,
        "2": 25.37699014270548,
        "3": 25.94095552410825,
        "4": 26.458832487012263,
        "5": 27.714128670341935,
        "6": 28.600644536180507,
        "7": 29.454628070779375,
        "8": 29.82862519254233,
        "9": 30.21333061428119,
        "10": 30.52712406915809
    },
    "result_time": {
        "1": {
            "forward": 12.677936591420877,
            "backward": 20.74224338020595,
            "per_epoch_whole": 37852.08984375
        },
        "2": {
            "forward": 12.434005218744302,
            "backward": 20.86371545961926,
            "per_epoch_whole": 37764.8125
        },
        "3": {
            "forward": 12.457261480603902,
            "backward": 20.87192294086732,
            "per_epoch_whole": 37778.64453125
        },
        "4": {
            "forward": 12.45029079147747,
            "backward": 20.848989450931548,
            "per_epoch_whole": 37734.46875
        },
        "5": {
            "forward": 12.433012486355631,
            "backward": 20.884018434797046,
            "per_epoch_whole": 37735.625
        },
        "6": {
            "forward": 12.41868945785933,
            "backward": 20.96610638414111,
            "per_epoch_whole": 37799.58203125
        },
        "7": {
            "forward": 12.42658860598291,
            "backward": 20.824837682928333,
            "per_epoch_whole": 37682.62109375
        },
        "8": {
            "forward": 12.40763436555861,
            "backward": 20.812174923079347,
            "per_epoch_whole": 37643.55078125
        },
        "9": {
            "forward": 12.441642572198583,
            "backward": 20.82516117266249,
            "per_epoch_whole": 37707.05859375
        },
        "10": {
            "forward": 12.448552517380026,
            "backward": 20.824088530881077,
            "per_epoch_whole": 37709.6015625
        }
    }
}