{
    "path": "240823_benchmark__relu_skip2_8_8192_knights",
    "depth": 8,
    "width": 256,
    "dataset_name": "knights",
    "model_info": "relu_skip2",
    "lr": 0.005,
    "batch_size": 8192,
    "result": {
        "0": 0,
        "1": 22.77169007302136,
        "2": 24.68496192800845,
        "3": 25.718919210262715,
        "4": 26.351761238468075,
        "5": 26.965399781487054,
        "6": 27.538492651718563,
        "7": 28.066836021411284,
        "8": 28.39111672534457,
        "9": 28.710074687311337,
        "10": 28.899890499236538
    },
    "result_time": {
        "1": {
            "forward": 2.1483332900862675,
            "backward": 3.7591104933992026,
            "per_epoch_whole": 54657.30078125
        },
        "2": {
            "forward": 2.13188788772429,
            "backward": 3.8428134171026262,
            "per_epoch_whole": 55162.953125
        },
        "3": {
            "forward": 2.1223657953020627,
            "backward": 3.768467988233469,
            "per_epoch_whole": 54414.78125
        },
        "4": {
            "forward": 2.1228485645726236,
            "backward": 3.773223209780253,
            "per_epoch_whole": 54529.71875
        },
        "5": {
            "forward": 2.110068104176634,
            "backward": 3.7767893479870875,
            "per_epoch_whole": 54495.83203125
        },
        "6": {
            "forward": 2.1140921180402503,
            "backward": 3.7667430884337856,
            "per_epoch_whole": 54328.55078125
        },
        "7": {
            "forward": 2.118577947467554,
            "backward": 3.76289251609041,
            "per_epoch_whole": 54344.9921875
        },
        "8": {
            "forward": 2.1144646772715534,
            "backward": 3.769969913416705,
            "per_epoch_whole": 54417.53125
        },
        "9": {
            "forward": 2.1124678257852625,
            "backward": 3.7635672808225635,
            "per_epoch_whole": 54250.234375
        },
        "10": {
            "forward": 2.1103461894605746,
            "backward": 3.769678512854245,
            "per_epoch_whole": 54308.22265625
        }
    }
}