{
    "path": "240823_benchmark__siren_2_8192_knights",
    "depth": 2,
    "width": 256,
    "dataset_name": "knights",
    "model_info": "siren",
    "lr": 0.005,
    "batch_size": 8192,
    "result": {
        "0": 0,
        "1": 21.21154185532625,
        "2": 20.900012831480367,
        "3": 21.95057876596273,
        "4": 22.541943297519307,
        "5": 23.00461557686323,
        "6": 23.404453785025396,
        "7": 23.921115165297717,
        "8": 24.210455310895803,
        "9": 24.601595004793882,
        "10": 24.854018075424293
    },
    "result_time": {
        "1": {
            "forward": 0.8023408837882585,
            "backward": 1.4002173114567993,
            "per_epoch_whole": 20967.728515625
        },
        "2": {
            "forward": 0.7691820754669639,
            "backward": 1.4225746696282722,
            "per_epoch_whole": 20931.955078125
        },
        "3": {
            "forward": 0.7703400715187824,
            "backward": 1.4199839788622082,
            "per_epoch_whole": 20894.865234375
        },
        "4": {
            "forward": 0.7724159144996067,
            "backward": 1.4150343645630052,
            "per_epoch_whole": 20866.1484375
        },
        "5": {
            "forward": 0.7713390499486497,
            "backward": 1.4153730314757131,
            "per_epoch_whole": 20859.83203125
        },
        "6": {
            "forward": 0.7707525249903258,
            "backward": 1.4120401863673993,
            "per_epoch_whole": 20845.177734375
        },
        "7": {
            "forward": 0.7666016287170366,
            "backward": 1.4166569112001839,
            "per_epoch_whole": 20837.10546875
        },
        "8": {
            "forward": 0.7702992036606127,
            "backward": 1.4257740075832908,
            "per_epoch_whole": 20957.330078125
        },
        "9": {
            "forward": 0.7703858215494938,
            "backward": 1.4087729040533268,
            "per_epoch_whole": 20758.6796875
        },
        "10": {
            "forward": 0.7652109782743713,
            "backward": 1.4220023925948353,
            "per_epoch_whole": 20828.69140625
        }
    }
}