{
    "path": "240823_benchmark__relu_skip2_4_65536_knights",
    "depth": 4,
    "width": 256,
    "dataset_name": "knights",
    "model_info": "relu_skip2",
    "lr": 0.005,
    "batch_size": 65536,
    "result": {
        "0": 0,
        "1": 20.150420537047488,
        "2": 21.11906537274183,
        "3": 21.767875386761787,
        "4": 22.109596679204728,
        "5": 22.164055282141025,
        "6": 22.477316752703356,
        "7": 22.785696120927913,
        "8": 22.93383884893128,
        "9": 23.059672700113993,
        "10": 23.136061371060165
    },
    "result_time": {
        "1": {
            "forward": 8.993124427965714,
            "backward": 13.520450969253261,
            "per_epoch_whole": 25605.51953125
        },
        "2": {
            "forward": 8.738541434492403,
            "backward": 13.695865156820833,
            "per_epoch_whole": 25595.3671875
        },
        "3": {
            "forward": 8.764465938295633,
            "backward": 13.71951424053736,
            "per_epoch_whole": 25644.134765625
        },
        "4": {
            "forward": 8.76898779698781,
            "backward": 13.6587662611689,
            "per_epoch_whole": 25512.62109375
        },
        "5": {
            "forward": 8.767491744245797,
            "backward": 13.673844833033407,
            "per_epoch_whole": 25533.3828125
        },
        "6": {
            "forward": 8.76613939106463,
            "backward": 13.662877966676437,
            "per_epoch_whole": 25516.73828125
        },
        "7": {
            "forward": 8.759045459117218,
            "backward": 13.651060386214956,
            "per_epoch_whole": 25494.728515625
        },
        "8": {
            "forward": 8.75334769529956,
            "backward": 13.653449276515442,
            "per_epoch_whole": 25499.66015625
        },
        "9": {
            "forward": 8.752450713089535,
            "backward": 13.638746033396036,
            "per_epoch_whole": 25470.2890625
        },
        "10": {
            "forward": 8.745717431817743,
            "backward": 13.642963689565686,
            "per_epoch_whole": 25467.927734375
        }
    }
}