{
    "result": {
        "0": 21.34631455561093,
        "1": 23.108590910700936,
        "2": 24.31123187426051,
        "3": 25.186267916644773,
        "4": 26.007271392889876
    },
    "path": "240719_new_wire_d8w256_adjust_lr_5e-4_knights",
    "depth": 8,
    "width": 256,
    "dataset_name": "knights",
    "model_info": "wire",
    "lr": 0.0005
}