{
    "result": {
        "0": 27.66253319887319,
        "1": 29.604390246258422,
        "2": 30.800822257424777,
        "3": 31.72873388486427,
        "4": 32.633810080502286
    },
    "path": "240719_new_wire_d8w256_adjust_lr_5e-4_bunny",
    "depth": 8,
    "width": 256,
    "dataset_name": "bunny",
    "model_info": "wire",
    "lr": 0.0005
}