{
    "result": {
        "0": 24.363552660896232,
        "1": 26.148371837311068,
        "2": 27.382848227492907,
        "3": 28.341745837866913,
        "4": 29.243317599018766
    },
    "path": "240719_new_wire_d8w256_adjust_lr_5e-4_chess",
    "depth": 8,
    "width": 256,
    "dataset_name": "chess",
    "model_info": "wire",
    "lr": 0.0005
}