{
    "result": {
        "0": 20.105191750491834,
        "1": 21.08449090368291,
        "2": 21.656651227543485,
        "3": 22.104891216381887,
        "4": 22.4297365399659
    },
    "path": "240719_new_wire_d8w256_adjust_lr_5e-4_bracelet",
    "depth": 8,
    "width": 256,
    "dataset_name": "bracelet",
    "model_info": "wire",
    "lr": 0.0005
}