{
    "result": {
        "0": 16.52471212995892,
        "1": 17.857087918911695,
        "2": 18.660665952495677,
        "3": 19.256310191624845,
        "4": 19.660428942916795
    },
    "path": "240719_new_wire_d8w256_adjust_lr_5e-4_tarot",
    "depth": 8,
    "width": 256,
    "dataset_name": "tarot",
    "model_info": "wire",
    "lr": 0.0005
}