{
    "path": "240827_decom_debug_3decom_finer_d2_w256_cd2_cd256_R2_8192_decom_dim_uv_lr0.001_knights",
    "depth": 2,
    "width": 256,
    "coord_depth": 2,
    "coord_width": 256,
    "dataset_name": "knights",
    "model_info": "finer",
    "lr": 0.001,
    "batch_size": 8192,
    "omega": 5,
    "sigma": 5,
    "decom_dim": "uv",
    "R": 2,
    "result_time": {
        "1": {
            "forward": 1.2509872969820006,
            "backward": 1.7512404366322225,
            "per_epoch_whole": 31596.2421875
        },
        "2": {
            "forward": 1.1140622771425504,
            "backward": 1.7061582259241033,
            "per_epoch_whole": 44966.140625
        },
        "3": {
            "forward": 1.1204584225702732,
            "backward": 1.7112681628253268,
            "per_epoch_whole": 44337.7734375
        },
        "4": {
            "forward": 1.106364239265031,
            "backward": 1.6883759305757715,
            "per_epoch_whole": 44652.0234375
        },
        "5": {
            "forward": 1.104918235468197,
            "backward": 1.6906456125829132,
            "per_epoch_whole": 44700.11328125
        },
        "6": {
            "forward": 1.1140017371985633,
            "backward": 1.7021839269485028,
            "per_epoch_whole": 44227.94921875
        },
        "7": {
            "forward": 1.1161473254998675,
            "backward": 1.689020436308664,
            "per_epoch_whole": 44687.50390625
        },
        "8": {
            "forward": 1.117728360087503,
            "backward": 1.6951989760190223,
            "per_epoch_whole": 44827.58203125
        },
        "9": {
            "forward": 1.1884815608341417,
            "backward": 1.7400888483004626,
            "per_epoch_whole": 34110.7109375
        },
        "10": {
            "forward": 1.204926664596197,
            "backward": 1.7369845773521992,
            "per_epoch_whole": 30962.697265625
        }
    },
    "result": {
        "0": 0,
        "1": 19.77296572597764,
        "2": 20.96583003888794,
        "3": 21.66815916164262,
        "4": 22.102698705985514,
        "5": 22.532747498445545,
        "6": 23.08888025788896,
        "7": 23.9521828423595,
        "8": 23.673007406308372,
        "9": 23.999797086329025,
        "10": 24.187604536166127
    }
}