{
    "path": "240828_decom_R_finer_d2_w256_cd2_cd256_R2_8192_decom_dim_uv_lr0.001_knights",
    "depth": 2,
    "width": 256,
    "coord_depth": 2,
    "coord_width": 256,
    "dataset_name": "knights",
    "model_info": "finer",
    "lr": 0.001,
    "batch_size": 8192,
    "omega": 5,
    "sigma": 5,
    "decom_dim": "uv",
    "R": 2,
    "result": {
        "0": 0,
        "1": 17.36039577924126,
        "2": 19.73720605538803,
        "3": 21.27025560526533,
        "4": 21.085314304429527,
        "5": 21.558713166633385,
        "6": 21.70165893369323,
        "7": 22.1933664493866,
        "8": 21.89714451137253,
        "9": 22.15799795421543,
        "10": 22.021542205571986,
        "11": 21.969161478694232,
        "12": 22.30423754960733,
        "13": 22.320975767463022,
        "14": 21.993175863376628,
        "15": 21.49457644851097,
        "16": 21.588577501296555,
        "17": 21.727186607484615,
        "18": 21.23865750143183,
        "19": 20.432692790316956,
        "20": 18.87756864488585,
        "21": 17.43259965567502,
        "22": 17.647428555232818,
        "23": 17.688308200509066,
        "24": 17.90011825378052,
        "25": 17.73441490792785,
        "26": 17.969150192377235,
        "27": 17.960797339011414,
        "28": 17.50860743065657,
        "29": 17.044513747277016,
        "30": 17.784110636612834,
        "31": 17.613082637704473,
        "32": 15.299664584821777,
        "33": 15.621414799268415,
        "34": 15.721318404834555,
        "35": 16.070205174787418,
        "36": 16.327655980204682,
        "37": 16.279145560982997,
        "38": 15.864810372975203,
        "39": 15.522525623621213,
        "40": 15.195404978421562,
        "41": 15.763970228432393,
        "42": 15.74505067010039,
        "43": 15.408690700259497,
        "44": 15.580497312488724,
        "45": 15.548847192315167,
        "46": 14.92069787006091,
        "47": 14.691452142058388,
        "48": 15.507405310504588,
        "49": 15.764673630528952,
        "50": 15.606211696790844,
        "51": 15.767604105369132,
        "52": 15.462725475088057,
        "53": 15.869484840452774,
        "54": 15.500248755542174,
        "55": 15.731991909665489,
        "56": 15.840701532410495,
        "57": 15.675542006177851,
        "58": 15.49324065498465,
        "59": 15.898124971833873,
        "60": 16.044074424006325,
        "61": 15.867194181153584,
        "62": 15.801298080562,
        "63": 15.849102867707582,
        "64": 16.017021947385302,
        "65": 15.503444173342826,
        "66": 16.082579738641655,
        "67": 15.90275302055354,
        "68": 15.90312104002647,
        "69": 16.075283643460363,
        "70": 16.014194532436214,
        "71": 16.08970834885491,
        "72": 16.076091614558326,
        "73": 16.018753696584618,
        "74": 15.9779780271075,
        "75": 15.997392131094948,
        "76": 16.000805775776705,
        "77": 15.826907377380103,
        "78": 15.95991986753513,
        "79": 15.983867662002828,
        "80": 15.973921947284051,
        "81": 16.136615873582322,
        "82": 16.20836767928169,
        "83": 15.973384190911219,
        "84": 15.838841423981924,
        "85": 16.099324890738043,
        "86": 16.155594760489024,
        "87": 16.21441782953386,
        "88": 16.203341202811224,
        "89": 16.168201194118527,
        "90": 16.04950935193795,
        "91": 16.169321848845502,
        "92": 16.235885765616658,
        "93": 16.210159396406354,
        "94": 16.11258053474846,
        "95": 16.18395244418802,
        "96": 16.252676590900368,
        "97": 16.125212345590167,
        "98": 16.126124399970326,
        "99": 16.164825656266505,
        "100": 16.250505718731695
    },
    "result_time": {
        "1": {
            "forward": 1.289796742285138,
            "backward": 1.632135460739688,
            "per_epoch_whole": 48931.3046875
        },
        "2": {
            "forward": 1.1901971764707642,
            "backward": 1.6266275703726216,
            "per_epoch_whole": 48256.67578125
        },
        "3": {
            "forward": 1.0333401005534573,
            "backward": 1.566960408497308,
            "per_epoch_whole": 68340.5
        },
        "4": {
            "forward": 1.1363712766668386,
            "backward": 1.6056641246027377,
            "per_epoch_whole": 54529.5
        },
        "5": {
            "forward": 1.193370685090908,
            "backward": 1.6256261026441183,
            "per_epoch_whole": 48386.0
        },
        "6": {
            "forward": 1.2298175059709895,
            "backward": 1.6155788779361266,
            "per_epoch_whole": 47665.98828125
        },
        "7": {
            "forward": 1.184542528556622,
            "backward": 1.5993627711588565,
            "per_epoch_whole": 48005.49609375
        },
        "8": {
            "forward": 1.1977588721328338,
            "backward": 1.5948681207340762,
            "per_epoch_whole": 48900.3671875
        },
        "9": {
            "forward": 1.195137253031112,
            "backward": 1.598614016992436,
            "per_epoch_whole": 47722.9140625
        },
        "10": {
            "forward": 1.180892144900212,
            "backward": 1.5945028915716946,
            "per_epoch_whole": 47969.796875
        },
        "11": {
            "forward": 1.1862686019081101,
            "backward": 1.608353646336676,
            "per_epoch_whole": 47868.44140625
        },
        "12": {
            "forward": 1.2004151697557117,
            "backward": 1.6054843663266358,
            "per_epoch_whole": 47676.046875
        },
        "13": {
            "forward": 1.1823578927227385,
            "backward": 1.591231667446264,
            "per_epoch_whole": 47850.41015625
        },
        "14": {
            "forward": 1.19102586599573,
            "backward": 1.5972135466197195,
            "per_epoch_whole": 48895.8046875
        },
        "15": {
            "forward": 1.211504761561413,
            "backward": 1.6303420679765377,
            "per_epoch_whole": 47705.21484375
        },
        "16": {
            "forward": 1.2077442559713008,
            "backward": 1.587205657174666,
            "per_epoch_whole": 47702.21484375
        },
        "17": {
            "forward": 1.1886406738156179,
            "backward": 1.6101666228219886,
            "per_epoch_whole": 47781.02734375
        },
        "18": {
            "forward": 1.1762193388024942,
            "backward": 1.6063444802607836,
            "per_epoch_whole": 48472.70703125
        },
        "19": {
            "forward": 1.1814158305035711,
            "backward": 1.6198854326917758,
            "per_epoch_whole": 48151.2734375
        },
        "20": {
            "forward": 1.163519891952125,
            "backward": 1.563734124211525,
            "per_epoch_whole": 48946.7578125
        },
        "21": {
            "forward": 1.179859082939577,
            "backward": 1.6216848431135131,
            "per_epoch_whole": 48313.44921875
        },
        "22": {
            "forward": 1.1396114569621167,
            "backward": 1.6049496052999084,
            "per_epoch_whole": 52831.53125
        },
        "23": {
            "forward": 1.0010287577099306,
            "backward": 1.4971635401584082,
            "per_epoch_whole": 72957.4921875
        },
        "24": {
            "forward": 1.0126225782306895,
            "backward": 1.501318909421193,
            "per_epoch_whole": 73591.8828125
        },
        "25": {
            "forward": 1.0126080451513733,
            "backward": 1.524253587641299,
            "per_epoch_whole": 72794.265625
        },
        "26": {
            "forward": 1.0054846434083773,
            "backward": 1.5017066955257095,
            "per_epoch_whole": 72469.546875
        },
        "27": {
            "forward": 1.1480826504438362,
            "backward": 1.60056575734466,