{
    "path": "240828_decom_R_siren_d2_w256_cd2_cd256_R3_8192_decom_dim_uv_lr0.001_knights",
    "depth": 2,
    "width": 256,
    "coord_depth": 2,
    "coord_width": 256,
    "dataset_name": "knights",
    "model_info": "siren",
    "lr": 0.001,
    "batch_size": 8192,
    "omega": 5,
    "sigma": 5,
    "decom_dim": "uv",
    "R": 3,
    "result": {
        "0": 0,
        "1": 19.419167768626284,
        "2": 20.27666924628123,
        "3": 21.015171766168095,
        "4": 21.622117601743074,
        "5": 22.38804370233329,
        "6": 22.717466525892522,
        "7": 20.826410402356355,
        "8": 22.04795048855199,
        "9": 22.584896054151542,
        "10": 22.75622936664868,
        "11": 23.666624939335648,
        "12": 22.2114951584898,
        "13": 22.306543192849666,
        "14": 23.458223950298905,
        "15": 22.904680025053416,
        "16": 24.095695048319683,
        "17": 23.61802352591679,
        "18": 23.858472639509003,
        "19": 23.162929180753565,
        "20": 24.01652189205449,
        "21": 24.05471231005019,
        "22": 24.493469010067468,
        "23": 23.76143452723399,
        "24": 24.17278668304924,
        "25": 23.982227045931968,
        "26": 24.66642935500312,
        "27": 24.189824919412796,
        "28": 24.297899797927943,
        "29": 24.471475291605813,
        "30": 24.73235928673178,
        "31": 24.580644355165852,
        "32": 24.212069778762736,
        "33": 24.498858183983476,
        "34": 24.636604210238666,
        "35": 24.684074818461372,
        "36": 25.34010277848695,
        "37": 25.19291714219868,
        "38": 25.345886810760078,
        "39": 25.076347346604944,
        "40": 25.42478724925282,
        "41": 25.268961574275906,
        "42": 25.375911941446972,
        "43": 25.31072124678975,
        "44": 25.663482408979355,
        "45": 25.488025579536348,
        "46": 25.591897514013016,
        "47": 25.19398008903241,
        "48": 25.488517829072347,
        "49": 25.696164209541625,
        "50": 25.86817470650941,
        "51": 26.00566971977875,
        "52": 26.002045712651856,
        "53": 25.523129574459816,
        "54": 25.98098035008328,
        "55": 25.845297623145587,
        "56": 25.970270475124167,
        "57": 25.884561722516345,
        "58": 25.889335340314037,
        "59": 25.851395990650616,
        "60": 26.122838162766993,
        "61": 25.91452766046818,
        "62": 26.157513928137742,
        "63": 26.295549615764187,
        "64": 26.372489468886712,
        "65": 26.46715863269369,
        "66": 25.3777077556447,
        "67": 26.476680782198883,
        "68": 26.449955994573198,
        "69": 26.468731789035136,
        "70": 26.59300629100988,
        "71": 26.61721245913588,
        "72": 26.56380691991924,
        "73": 26.63373115394522,
        "74": 26.598499086348497,
        "75": 26.724756868379345,
        "76": 26.509407929223396,
        "77": 26.56482290998639,
        "78": 26.630306967022623,
        "79": 26.75829102534761,
        "80": 26.756204036957694,
        "81": 26.70404579744464,
        "82": 26.527221308743165,
        "83": 26.720564356117293,
        "84": 26.94124976612507,
        "85": 26.526417178045328,
        "86": 26.944740721760947,
        "87": 26.92906908867449,
        "88": 26.862762701428224,
        "89": 26.84449514192086,
        "90": 26.888822043990476,
        "91": 26.97291358179396,
        "92": 27.047039671080697,
        "93": 27.015261020625147,
        "94": 27.165219157616797,
        "95": 27.11243445461851,
        "96": 27.11582287867363,
        "97": 27.042188830906966,
        "98": 27.142668901672785,
        "99": 27.101493224602777,
        "100": 27.03339812176043
    },
    "result_time": {
        "1": {
            "forward": 0.7677458708648279,
            "backward": 1.551454101118765,
            "per_epoch_whole": 23580.44140625
        },
        "2": {
            "forward": 0.7263575364677716,
            "backward": 1.537318470749263,
            "per_epoch_whole": 22998.767578125
        },
        "3": {
            "forward": 0.7213021869348983,
            "backward": 1.5297020276602153,
            "per_epoch_whole": 22776.767578125
        },
        "4": {
            "forward": 0.7387209380026233,
            "backward": 1.563998892813091,
            "per_epoch_whole": 23469.98046875
        },
        "5": {
            "forward": 0.7299165051610982,
            "backward": 1.5599242007185723,
            "per_epoch_whole": 23421.482421875
        },
        "6": {
            "forward": 0.7292330726130462,
            "backward": 1.554047705985888,
            "per_epoch_whole": 23181.38671875
        },
        "7": {
            "forward": 0.7301986299416502,
            "backward": 1.548528142105845,
            "per_epoch_whole": 23155.69921875
        },
        "8": {
            "forward": 0.7301669001811381,
            "backward": 1.5384361520925087,
            "per_epoch_whole": 23047.091796875
        },
        "9": {
            "forward": 0.7317957783820411,
            "backward": 1.5584445362942794,
            "per_epoch_whole": 23279.609375
        },
        "10": {
            "forward": 0.7515695882851614,
            "backward": 1.575229508666954,
            "per_epoch_whole": 23864.673828125
        },
        "11": {
            "forward": 0.7332613492339446,
            "backward": 1.5656344529795505,
            "per_epoch_whole": 23468.5234375
        },
        "12": {
            "forward": 0.7474315917396548,
            "backward": 1.5691341729802408,
            "per_epoch_whole": 23696.0625
        },
        "13": {
            "forward": 0.7384576889586421,
            "backward": 1.5528863223855953,
            "per_epoch_whole": 23339.17578125
        },
        "14": {
            "forward": 0.7326497784251802,
            "backward": 1.5678452002367886,
            "per_epoch_whole": 23459.046875
        },
        "15": {
            "forward": 0.7355048857487521,
            "backward": 1.5585826304982833,
            "per_epoch_whole": 23431.201171875
        },
        "16": {
            "forward": 0.7204051968548176,
            "backward": 1.5394439655629892,
            "per_epoch_whole": 22932.41796875
        },
        "17": {
            "forward": 0.7322136714062035,
            "backward": 1.5445909134166942,
            "per_epoch_whole": 23120.962890625
        },
        "18": {
            "forward": 0.7363753010773464,
            "backward": 1.5535270040242497,
            "per_epoch_whole": 23274.259765625
        },
        "19": {
            "forward": 0.7199024983188712,
            "backward": 1.5356229547939622,
            "per_epoch_whole": 22875.6796875
        },
        "20": {
            "forward": 0.731239878859339,
            "backward": 1.5459734079875884,
            "per_epoch_whole": 23113.564453125
        },
        "21": {
            "forward": 0.736032287155163,
            "backward": 1.5478387582131878,
            "per_epoch_whole": 23338.01953125
        },
        "22": {
            "forward": 0.7249031589466407,
            "backward": 1.5605701592373735,
            "per_epoch_whole": 23247.841796875
        },
        "23": {
            "forward": 0.7205252418597506,
            "backward": 1.525627419610324,
            "per_epoch_whole": 22811.939453125
        },
        "24": {
            "forward": 0.7253949621041391,
            "backward": 1.5346850964359855,
            "per_epoch_whole": 22874.3984375
        },
        "25": {
            "forward": 0.7392440069737587,
            "backward": 1.5538089689266916,
            "per_epoch_whole": 23417.9609375
        },
        "26": {
            "forward": 0.7325243046217277,
            "backward": 1.5551661210179595,
            "per_epoch_whole": 23282.4296875
        },
        "27": {
            "forward": 0.7262379276182772,
            "backward": 1.5470353572348958,