{
    "path": "240828_decom_R_finer_d2_w256_cd2_cd256_R3_8192_decom_dim_uv_lr0.0005_knights",
    "depth": 2,
    "width": 256,
    "coord_depth": 2,
    "coord_width": 256,
    "dataset_name": "knights",
    "model_info": "finer",
    "lr": 0.0005,
    "batch_size": 8192,
    "omega": 5,
    "sigma": 5,
    "decom_dim": "uv",
    "R": 3,
    "result": {
        "0": 0,
        "1": 18.029315224516623,
        "2": 20.351393440693887,
        "3": 21.06360318968508,
        "4": 21.119632671660902,
        "5": 21.273495768928818,
        "6": 22.726747715713447,
        "7": 22.25186105361801,
        "8": 22.842002843923083,
        "9": 22.3952230313986,
        "10": 22.882185827874174,
        "11": 23.847912957678766,
        "12": 23.83198132251028,
        "13": 23.530868996692273,
        "14": 24.220968409278036,
        "15": 23.527028641697367,
        "16": 23.866019652904722,
        "17": 23.904928720139424,
        "18": 24.041256739149606,
        "19": 24.03443281426693,
        "20": 24.455724236912246,
        "21": 24.90670780579935,
        "22": 24.952052438435587,
        "23": 24.31709918270656,
        "24": 25.121189847496947,
        "25": 24.61120725530874,
        "26": 25.051331974845628,
        "27": 24.71260155685861,
        "28": 24.566787122146827,
        "29": 25.057188028618814,
        "30": 25.0215839313834,
        "31": 24.82013302697272,
        "32": 24.92070942027908,
        "33": 24.8473826996964,
        "34": 25.134088146560995,
        "35": 25.608948849809924,
        "36": 25.495634862092253,
        "37": 25.4821226325632,
        "38": 25.339624793987852,
        "39": 25.771907791896982,
        "40": 25.910941617700484,
        "41": 25.76977355923491,
        "42": 25.97545702831246,
        "43": 25.876538168051372,
        "44": 25.941784163340152,
        "45": 25.885257985092814,
        "46": 25.943254257451144,
        "47": 25.933768504313598,
        "48": 26.2470817829549,
        "49": 26.22879497951807,
        "50": 26.339029425805354,
        "51": 26.29011136017497,
        "52": 26.296248207030985,
        "53": 26.295422250635948,
        "54": 26.348439110256948,
        "55": 26.33469386128009,
        "56": 26.294141718654643,
        "57": 26.30622883262192,
        "58": 26.19771459316955,
        "59": 26.444211919218034,
        "60": 26.220062359897916,
        "61": 26.425244210122056,
        "62": 26.690694346372343,
        "63": 26.535793232170263,
        "64": 26.542839259497264,
        "65": 26.6829164345526,
        "66": 26.5871265390056,
        "67": 26.302678549156937,
        "68": 26.619607989723217,
        "69": 26.681781070071718,
        "70": 26.712681396297288,
        "71": 26.700413561512093,
        "72": 26.597364753058326,
        "73": 26.915470686331982,
        "74": 26.94600836034769,
        "75": 26.892043576907255,
        "76": 26.592769779562246,
        "77": 26.995595184599456,
        "78": 26.657270350685053,
        "79": 26.826566701579488,
        "80": 27.04928522634712,
        "81": 26.857629252545042,
        "82": 26.846024989268294,
        "83": 27.03111023232124,
        "84": 26.806163935158644,
        "85": 27.038208704278862,
        "86": 26.978893247561885,
        "87": 27.127346853176842,
        "88": 26.925388927058194,
        "89": 26.885252091459048,
        "90": 27.16304464268622,
        "91": 27.108611997681916,
        "92": 26.774756413147013,
        "93": 27.164024469268917,
        "94": 27.218629227832846,
        "95": 27.03792183204097,
        "96": 27.148563409498372,
        "97": 27.21875090168069,
        "98": 27.214389207021178,
        "99": 27.25075129815141,
        "100": 27.24109494945115
    },
    "result_time": {
        "1": {
            "forward": 1.2107748253380437,
            "backward": 1.565927492254908,
            "per_epoch_whole": 46069.56640625
        },
        "2": {
            "forward": 1.1138752317474925,
            "backward": 1.6027879323230774,
            "per_epoch_whole": 45233.17578125
        },
        "3": {
            "forward": 1.10805530472944,
            "backward": 1.606513523970465,
            "per_epoch_whole": 46257.66796875
        },
        "4": {
            "forward": 1.1070161283170799,
            "backward": 1.5964736658113547,
            "per_epoch_whole": 46145.05078125
        },
        "5": {
            "forward": 1.1213268647260322,
            "backward": 1.5997708347275403,
            "per_epoch_whole": 45274.13671875
        },
        "6": {
            "forward": 1.1256497647600319,
            "backward": 1.6160726415503093,
            "per_epoch_whole": 45397.4453125
        },
        "7": {
            "forward": 1.1135410753410606,
            "backward": 1.601503528023002,
            "per_epoch_whole": 45182.42578125
        },
        "8": {
            "forward": 1.1042531072113673,
            "backward": 1.603135365064753,
            "per_epoch_whole": 46248.24609375
        },
        "9": {
            "forward": 1.1185892488755829,
            "backward": 1.6007030012415344,
            "per_epoch_whole": 45590.66015625
        },
        "10": {
            "forward": 1.1092596262126189,
            "backward": 1.5735270777221504,
            "per_epoch_whole": 45755.20703125
        },
        "11": {
            "forward": 1.1155674328904979,
            "backward": 1.5824448590821465,
            "per_epoch_whole": 45560.8203125
        },
        "12": {
            "forward": 1.1276902663601998,
            "backward": 1.591320351359199,
            "per_epoch_whole": 46093.23828125
        },
        "13": {
            "forward": 1.2010766880386936,
            "backward": 1.5612172886059554,
            "per_epoch_whole": 46475.3125
        },
        "14": {
            "forward": 1.127821599200982,
            "backward": 1.6153947245136884,
            "per_epoch_whole": 45436.21484375
        },
        "15": {
            "forward": 1.127137958126904,
            "backward": 1.6238406070582718,
            "per_epoch_whole": 45442.44140625
        },
        "16": {
            "forward": 1.1195220272846187,
            "backward": 1.5802832958530777,
            "per_epoch_whole": 46540.37109375
        },
        "17": {
            "forward": 1.1260067920512993,
            "backward": 1.6243124781982774,
            "per_epoch_whole": 46738.44140625
        },
        "18": {
            "forward": 1.119036231879591,
            "backward": 1.589637209000741,
            "per_epoch_whole": 45774.6640625
        },
        "19": {
            "forward": 1.113392540108669,
            "backward": 1.5949814372332494,
            "per_epoch_whole": 45676.33203125
        },
        "20": {
            "forward": 1.1252492418557705,
            "backward": 1.6129692289914352,
            "per_epoch_whole": 45666.59765625
        },
        "21": {
            "forward": 1.102696210867794,
            "backward": 1.5475645795284696,
            "per_epoch_whole": 46769.3671875
        },
        "22": {
            "forward": 1.1243141763118494,
            "backward": 1.5882952580403127,
            "per_epoch_whole": 45609.39453125
        },
        "23": {
            "forward": 1.1110804918637684,
            "backward": 1.6015351637167337,
            "per_epoch_whole": 45286.87890625
        },
        "24": {
            "forward": 1.102493079398527,
            "backward": 1.595892679487701,
            "per_epoch_whole": 45007.3359375
        },
        "25": {
            "forward": 1.1125490310308528,
            "backward": 1.5968484475461715,
            "per_epoch_whole": 46245.83984375
        },
        "26": {
            "forward": 1.115690913418732,
            "backward": 1.5896857449572726,
            "per_epoch_whole": 46155.05859375
        },
        "27": {
            "forward": 1.114431262660796,
            "backward": 1.5798758585586656,