{
    "path": "240828_decom_R_finer_d2_w256_cd2_cd256_R3_8192_decom_dim_uv_lr0.001_knights",
    "depth": 2,
    "width": 256,
    "coord_depth": 2,
    "coord_width": 256,
    "dataset_name": "knights",
    "model_info": "finer",
    "lr": 0.001,
    "batch_size": 8192,
    "omega": 5,
    "sigma": 5,
    "decom_dim": "uv",
    "R": 3,
    "result": {
        "0": 0,
        "1": 18.21082327036678,
        "2": 19.688145007889585,
        "3": 19.657282825492768,
        "4": 20.301331990493473,
        "5": 21.116908271294772,
        "6": 20.56882394326983,
        "7": 20.889294523974762,
        "8": 21.052643054179338,
        "9": 20.17372791096707,
        "10": 19.29649614991062,
        "11": 17.99745991018012,
        "12": 18.22850289734137,
        "13": 17.83281546689419,
        "14": 17.850008768471632,
        "15": 18.113327755268397,
        "16": 17.56163349868502,
        "17": 17.772214967593165,
        "18": 17.274578942113177,
        "19": 17.671374267515105,
        "20": 17.346395113878028,
        "21": 13.203683926441695,
        "22": 13.01034167215929,
        "23": 13.08201562045388,
        "24": 13.194566778866893,
        "25": 12.932972164285331,
        "26": 12.17035435209792,
        "27": 13.037031848371365,
        "28": 13.071324970681454,
        "29": 13.039246740732898,
        "30": 13.07907406962473,
        "31": 13.135668030136408,
        "32": 12.96143994653964,
        "33": 12.886762710688654,
        "34": 13.079758221165234,
        "35": 13.109341822723765,
        "36": 13.04944888159712,
        "37": 12.882556141532138,
        "38": 12.183386691176272,
        "39": 12.182646793967827,
        "40": 12.179443325356115,
        "41": 12.182894139660242,
        "42": 12.182692889886534,
        "43": 12.183731637121888,
        "44": 12.183187288154423,
        "45": 12.182210300802423,
        "46": 12.181375487803756,
        "47": 12.18416529571566,
        "48": 12.184398026773138,
        "49": 12.183915996949047,
        "50": 12.18412303058373,
        "51": 12.182558114697924,
        "52": 12.184634554608612,
        "53": 12.183856372074967,
        "54": 12.185722595786604,
        "55": 12.18352882588982,
        "56": 12.185203250171803,
        "57": 12.185308654880098,
        "58": 12.185153911720299,
        "59": 12.185165628326827,
        "60": 12.185145064300865,
        "61": 12.184695891792918,
        "62": 12.185718701037864,
        "63": 12.18563262752443,
        "64": 12.185013503617647,
        "65": 12.185643887863769,
        "66": 12.185240319442222,
        "67": 12.182819920496863,
        "68": 12.185110507099836,
        "69": 12.185793645584173,
        "70": 12.1857133353241,
        "71": 12.185625844948893,
        "72": 12.186510960425467,
        "73": 12.185350932667923,
        "74": 12.186381775687144,
        "75": 12.18649979955918,
        "76": 12.186658143406504,
        "77": 12.186960064974189,
        "78": 12.186255317836766,
        "79": 12.185261093005469,
        "80": 12.187322477483024,
        "81": 12.18692794075981,
        "82": 12.187303661050722,
        "83": 12.187625807648123,
        "84": 12.187516276882961,
        "85": 12.186804109815522,
        "86": 12.187431948753378,
        "87": 12.187323287827589,
        "88": 12.187756957556543,
        "89": 12.187276692358166,
        "90": 12.186854164761135,
        "91": 12.186938156793683,
        "92": 12.187680881963823,
        "93": 12.187947588025821,
        "94": 12.187653027162359,
        "95": 12.187531257343748,
        "96": 12.188044461157277,
        "97": 12.188257636554587,
        "98": 12.18810229401963,
        "99": 12.18816706701229,
        "100": 12.188306232673874
    },
    "result_time": {
        "1": {
            "forward": 1.2259653051638253,
            "backward": 1.585083724434666,
            "per_epoch_whole": 46055.66015625
        },
        "2": {
            "forward": 1.1189109930014376,
            "backward": 1.6116717978668003,
            "per_epoch_whole": 45496.21875
        },
        "3": {
            "forward": 1.1192409475704475,
            "backward": 1.5805906488795975,
            "per_epoch_whole": 46125.44140625
        },
        "4": {
            "forward": 1.1176006847599282,
            "backward": 1.602261178259988,
            "per_epoch_whole": 45133.53515625
        },
        "5": {
            "forward": 1.1258379374614538,
            "backward": 1.6110852054839733,
            "per_epoch_whole": 45295.34765625
        },
        "6": {
            "forward": 1.120745117605289,
            "backward": 1.6141190529901384,
            "per_epoch_whole": 45322.2421875
        },
        "7": {
            "forward": 1.1263810827631895,
            "backward": 1.6077124093720985,
            "per_epoch_whole": 46275.59375
        },
        "8": {
            "forward": 1.1142480922701603,
            "backward": 1.5909706521070934,
            "per_epoch_whole": 45217.15234375
        },
        "9": {
            "forward": 1.117153982370819,
            "backward": 1.6048911186805865,
            "per_epoch_whole": 45319.625
        },
        "10": {
            "forward": 1.1238881179089577,
            "backward": 1.585511184094533,
            "per_epoch_whole": 45729.58203125
        },
        "11": {
            "forward": 1.1150124950018523,
            "backward": 1.587251162794583,
            "per_epoch_whole": 46417.90234375
        },
        "12": {
            "forward": 1.1296000543878542,
            "backward": 1.6031301465388739,
            "per_epoch_whole": 46175.69140625
        },
        "13": {
            "forward": 1.1675802180188912,
            "backward": 1.561857282238915,
            "per_epoch_whole": 46227.17578125
        },
        "14": {
            "forward": 1.123780899316984,
            "backward": 1.605941963946073,
            "per_epoch_whole": 45434.0625
        },
        "15": {
            "forward": 1.1208061758931356,
            "backward": 1.5882705242525075,
            "per_epoch_whole": 44974.375
        },
        "16": {
            "forward": 1.1089150756726252,
            "backward": 1.5852887178272366,
            "per_epoch_whole": 46163.48828125
        },
        "17": {
            "forward": 1.1244282420969394,
            "backward": 1.6187816345001365,
            "per_epoch_whole": 45494.80078125
        },
        "18": {
            "forward": 1.1056891411516907,
            "backward": 1.6014079218247663,
            "per_epoch_whole": 45215.59375
        },
        "19": {
            "forward": 1.110280839984122,
            "backward": 1.5864985377421923,
            "per_epoch_whole": 45005.5703125
        },
        "20": {
            "forward": 1.1285963564737203,
            "backward": 1.627705624037095,
            "per_epoch_whole": 46491.93359375
        },
        "21": {
            "forward": 1.1214521346310697,
            "backward": 1.5933272682105102,
            "per_epoch_whole": 45206.33984375
        },
        "22": {
            "forward": 1.1096527617244185,
            "backward": 1.5952443680678217,
            "per_epoch_whole": 45056.140625
        },
        "23": {
            "forward": 1.1200524392025257,
            "backward": 1.6097870048870837,
            "per_epoch_whole": 45261.015625
        },
        "24": {
            "forward": 1.120335934367858,
            "backward": 1.6176538245308367,
            "per_epoch_whole": 46433.42578125
        },
        "25": {
            "forward": 1.1204798819825803,
            "backward": 1.6147664304191642,
            "per_epoch_whole": 45229.79296875
        },
        "26": {
            "forward": 1.106356394145248,
            "backward": 1.594229094555287,
            "per_epoch_whole": 45178.46484375
        },
        "27": {
            "forward": 1.1069671306372337,
            "backward": 1.6005678977495548,