{
    "path": "240828_decom_R_siren_d2_w256_cd2_cd256_R3_8192_decom_dim_uv_lr0.0005_knights",
    "depth": 2,
    "width": 256,
    "coord_depth": 2,
    "coord_width": 256,
    "dataset_name": "knights",
    "model_info": "siren",
    "lr": 0.0005,
    "batch_size": 8192,
    "omega": 5,
    "sigma": 5,
    "decom_dim": "uv",
    "R": 3,
    "result": {
        "0": 0,
        "1": 19.36316508718279,
        "2": 21.046648766026166,
        "3": 21.18176631181628,
        "4": 22.211827363198395,
        "5": 22.42259458404575,
        "6": 22.449060279540443,
        "7": 21.980222830647453,
        "8": 23.53852155325578,
        "9": 23.19459303443997,
        "10": 23.11802130712398,
        "11": 24.03994421948132,
        "12": 24.14661835573292,
        "13": 24.46371069899856,
        "14": 24.864316751154735,
        "15": 24.112931463253265,
        "16": 24.760444813343103,
        "17": 24.82359520884991,
        "18": 24.933262031301233,
        "19": 24.767644049785478,
        "20": 24.25924666973923,
        "21": 24.99283646156178,
        "22": 24.459483857388197,
        "23": 24.57397304763864,
        "24": 25.378014817238356,
        "25": 25.249711191957292,
        "26": 24.754782350856757,
        "27": 24.999207685857957,
        "28": 25.275674249658515,
        "29": 26.47290959683106,
        "30": 25.954380633087922,
        "31": 25.559094623110997,
        "32": 25.210336714474202,
        "33": 26.448594410950573,
        "34": 26.087647252475012,
        "35": 26.23583244827875,
        "36": 26.678447114252535,
        "37": 26.26346101247543,
        "38": 26.637695284290597,
        "39": 26.689169800722286,
        "40": 25.3747675778992,
        "41": 26.383744414055894,
        "42": 26.66138128083652,
        "43": 26.688437590793463,
        "44": 25.958209599630347,
        "45": 26.709144512018305,
        "46": 26.946539990232758,
        "47": 26.668082855726013,
        "48": 26.928629096792672,
        "49": 27.015892001920278,
        "50": 27.01443651594668,
        "51": 27.095863579727002,
        "52": 27.11889929726955,
        "53": 27.336719436346264,
        "54": 27.07851260420975,
        "55": 26.997844464869544,
        "56": 27.39259707293884,
        "57": 27.640833856220148,
        "58": 27.38838727420467,
        "59": 27.515238155752233,
        "60": 27.212968221297448,
        "61": 27.56843361369232,
        "62": 27.51636611039583,
        "63": 27.607117184078337,
        "64": 27.586538427779534,
        "65": 27.61568310953729,
        "66": 27.67916391338218,
        "67": 27.277339596215004,
        "68": 27.301376490933457,
        "69": 27.605180704113618,
        "70": 27.809593713109948,
        "71": 27.730618980776228,
        "72": 27.772806333840137,
        "73": 27.750983532736324,
        "74": 27.837682238856285,
        "75": 27.847502144759645,
        "76": 27.774277448688068,
        "77": 27.884973125339535,
        "78": 27.87857917959693,
        "79": 27.806877804195665,
        "80": 27.877470398477346,
        "81": 27.836878886588885,
        "82": 27.991410013092754,
        "83": 28.01599773510157,
        "84": 27.813973054215964,
        "85": 27.940559283706797,
        "86": 28.073364362942876,
        "87": 28.1152618924144,
        "88": 28.066409345467104,
        "89": 28.056948295166084,
        "90": 28.170203633711886,
        "91": 27.98666676057921,
        "92": 27.962567408808265,
        "93": 28.169919978469576,
        "94": 28.212475008046763,
        "95": 28.120099031632797,
        "96": 28.10220743034868,
        "97": 28.18602650068641,
        "98": 28.10694772289044,
        "99": 28.316891359620314,
        "100": 28.314563946254424
    },
    "result_time": {
        "1": {
            "forward": 0.8778416105001134,
            "backward": 1.5628174441160807,
            "per_epoch_whole": 42885.28515625
        },
        "2": {
            "forward": 0.7653071274883938,
            "backward": 1.5679656375186546,
            "per_epoch_whole": 41988.90625
        },
        "3": {
            "forward": 0.7757668158097137,
            "backward": 1.59629853830308,
            "per_epoch_whole": 43136.08984375
        },
        "4": {
            "forward": 0.7708909579239779,
            "backward": 1.5606303683975031,
            "per_epoch_whole": 41539.52734375
        },
        "5": {
            "forward": 0.7713110860320779,
            "backward": 1.581641374536136,
            "per_epoch_whole": 41351.33984375
        },
        "6": {
            "forward": 0.7863252520444903,
            "backward": 1.6036950600652382,
            "per_epoch_whole": 41477.65625
        },
        "7": {
            "forward": 0.775319612156373,
            "backward": 1.5894988947982716,
            "per_epoch_whole": 42609.2578125
        },
        "8": {
            "forward": 0.7724554321203025,
            "backward": 1.5885650905229194,
            "per_epoch_whole": 41411.03125
        },
        "9": {
            "forward": 0.7801247363181438,
            "backward": 1.6119469461839973,
            "per_epoch_whole": 41498.54296875
        },
        "10": {
            "forward": 0.7726759685905638,
            "backward": 1.5945455585461212,
            "per_epoch_whole": 41459.85546875
        },
        "11": {
            "forward": 0.7698397885131145,
            "backward": 1.5778291982608095,
            "per_epoch_whole": 42462.6328125
        },
        "12": {
            "forward": 0.784215061516051,
            "backward": 1.6077833514544404,
            "per_epoch_whole": 41499.83984375
        },
        "13": {
            "forward": 0.7758733598405491,
            "backward": 1.574059499807921,
            "per_epoch_whole": 41382.3984375
        },
        "14": {
            "forward": 0.7745766983041802,
            "backward": 1.601738752803681,
            "per_epoch_whole": 41498.5625
        },
        "15": {
            "forward": 0.7899041236426233,
            "backward": 1.624118239448033,
            "per_epoch_whole": 42913.421875
        },
        "16": {
            "forward": 0.7857102594470101,
            "backward": 1.6160891527587071,
            "per_epoch_whole": 41648.80078125
        },
        "17": {
            "forward": 0.7771666465990646,
            "backward": 1.5936698036777357,
            "per_epoch_whole": 41538.8203125
        },
        "18": {
            "forward": 0.7799466707482434,
            "backward": 1.5824920940486733,
            "per_epoch_whole": 41335.2109375
        },
        "19": {
            "forward": 0.7780949961213294,
            "backward": 1.5766524953645165,
            "per_epoch_whole": 42575.58984375
        },
        "20": {
            "forward": 0.7749875705224829,
            "backward": 1.6081591573734,
            "per_epoch_whole": 41558.84765625
        },
        "21": {
            "forward": 0.7712884356161085,
            "backward": 1.594175043209713,
            "per_epoch_whole": 41514.35546875
        },
        "22": {
            "forward": 0.769197199925443,
            "backward": 1.5919873187879003,
            "per_epoch_whole": 41467.44921875
        },
        "23": {
            "forward": 0.790057435419029,
            "backward": 1.607485152716545,
            "per_epoch_whole": 42753.63671875
        },
        "24": {
            "forward": 0.7740769480067953,
            "backward": 1.595651267966476,
            "per_epoch_whole": 41319.31640625
        },
        "25": {
            "forward": 0.7763283389674906,
            "backward": 1.5723765234375828,
            "per_epoch_whole": 41370.44140625
        },
        "26": {
            "forward": 0.7745006844065911,
            "backward": 1.5890911611177125,
            "per_epoch_whole": 41470.421875
        },
        "27": {
            "forward": 0.7825067123223813,
            "backward": 1.593022146800374,