{
    "path": "240918_onther_debug_siren_d4_w256_cd2_cd256_R1_8192_decom_dim_uv_lr0.0005_knights",
    "depth": 4,
    "width": 256,
    "coord_depth": 2,
    "coord_width": 256,
    "dataset_name": "knights",
    "model_info": "siren",
    "lr": 0.0005,
    "batch_size": 8192,
    "omega": 5,
    "sigma": 5,
    "decom_dim": "uv",
    "R": 1,
    "schdule_type": "linear",
    "lr_gamma": 0.995,
    "lr_linear_C": 1,
    "result_time": {
        "1": {
            "forward": 1.3331755745614724,
            "backward": 2.5232873851607285,
            "per_epoch_whole": 39443.49609375,
            "inference_time": 30.158815595838757
        },
        "2": {
            "forward": 1.3079919895756686,
            "backward": 2.5704021769282783,
            "per_epoch_whole": 39670.64453125,
            "inference_time": 30.172284656100803
        },
        "10": {
            "forward": 1.3200787029593102,
            "backward": 2.63582045727999,
            "per_epoch_whole": 40401.63671875,
            "inference_time": 30.41526773240831
        },
        "20": {
            "forward": 1.3223882464621062,
            "backward": 2.6210864186029346,
            "per_epoch_whole": 40293.64453125,
            "inference_time": 30.31420792473687
        },
        "30": {
            "forward": 1.300777363922808,
            "backward": 2.564428786350813,
            "per_epoch_whole": 39134.625,
            "inference_time": 30.26500638326009
        },
        "40": {
            "forward": 1.2986549484546683,
            "backward": 2.5628706375491745,
            "per_epoch_whole": 39065.79296875,
            "inference_time": 30.270261340671112
        },
        "50": {
            "forward": 1.3210418200229792,
            "backward": 2.6075575878154256,
            "per_epoch_whole": 40054.98046875,
            "inference_time": 30.223669475979275
        },
        "60": {
            "forward": 1.2942737890761815,
            "backward": 2.5579817720840548,
            "per_epoch_whole": 38950.11328125,
            "inference_time": 30.27564430236816
        },
        "70": {
            "forward": 1.301029723118266,
            "backward": 2.5542053676188052,
            "per_epoch_whole": 38976.7890625,
            "inference_time": 30.238143920898434
        },
        "80": {
            "forward": 1.2888570393477423,
            "backward": 2.555142145230111,
            "per_epoch_whole": 38826.62109375,
            "inference_time": 30.295324325561523
        },
        "90": {
            "forward": 1.3031611382819328,
            "backward": 2.5578948889172732,
            "per_epoch_whole": 39051.94921875,
            "inference_time": 30.229802661471894
        },
        "100": {
            "forward": 1.2928124567796608,
            "backward": 2.5520509281373034,
            "per_epoch_whole": 38960.859375,
            "inference_time": 30.232288148668076
        },
        "110": {
            "forward": 1.2880530526158915,
            "backward": 2.552239419795783,
            "per_epoch_whole": 38955.7890625,
            "inference_time": 30.245045132107208
        },
        "120": {
            "forward": 1.2966447507891545,
            "backward": 2.5543504116676603,
            "per_epoch_whole": 38868.3515625,
            "inference_time": 30.2583679623074
        },
        "130": {
            "forward": 1.3042333739258543,
            "backward": 2.585586681059712,
            "per_epoch_whole": 39466.73046875,
            "inference_time": 30.285941441853844
        },
        "140": {
            "forward": 1.2858213879889802,
            "backward": 2.5576313838337272,
            "per_epoch_whole": 38943.1953125,
            "inference_time": 30.22078217400445
        },
        "150": {
            "forward": 1.2986911519343447,
            "backward": 2.551269521066697,
            "per_epoch_whole": 38903.39453125,
            "inference_time": 30.221571604410812
        },
        "160": {
            "forward": 1.2936562774283789,
            "backward": 2.5558566644942755,
            "per_epoch_whole": 38815.984375,
            "inference_time": 30.22065819634332
        },
        "170": {
            "forward": 1.2834375092314954,
            "backward": 2.5660084385592468,
            "per_epoch_whole": 38897.27734375,
            "inference_time": 30.269340515136715
        },
        "180": {
            "forward": 1.2943661246758007,
            "backward": 2.559039477503838,
            "per_epoch_whole": 38968.80859375,
            "inference_time": 30.236718071831596
        },
        "190": {
            "forward": 1.3063885055572428,
            "backward": 2.582128554969334,
            "per_epoch_whole": 39475.99609375,
            "inference_time": 30.263616138034397
        },
        "200": {
            "forward": 1.2924451811760984,
            "backward": 2.554646202230976,
            "per_epoch_whole": 38957.06640625,
            "inference_time": 30.300689697265625
        },
        "210": {
            "forward": 1.297210751552524,
            "backward": 2.549450582621644,
            "per_epoch_whole": 38848.984375,
            "inference_time": 30.23396258884006
        },
        "220": {
            "forward": 1.2955293496458284,
            "backward": 2.556530394987762,
            "per_epoch_whole": 38865.38671875,
            "inference_time": 30.248241848415795
        },
        "230": {
            "forward": 1.317492142429239,
            "backward": 2.6043438654406326,
            "per_epoch_whole": 39951.60546875,
            "inference_time": 30.201589160495335
        },
        "240": {
            "forward": 1.2901823019872996,
            "backward": 2.5626290627210824,
            "per_epoch_whole": 38913.54296875,
            "inference_time": 30.29670079549154
        },
        "250": {
            "forward": 1.3050573669038723,
            "backward": 2.586154122330973,
            "per_epoch_whole": 39459.73046875,
            "inference_time": 30.236654281616207
        },
        "260": {
            "forward": 1.2950344747286726,
            "backward": 2.5493538314960236,
            "per_epoch_whole": 38772.7265625,
            "inference_time": 30.23052046034071
        },
        "270": {
            "forward": 1.3202178650132692,
            "backward": 2.6018147406564966,
            "per_epoch_whole": 39997.4375,
            "inference_time": 30.243285497029625
        },
        "280": {
            "forward": 1.2890106647188204,
            "backward": 2.550026920285726,
            "per_epoch_whole": 38743.49609375,
            "inference_time": 30.20066854688856
        },
        "290": {
            "forward": 1.2914298899200838,
            "backward": 2.5529769807796443,
            "per_epoch_whole": 38831.45703125,
            "inference_time": 30.234083387586807
        },
        "300": {
            "forward": 1.281728776049342,
            "backward": 2.559486529780201,
            "per_epoch_whole": 38839.66015625,
            "inference_time": 30.218001683553062
        }
    },
    "result": {
        "0": 0,
        "1": 20.659543187272817,
        "2": 20.760009220715894,
        "10": 25.278734074641235,
        "20": 26.304312279395933,
        "30": 27.406625641507194,
        "40": 27.688229800350328,
        "50": 28.371769200218527,
        "60": 28.760816564062125,
        "70": 29.46314747178214,
        "80": 29.076310012362676,
        "90": 29.71867295184093,
        "100": 30.178481268700857,
        "110": 29.980340977643795,
        "120": 30.941057336798192,
        "130": 29.833244912147524,
        "140": 30.51220512913365,
        "150": 31.34797483085834,
        "160": 31.124038511656448,
        "170": 31.653440806136626,
        "180": 32.03843541683337,
        "190": 31.565056402190617,
        "200": 32.304459724591794,
        "210": 32.69070128998896,
        "220": 32.72881841761202,