{
    "path": "240826_decom_R_debug_finer_d2_w256_cd2_cd256_R1_65536_decom_dim_uv_lr0.0001_knights",
    "depth": 2,
    "width": 256,
    "coord_depth": 2,
    "coord_width": 256,
    "dataset_name": "knights",
    "model_info": "finer",
    "lr": 0.0001,
    "batch_size": 65536,
    "omega": 5,
    "sigma": 5,
    "decom_dim": "uv",
    "R": 1,
    "result": {
        "0": 0,
        "1": 16.153215124201054,
        "2": 17.423863316957526,
        "3": 17.988572459609536,
        "4": 18.33907217367175,
        "5": 18.474712562969657
    },
    "result_time": {
        "1": {
            "forward": 7.122168675013469,
            "backward": 8.87918156983531,
            "per_epoch_whole": 18824.1171875
        },
        "2": {
            "forward": 6.828405944533828,
            "backward": 8.89372857466702,
            "per_epoch_whole": 18533.728515625
        },
        "3": {
            "forward": 6.869905105511608,
            "backward": 8.973916296315432,
            "per_epoch_whole": 18801.814453125
        },
        "4": {
            "forward": 6.8486261054306246,
            "backward": 8.90348211374249,
            "per_epoch_whole": 18657.234375
        },
        "5": {
            "forward": 6.8213757136288855,
            "backward": 8.933063029417943,
            "per_epoch_whole": 18570.7890625
        }
    }
}