{
    "path": "240825_decom_test_R_relu_d2_w256_cd2_cd256_R2_8192_decom_dim_us_lr0.0005_knights",
    "depth": 2,
    "width": 256,
    "coord_depth": 2,
    "coord_width": 256,
    "dataset_name": "knights",
    "model_info": "relu",
    "lr": 0.0005,
    "batch_size": 8192,
    "omega": 5,
    "sigma": 5,
    "decom_dim": "us",
    "R": 2,
    "result": {
        "0": 0,
        "1": 17.796731394500735,
        "2": 19.254620067723913,
        "3": 19.530675846033194,
        "4": 18.72770656985661,
        "5": 19.667700355863932,
        "6": 19.320525288284106,
        "7": 20.66557695089459,
        "8": 19.959375990827034,
        "9": 21.102022038713827,
        "10": 21.36774534428835
    },
    "result_time": {
        "1": {
            "forward": 0.7144866556535024,
            "backward": 1.5316084467364386,
            "per_epoch_whole": 23020.734375
        },
        "2": {
            "forward": 0.6771892874878648,
            "backward": 1.517532934289691,
            "per_epoch_whole": 22503.865234375
        },
        "3": {
            "forward": 0.6762550864497571,
            "backward": 1.5097578613790075,
            "per_epoch_whole": 22424.41796875
        },
        "4": {
            "forward": 0.6781312767609549,
            "backward": 1.5157167539902812,
            "per_epoch_whole": 22533.107421875
        },
        "5": {
            "forward": 0.678995699096456,
            "backward": 1.5152760309563622,
            "per_epoch_whole": 22464.287109375
        },
        "6": {
            "forward": 0.6805196195827948,
            "backward": 1.5309687473498619,
            "per_epoch_whole": 22730.103515625
        },
        "7": {
            "forward": 0.6788880416743157,
            "backward": 1.5102102806772324,
            "per_epoch_whole": 22449.943359375
        },
        "8": {
            "forward": 0.679798338981184,
            "backward": 1.5215747720178365,
            "per_epoch_whole": 22649.97265625
        },
        "9": {
            "forward": 0.6753595153443407,
            "backward": 1.5018368023979405,
            "per_epoch_whole": 22246.83203125
        },
        "10": {
            "forward": 0.6748165572029872,
            "backward": 1.5044649623102373,
            "per_epoch_whole": 22328.33203125
        }
    }
}