{
    "path": "240817_debug_wire_2f2w256_knights",
    "depth": 2,
    "width": 256,
    "dataset_name": "knights",
    "model_info": "wire_decom",
    "lr": 0.005,
    "batch_size": 65536,
    "result_time": {
        "1": {
            "forward": 25.587483796281404,
            "backward": 45.72781906325923,
            "per_epoch_whole": 86627.96875
        },
        "2": {
            "forward": 24.45789131573741,
            "backward": 45.70027070886947,
            "per_epoch_whole": 85229.375
        },
        "3": {
            "forward": 24.428468257910634,
            "backward": 45.623898714058974,
            "per_epoch_whole": 85108.3984375
        },
        "4": {
            "forward": 24.44657923523534,
            "backward": 45.65721427528086,
            "per_epoch_whole": 85195.7890625
        },
        "5": {
            "forward": 24.573255767459283,
            "backward": 45.8857616322263,
            "per_epoch_whole": 85587.6328125
        },
        "6": {
            "forward": 24.498824585680325,
            "backward": 45.75756152030921,
            "per_epoch_whole": 85382.3203125
        },
        "7": {
            "forward": 24.006994443781252,
            "backward": 44.85874627288234,
            "per_epoch_whole": 83647.15625
        },
        "8": {
            "forward": 24.468733582942072,
            "backward": 45.679798773003284,
            "per_epoch_whole": 85266.6171875
        },
        "9": {
            "forward": 24.457127308763,
            "backward": 45.66812127519234,
            "per_epoch_whole": 85237.9296875
        },
        "10": {
            "forward": 24.578773121520285,
            "backward": 45.9075369323414,
            "per_epoch_whole": 85633.328125
        }
    },
    "result": {
        "0": 0,
        "1": 19.48917064817213,
        "2": 20.56267970797305,
        "3": 21.067924024279225,
        "4": 21.667871337640946,
        "5": 22.97149058573263,
        "6": 23.347963024229507,
        "7": 23.727845205770333,
        "8": 24.539447446010918,
        "9": 26.05828027495305,
        "10": 26.239600191277148
    }
}