{
    "path": "240904_all_decom_tuning_relu_d0_w3_cd4_cd512_R1_65536_decom_dim_uv_lr0.005sample_type__knights",
    "depth": 0,
    "width": 3,
    "coord_depth": 4,
    "coord_width": 512,
    "dataset_name": "knights",
    "model_info": "relu",
    "lr": 0.005,
    "batch_size": 65536,
    "omega": 5,
    "sigma": 5,
    "decom_dim": "uv",
    "R": 1,
    "result": {
        "0": 0,
        "1": 12.846625314019219,
        "2": 13.200742426137756,
        "3": 13.23659651852375,
        "4": 13.204710381489908,
        "5": 13.215340012896952,
        "6": 13.231469359817176,
        "7": 13.203547140295465,
        "8": 13.228061457397594,
        "9": 13.237573479269606,
        "10": 13.249285979840032
    },
    "result_time": {
        "1": {
            "forward": 2.425917631614581,
            "backward": 5.632808995081885,
            "per_epoch_whole": 14011.2666015625
        },
        "2": {
            "forward": 1.070467987223479,
            "backward": 5.590905188895434,
            "per_epoch_whole": 12359.16796875
        },
        "3": {
            "forward": 1.04536537073269,
            "backward": 5.59716999860783,
            "per_epoch_whole": 12365.3564453125
        },
        "4": {
            "forward": 1.0259502293432474,
            "backward": 5.579173952237955,
            "per_epoch_whole": 12332.9326171875
        },
        "5": {
            "forward": 1.014086008381267,
            "backward": 5.520479112966657,
            "per_epoch_whole": 12257.0947265625
        },
        "6": {
            "forward": 1.003788207641521,
            "backward": 5.539889633243046,
            "per_epoch_whole": 12280.9599609375
        },
        "7": {
            "forward": 1.0177341459841065,
            "backward": 5.532223610729493,
            "per_epoch_whole": 12277.021484375
        },
        "8": {
            "forward": 1.0150989066152005,
            "backward": 5.5570354030619,
            "per_epoch_whole": 12304.263671875
        },
        "9": {
            "forward": 1.0434525684295648,
            "backward": 5.5777136920645205,
            "per_epoch_whole": 12324.7568359375
        },
        "10": {
            "forward": 1.03285431140022,
            "backward": 5.5792811614006865,
            "per_epoch_whole": 12326.87109375
        }
    }
}