{
    "path": "240904_all_decom_tuning_relu_d0_w3_cd4_cd1024_R1_65536_decom_dim_uv_lr0.001sample_type__knights",
    "depth": 0,
    "width": 3,
    "coord_depth": 4,
    "coord_width": 1024,
    "dataset_name": "knights",
    "model_info": "relu",
    "lr": 0.001,
    "batch_size": 65536,
    "omega": 5,
    "sigma": 5,
    "decom_dim": "uv",
    "R": 1,
    "result": {
        "0": 0,
        "1": 13.316060442530306,
        "2": 13.229206599853038,
        "3": 13.397691050093574,
        "4": 13.603723316423958,
        "5": 13.75250027143036,
        "6": 13.841175735719908,
        "7": 13.852916869907826,
        "8": 13.943093424120137,
        "9": 13.956958531280062,
        "10": 14.141007646944669
    },
    "result_time": {
        "1": {
            "forward": 3.0998541311615435,
            "backward": 11.839699770340053,
            "per_epoch_whole": 22695.216796875
        },
        "2": {
            "forward": 1.6558760423148775,
            "backward": 11.808568611277009,
            "per_epoch_whole": 21011.2265625
        },
        "3": {
            "forward": 1.6609679734830614,
            "backward": 11.825521382493552,
            "per_epoch_whole": 21043.177734375
        },
        "4": {
            "forward": 1.6747057169778923,
            "backward": 11.878725006918593,
            "per_epoch_whole": 21055.81640625
        },
        "5": {
            "forward": 1.6653759989977677,
            "backward": 11.814441107136153,
            "per_epoch_whole": 21031.046875
        },
        "6": {
            "forward": 1.6557334257244647,
            "backward": 11.821894205152773,
            "per_epoch_whole": 21022.0546875
        },
        "7": {
            "forward": 1.6728006925137375,
            "backward": 11.865583930048572,
            "per_epoch_whole": 21033.56640625
        },
        "8": {
            "forward": 1.6730266564032588,
            "backward": 11.860510027119856,
            "per_epoch_whole": 21048.09765625
        },
        "9": {
            "forward": 1.6355155427975632,
            "backward": 11.832541342012625,
            "per_epoch_whole": 20994.66796875
        },
        "10": {
            "forward": 1.6838707248438587,
            "backward": 10.527766057776747,
            "per_epoch_whole": 18381.236328125
        }
    }
}