{
    "path": "240904_all_decom_tuning_relu_d0_w3_cd4_cd1024_R1_262144_decom_dim_uv_lr0.005sample_type__knights",
    "depth": 0,
    "width": 3,
    "coord_depth": 4,
    "coord_width": 1024,
    "dataset_name": "knights",
    "model_info": "relu",
    "lr": 0.005,
    "batch_size": 262144,
    "omega": 5,
    "sigma": 5,
    "decom_dim": "uv",
    "R": 1,
    "result": {
        "0": 0,
        "1": 13.030546098403276,
        "2": 13.162042385270667,
        "3": 12.793752593153682,
        "4": 13.211670582224206,
        "5": 13.207956738074275,
        "6": 13.157269724414013,
        "7": 13.153501870466663,
        "8": 13.229732428096538,
        "9": 13.14082435529648,
        "10": 13.232392818720761
    },
    "result_time": {
        "1": {
            "forward": 15.601050294394328,
            "backward": 46.369916526504035,
            "per_epoch_whole": 19170.44921875
        },
        "2": {
            "forward": 9.694053420558522,
            "backward": 46.28578263913061,
            "per_epoch_whole": 17452.654296875
        },
        "3": {
            "forward": 10.057606413290165,
            "backward": 46.77330836787774,
            "per_epoch_whole": 17679.48046875
        },
        "4": {
            "forward": 9.862902128160204,
            "backward": 46.32496537469252,
            "per_epoch_whole": 17502.744140625
        },
        "5": {
            "forward": 9.845807742082547,
            "backward": 46.361396103169255,
            "per_epoch_whole": 17515.826171875
        },
        "6": {
            "forward": 9.651607916016891,
            "backward": 46.364073347467894,
            "per_epoch_whole": 17463.498046875
        },
        "7": {
            "forward": 10.171272838816929,
            "backward": 46.58080274588507,
            "per_epoch_whole": 17664.564453125
        },
        "8": {
            "forward": 9.921867398654712,
            "backward": 46.4990883731512,
            "per_epoch_whole": 17566.8046875
        },
        "9": {
            "forward": 9.73148856608513,
            "backward": 46.23294730004964,
            "per_epoch_whole": 17446.556640625
        },
        "10": {
            "forward": 9.824476905347566,
            "backward": 46.27302691185762,
            "per_epoch_whole": 17474.99609375
        }
    }
}