{
    "path": "240904_all_decom_tuning_relu_d0_w3_cd2_cd512_R1_65536_decom_dim_uv_lr0.0001sample_type__knights",
    "depth": 0,
    "width": 3,
    "coord_depth": 2,
    "coord_width": 512,
    "dataset_name": "knights",
    "model_info": "relu",
    "lr": 0.0001,
    "batch_size": 65536,
    "omega": 5,
    "sigma": 5,
    "decom_dim": "uv",
    "R": 1,
    "result": {
        "0": 0,
        "1": 13.375575481741201,
        "2": 13.777582621152511,
        "3": 13.931401933625763,
        "4": 14.10306708816861,
        "5": 14.15738681341529,
        "6": 14.204435520719269,
        "7": 14.192779109520457,
        "8": 14.247130680990946,
        "9": 14.260105824785793,
        "10": 14.25458707868548
    },
    "result_time": {
        "1": {
            "forward": 2.463562729036936,
            "backward": 5.559970348557796,
            "per_epoch_whole": 13988.6533203125
        },
        "2": {
            "forward": 1.0074782843820782,
            "backward": 5.553434183028326,
            "per_epoch_whole": 12316.400390625
        },
        "3": {
            "forward": 1.046595903983578,
            "backward": 5.561627905261552,
            "per_epoch_whole": 12333.681640625
        },
        "4": {
            "forward": 1.0558855094814796,
            "backward": 5.580425853341508,
            "per_epoch_whole": 12359.134765625
        },
        "5": {
            "forward": 1.0711726496273255,
            "backward": 5.617253226804896,
            "per_epoch_whole": 12391.689453125
        },
        "6": {
            "forward": 1.0552162214030854,
            "backward": 5.565055995870203,
            "per_epoch_whole": 12320.6640625
        },
        "7": {
            "forward": 1.034360139530835,
            "backward": 5.58385740906309,
            "per_epoch_whole": 12344.5830078125
        },
        "8": {
            "forward": 1.044052707334291,
            "backward": 5.583727030399342,
            "per_epoch_whole": 12338.732421875
        },
        "9": {
            "forward": 1.0341493436828209,
            "backward": 5.6069297747215945,
            "per_epoch_whole": 12371.10546875
        },
        "10": {
            "forward": 0.9926876381916163,
            "backward": 5.501518646532268,
            "per_epoch_whole": 12241.8125
        }
    }
}