{
    "path": "240904_all_decom_tuning_relu_d0_w3_cd2_cd1024_R1_65536_decom_dim_uv_lr0.0005sample_type__knights",
    "depth": 0,
    "width": 3,
    "coord_depth": 2,
    "coord_width": 1024,
    "dataset_name": "knights",
    "model_info": "relu",
    "lr": 0.0005,
    "batch_size": 65536,
    "omega": 5,
    "sigma": 5,
    "decom_dim": "uv",
    "R": 1,
    "result": {
        "0": 0,
        "1": 13.502387505413882,
        "2": 13.576861679087894,
        "3": 13.744204257750608,
        "4": 14.154896638459796,
        "5": 14.448179899570253,
        "6": 14.57670139984866,
        "7": 14.665440207518904,
        "8": 14.797194207039675,
        "9": 15.010538402596811,
        "10": 15.02642570075971
    },
    "result_time": {
        "1": {
            "forward": 3.0486985436772818,
            "backward": 11.787932198765384,
            "per_epoch_whole": 22591.43359375
        },
        "2": {
            "forward": 1.644036428326141,
            "backward": 11.790226354318515,
            "per_epoch_whole": 20969.28515625
        },
        "3": {
            "forward": 1.6589247050169855,
            "backward": 11.822096122589917,
            "per_epoch_whole": 21029.646484375
        },
        "4": {
            "forward": 1.6385824229684223,
            "backward": 11.817030073037186,
            "per_epoch_whole": 21009.23828125
        },
        "5": {
            "forward": 1.6555481244742232,
            "backward": 11.821855344161841,
            "per_epoch_whole": 21020.62890625
        },
        "6": {
            "forward": 1.6386617564412556,
            "backward": 11.79665649308466,
            "per_epoch_whole": 20985.576171875
        },
        "7": {
            "forward": 1.6316975769699644,
            "backward": 11.77128858797277,
            "per_epoch_whole": 20970.943359375
        },
        "8": {
            "forward": 1.6447454931207985,
            "backward": 11.797263597534597,
            "per_epoch_whole": 20994.88671875
        },
        "9": {
            "forward": 1.6756719437437466,
            "backward": 11.89639524522536,
            "per_epoch_whole": 21083.765625
        },
        "10": {
            "forward": 1.6743657288873044,
            "backward": 10.924769658943346,
            "per_epoch_whole": 19112.216796875
        }
    }
}