{
    "path": "240904_all_decom_tuning_relu_d0_w3_cd4_cd256_R1_262144_decom_dim_uv_lr0.005sample_type__knights",
    "depth": 0,
    "width": 3,
    "coord_depth": 4,
    "coord_width": 256,
    "dataset_name": "knights",
    "model_info": "relu",
    "lr": 0.005,
    "batch_size": 262144,
    "omega": 5,
    "sigma": 5,
    "decom_dim": "uv",
    "R": 1,
    "result": {
        "0": 0,
        "1": 12.825964984922084,
        "2": 13.27419928891358,
        "3": 13.356211019214426,
        "4": 13.4936658416621,
        "5": 13.300007586236653,
        "6": 13.52325625589014,
        "7": 13.232120035081651,
        "8": 13.415558507106143,
        "9": 13.510426047245545,
        "10": 13.533760780477245
    },
    "result_time": {
        "1": {
            "forward": 7.6029287982977065,
            "backward": 10.584557289070732,
            "per_epoch_whole": 6451.2705078125
        },
        "2": {
            "forward": 1.8793795977084273,
            "backward": 10.642179893374857,
            "per_epoch_whole": 4825.61962890625
        },
        "3": {
            "forward": 1.9240295643624958,
            "backward": 10.713898077968079,
            "per_epoch_whole": 4870.44189453125
        },
        "4": {
            "forward": 1.8902560546736404,
            "backward": 10.621448751139393,
            "per_epoch_whole": 4822.130859375
        },
        "5": {
            "forward": 1.9113392912392808,
            "backward": 10.670221505280594,
            "per_epoch_whole": 4842.76953125
        },
        "6": {
            "forward": 1.8626858911712272,
            "backward": 10.588062014134273,
            "per_epoch_whole": 4808.41064453125
        },
        "7": {
            "forward": 1.9762812444495492,
            "backward": 10.639564852401046,
            "per_epoch_whole": 4855.37841796875
        },
        "8": {
            "forward": 1.876231085470393,
            "backward": 10.708141630496112,
            "per_epoch_whole": 4839.48193359375
        },
        "9": {
            "forward": 1.921835622160493,
            "backward": 10.689949240239022,
            "per_epoch_whole": 4847.009765625
        },
        "10": {
            "forward": 1.9323407040335325,
            "backward": 10.62426985671363,
            "per_epoch_whole": 4843.52099609375
        }
    }
}