{
    "path": "240904_all_decom_tuning_relu_d0_w3_cd2_cd512_R1_262144_decom_dim_uv_lr0.0005sample_type__knights",
    "depth": 0,
    "width": 3,
    "coord_depth": 2,
    "coord_width": 512,
    "dataset_name": "knights",
    "model_info": "relu",
    "lr": 0.0005,
    "batch_size": 262144,
    "omega": 5,
    "sigma": 5,
    "decom_dim": "uv",
    "R": 1,
    "result": {
        "0": 0,
        "1": 13.298885008404312,
        "2": 13.368472710526412,
        "3": 13.367379012447884,
        "4": 13.33516636421435,
        "5": 13.352600579051243,
        "6": 13.367148835447242,
        "7": 13.38790824294308,
        "8": 13.414030308271485,
        "9": 13.397406119041962,
        "10": 13.428765416704103
    },
    "result_time": {
        "1": {
            "forward": 11.421374988390923,
            "backward": 22.47510807076956,
            "per_epoch_whole": 11027.4755859375
        },
        "2": {
            "forward": 5.393868175757389,
            "backward": 22.215115850771994,
            "per_epoch_whole": 9205.552734375
        },
        "3": {
            "forward": 5.35819593144123,
            "backward": 22.260582616997414,
            "per_epoch_whole": 9221.751953125
        },
        "4": {
            "forward": 5.358165139557998,
            "backward": 22.279546473677996,
            "per_epoch_whole": 9224.513671875
        },
        "5": {
            "forward": 5.3452261805946835,
            "backward": 22.331438797155467,
            "per_epoch_whole": 9224.69140625
        },
        "6": {
            "forward": 5.366419493533337,
            "backward": 22.18165238588327,
            "per_epoch_whole": 9196.6357421875
        },
        "7": {
            "forward": 5.319066678776462,
            "backward": 22.289134754854093,
            "per_epoch_whole": 9209.0458984375
        },
        "8": {
            "forward": 5.386599410363959,
            "backward": 22.27976462420295,
            "per_epoch_whole": 9238.6806640625
        },
        "9": {
            "forward": 5.347684212621933,
            "backward": 22.290841330293986,
            "per_epoch_whole": 9218.0791015625
        },
        "10": {
            "forward": 5.403453216420745,
            "backward": 22.3255141961121,
            "per_epoch_whole": 9242.4716796875
        }
    }
}