{
    "path": "240904_all_decom_tuning_relu_d0_w3_cd4_cd256_R1_8192_decom_dim_uv_lr0.001sample_type__knights",
    "depth": 0,
    "width": 3,
    "coord_depth": 4,
    "coord_width": 256,
    "dataset_name": "knights",
    "model_info": "relu",
    "lr": 0.001,
    "batch_size": 8192,
    "omega": 5,
    "sigma": 5,
    "decom_dim": "uv",
    "R": 1,
    "result": {
        "0": 0,
        "1": 13.656110606410758,
        "2": 13.865633214960127,
        "3": 13.925660140149812,
        "4": 13.781107011243598,
        "5": 13.851749617516276,
        "6": 14.03573804062428,
        "7": 14.056179378250038,
        "8": 14.07290882806973,
        "9": 14.068880327909172,
        "10": 14.075659608323638
    },
    "result_time": {
        "1": {
            "forward": 0.5433013883208161,
            "backward": 0.6338823792592359,
            "per_epoch_whole": 48820.9921875
        },
        "2": {
            "forward": 0.350658388354787,
            "backward": 0.6794476694134105,
            "per_epoch_whole": 42141.39453125
        },
        "3": {
            "forward": 0.3633392294328979,
            "backward": 0.6286440397770685,
            "per_epoch_whole": 47293.98828125
        },
        "4": {
            "forward": 0.3701973164576469,
            "backward": 0.6245346073235319,
            "per_epoch_whole": 47247.43359375
        },
        "5": {
            "forward": 0.36965845851226836,
            "backward": 0.614679946854173,
            "per_epoch_whole": 47183.08203125
        },
        "6": {
            "forward": 0.3700528523278791,
            "backward": 0.6345388082703628,
            "per_epoch_whole": 46514.953125
        },
        "7": {
            "forward": 0.36503496528264096,
            "backward": 0.645707382433843,
            "per_epoch_whole": 45981.49609375
        },
        "8": {
            "forward": 0.37618982493731373,
            "backward": 0.6151190400606984,
            "per_epoch_whole": 47178.09765625
        },
        "9": {
            "forward": 0.371164748543433,
            "backward": 0.6187363202042383,
            "per_epoch_whole": 47191.12890625
        },
        "10": {
            "forward": 0.37520488397181884,
            "backward": 0.6135313276001725,
            "per_epoch_whole": 47172.16015625
        }
    }
}