{
    "path": "240904_all_decom_tuning_relu_d0_w3_cd4_cd256_R1_65536_decom_dim_uv_lr0.0005sample_type__knights",
    "depth": 0,
    "width": 3,
    "coord_depth": 4,
    "coord_width": 256,
    "dataset_name": "knights",
    "model_info": "relu",
    "lr": 0.0005,
    "batch_size": 65536,
    "omega": 5,
    "sigma": 5,
    "decom_dim": "uv",
    "R": 1,
    "result": {
        "0": 0,
        "1": 13.329513659869495,
        "2": 13.332741904319432,
        "3": 13.298298659597016,
        "4": 13.34753765791955,
        "5": 13.318383694671711,
        "6": 13.533706119377555,
        "7": 13.552557883408204,
        "8": 13.736212640596694,
        "9": 13.858539361617652,
        "10": 13.920822432101861
    },
    "result_time": {
        "1": {
            "forward": 2.1365018730345113,
            "backward": 1.785400941607036,
            "per_epoch_whole": 9376.0908203125
        },
        "2": {
            "forward": 0.731178381219249,
            "backward": 1.7862385046317053,
            "per_epoch_whole": 7750.203125
        },
        "3": {
            "forward": 0.7266023264211781,
            "backward": 1.7813442473180534,
            "per_epoch_whole": 7751.7666015625
        },
        "4": {
            "forward": 0.716122049026218,
            "backward": 1.7939963180919791,
            "per_epoch_whole": 7745.0498046875
        },
        "5": {
            "forward": 0.7344007204354445,
            "backward": 1.7820515170641855,
            "per_epoch_whole": 7747.138671875
        },
        "6": {
            "forward": 0.725376416371563,
            "backward": 1.7783312941917473,
            "per_epoch_whole": 7736.26123046875
        },
        "7": {
            "forward": 0.722556871500601,
            "backward": 1.8079492318795207,
            "per_epoch_whole": 7756.27099609375
        },
        "8": {
            "forward": 0.7296821876690053,
            "backward": 1.7811092866333302,
            "per_epoch_whole": 7739.9326171875
        },
        "9": {
            "forward": 0.7281508104920803,
            "backward": 1.7891366398251962,
            "per_epoch_whole": 7739.634765625
        },
        "10": {
            "forward": 0.7236184637387741,
            "backward": 1.8069314874167228,
            "per_epoch_whole": 7757.931640625
        }
    }
}