{
    "path": "240904_all_decom_tuning_relu_d0_w3_cd2_cd256_R1_65536_decom_dim_uv_lr0.001sample_type__knights",
    "depth": 0,
    "width": 3,
    "coord_depth": 2,
    "coord_width": 256,
    "dataset_name": "knights",
    "model_info": "relu",
    "lr": 0.001,
    "batch_size": 65536,
    "omega": 5,
    "sigma": 5,
    "decom_dim": "uv",
    "R": 1,
    "result": {
        "0": 0,
        "1": 13.303385132707598,
        "2": 13.320456907705099,
        "3": 13.355888959034141,
        "4": 13.538239192478288,
        "5": 13.909708596619355,
        "6": 14.024453957845168,
        "7": 14.083588249430592,
        "8": 14.239314385198806,
        "9": 14.251674547214403,
        "10": 14.302362752494936
    },
    "result_time": {
        "1": {
            "forward": 2.1039149769707515,
            "backward": 1.8192481642982097,
            "per_epoch_whole": 9362.2119140625
        },
        "2": {
            "forward": 0.7382715576969653,
            "backward": 1.7783658122933852,
            "per_epoch_whole": 7753.755859375
        },
        "3": {
            "forward": 0.7308991840914888,
            "backward": 1.8046398629985425,
            "per_epoch_whole": 7762.4814453125
        },
        "4": {
            "forward": 0.7290173002025668,
            "backward": 1.7958460623417734,
            "per_epoch_whole": 7753.48193359375
        },
        "5": {
            "forward": 0.7186227277900935,
            "backward": 1.8023057994545504,
            "per_epoch_whole": 7742.88720703125
        },
        "6": {
            "forward": 0.7456066157784844,
            "backward": 1.7973679168001595,
            "per_epoch_whole": 7766.40771484375
        },
        "7": {
            "forward": 0.7241170941932615,
            "backward": 1.7875961508717926,
            "per_epoch_whole": 7744.0166015625
        },
        "8": {
            "forward": 0.6985915571348071,
            "backward": 1.8119609687980063,
            "per_epoch_whole": 7756.74951171875
        },
        "9": {
            "forward": 0.7252970521683098,
            "backward": 1.7758316947308341,
            "per_epoch_whole": 7735.00439453125
        },
        "10": {
            "forward": 0.7281415915200451,
            "backward": 1.7895884020930748,
            "per_epoch_whole": 7749.25634765625
        }
    }
}