{
    "path": "240904_all_decom_tuning_relu_d0_w3_cd2_cd512_R1_262144_decom_dim_uv_lr0.001sample_type__knights",
    "depth": 0,
    "width": 3,
    "coord_depth": 2,
    "coord_width": 512,
    "dataset_name": "knights",
    "model_info": "relu",
    "lr": 0.001,
    "batch_size": 262144,
    "omega": 5,
    "sigma": 5,
    "decom_dim": "uv",
    "R": 1,
    "result": {
        "0": 0,
        "1": 13.319612587179575,
        "2": 13.328273450398171,
        "3": 13.17354191258222,
        "4": 13.573708969289259,
        "5": 13.656733057334327,
        "6": 13.753149845857054,
        "7": 13.781122525080589,
        "8": 13.836797054826462,
        "9": 13.89363028410503,
        "10": 13.99641503760846
    },
    "result_time": {
        "1": {
            "forward": 11.166537868110375,
            "backward": 22.3378135324762,
            "per_epoch_whole": 10902.9755859375
        },
        "2": {
            "forward": 5.406823533629055,
            "backward": 22.261850937840016,
            "per_epoch_whole": 9225.9677734375
        },
        "3": {
            "forward": 5.36477442018713,
            "backward": 22.45152540107912,
            "per_epoch_whole": 9278.53515625
        },
        "4": {
            "forward": 5.3753954390753504,
            "backward": 22.27654764644004,
            "per_epoch_whole": 9227.814453125
        },
        "5": {
            "forward": 5.388263871513018,
            "backward": 22.25650230328517,
            "per_epoch_whole": 9215.1748046875
        },
        "6": {
            "forward": 5.349241355711203,
            "backward": 22.365388758042272,
            "per_epoch_whole": 9238.22265625
        },
        "7": {
            "forward": 5.37509414151466,
            "backward": 22.3132822307336,
            "per_epoch_whole": 9233.9013671875
        },
        "8": {
            "forward": 5.384277050882892,
            "backward": 22.205310234149035,
            "per_epoch_whole": 9210.599609375
        },
        "9": {
            "forward": 5.393667761429784,
            "backward": 22.33919678922342,
            "per_epoch_whole": 9245.4951171875
        },
        "10": {
            "forward": 5.351870343759398,
            "backward": 22.315594280467298,
            "per_epoch_whole": 9226.291015625
        }
    }
}