{
    "path": "240904_all_decom_tuning_relu_d0_w3_cd4_cd256_R1_8192_decom_dim_uv_lr0.005sample_type__knights",
    "depth": 0,
    "width": 3,
    "coord_depth": 4,
    "coord_width": 256,
    "dataset_name": "knights",
    "model_info": "relu",
    "lr": 0.005,
    "batch_size": 8192,
    "omega": 5,
    "sigma": 5,
    "decom_dim": "uv",
    "R": 1,
    "result": {
        "0": 0,
        "1": 13.169699740202754,
        "2": 13.165523878249807,
        "3": 13.344137526501594,
        "4": 13.353505226668787,
        "5": 13.540048686480088,
        "6": 13.5513958802683,
        "7": 13.556742118152954,
        "8": 13.554508981537204,
        "9": 13.555434283368843,
        "10": 13.55856187760658
    },
    "result_time": {
        "1": {
            "forward": 0.5407345159257917,
            "backward": 0.6319784650701561,
            "per_epoch_whole": 48841.296875
        },
        "2": {
            "forward": 0.36880008018877763,
            "backward": 0.6256216594105085,
            "per_epoch_whole": 47171.51171875
        },
        "3": {
            "forward": 0.3462811268505057,
            "backward": 0.6768040869056284,
            "per_epoch_whole": 42607.69921875
        },
        "4": {
            "forward": 0.3602234563430861,
            "backward": 0.6187526237277581,
            "per_epoch_whole": 47094.11328125
        },
        "5": {
            "forward": 0.3613805540009065,
            "backward": 0.6145341743660382,
            "per_epoch_whole": 47127.015625
        },
        "6": {
            "forward": 0.3668110425097327,
            "backward": 0.6222833305642462,
            "per_epoch_whole": 47204.44140625
        },
        "7": {
            "forward": 0.3554868440805939,
            "backward": 0.6857679320956928,
            "per_epoch_whole": 42289.9609375
        },
        "8": {
            "forward": 0.3660373681194162,
            "backward": 0.6240718422947445,
            "per_epoch_whole": 47241.921875
        },
        "9": {
            "forward": 0.3731536168861196,
            "backward": 0.6192264311421682,
            "per_epoch_whole": 47217.37890625
        },
        "10": {
            "forward": 0.3604255583746273,
            "backward": 0.6143975313076214,
            "per_epoch_whole": 47140.65234375
        }
    }
}