{
    "path": "240904_all_decom_tuning_relu_d0_w3_cd4_cd1024_R1_8192_decom_dim_uv_lr0.0001sample_type__knights",
    "depth": 0,
    "width": 3,
    "coord_depth": 4,
    "coord_width": 1024,
    "dataset_name": "knights",
    "model_info": "relu",
    "lr": 0.0001,
    "batch_size": 8192,
    "omega": 5,
    "sigma": 5,
    "decom_dim": "uv",
    "R": 1,
    "result": {
        "0": 0,
        "1": 14.003220278248513,
        "2": 14.193868906649405,
        "3": 14.782647005242694,
        "4": 14.953792471176651,
        "5": 15.258525592254749,
        "6": 15.290341101431592,
        "7": 15.41030740847756,
        "8": 15.370242426605778,
        "9": 15.46090379230381,
        "10": 15.486783637309887
    },
    "result_time": {
        "1": {
            "forward": 0.7330763775107669,
            "backward": 1.4632126466728843,
            "per_epoch_whole": 58893.14453125
        },
        "2": {
            "forward": 0.5561811567935104,
            "backward": 1.4695600412244578,
            "per_epoch_whole": 55962.08203125
        },
        "3": {
            "forward": 0.5500507546704745,
            "backward": 1.4594530545458497,
            "per_epoch_whole": 57203.81640625
        },
        "4": {
            "forward": 0.5538789382958438,
            "backward": 1.4599118057290246,
            "per_epoch_whole": 57314.08984375
        },
        "5": {
            "forward": 0.5469722327998578,
            "backward": 1.4658168955838102,
            "per_epoch_whole": 57340.19140625
        },
        "6": {
            "forward": 0.5578356380880485,
            "backward": 1.4591255980869167,
            "per_epoch_whole": 57303.40234375
        },
        "7": {
            "forward": 0.5498632778249201,
            "backward": 1.4766259061681637,
            "per_epoch_whole": 53471.67578125
        },
        "8": {
            "forward": 0.558834747888246,
            "backward": 1.4608115598456128,
            "per_epoch_whole": 57319.74609375
        },
        "9": {
            "forward": 0.5522168695066214,
            "backward": 1.468900830597704,
            "per_epoch_whole": 57301.703125
        },
        "10": {
            "forward": 0.5575436930877842,
            "backward": 1.4683523695902994,
            "per_epoch_whole": 57319.484375
        }
    }
}