{
    "path": "240904_all_decom_tuning_relu_d0_w3_cd2_cd512_R1_65536_decom_dim_uv_lr0.0005sample_type__knights",
    "depth": 0,
    "width": 3,
    "coord_depth": 2,
    "coord_width": 512,
    "dataset_name": "knights",
    "model_info": "relu",
    "lr": 0.0005,
    "batch_size": 65536,
    "omega": 5,
    "sigma": 5,
    "decom_dim": "uv",
    "R": 1,
    "result": {
        "0": 0,
        "1": 13.259088964436538,
        "2": 13.408758679351921,
        "3": 13.516106604300619,
        "4": 13.511156250451617,
        "5": 13.718018715371612,
        "6": 14.053084782949155,
        "7": 14.18223641251509,
        "8": 14.320171290048286,
        "9": 14.379311153057383,
        "10": 14.402888390739086
    },
    "result_time": {
        "1": {
            "forward": 2.4793542111518083,
            "backward": 5.622492459818563,
            "per_epoch_whole": 14028.8466796875
        },
        "2": {
            "forward": 1.0294664647546192,
            "backward": 5.554131711024325,
            "per_epoch_whole": 12304.0390625
        },
        "3": {
            "forward": 0.9862786163817642,
            "backward": 5.549280473723964,
            "per_epoch_whole": 12304.3662109375
        },
        "4": {
            "forward": 1.0199501167944152,
            "backward": 5.5379190826498474,
            "per_epoch_whole": 12302.837890625
        },
        "5": {
            "forward": 1.008866380036497,
            "backward": 5.570459244160505,
            "per_epoch_whole": 12346.59765625
        },
        "6": {
            "forward": 1.0266912668737167,
            "backward": 5.577327861505401,
            "per_epoch_whole": 12342.794921875
        },
        "7": {
            "forward": 1.025175555818635,
            "backward": 5.554943431413708,
            "per_epoch_whole": 12330.8017578125
        },
        "8": {
            "forward": 0.9995187267815785,
            "backward": 5.537336525620064,
            "per_epoch_whole": 12299.92578125
        },
        "9": {
            "forward": 1.0117622976381466,
            "backward": 5.55427584516136,
            "per_epoch_whole": 12314.7763671875
        },
        "10": {
            "forward": 1.0247061583100732,
            "backward": 5.544383076441741,
            "per_epoch_whole": 12314.1787109375
        }
    }
}