{
    "path": "240904_all_decom_tuning_relu_d0_w3_cd4_cd256_R1_8192_decom_dim_uv_lr0.0005sample_type__knights",
    "depth": 0,
    "width": 3,
    "coord_depth": 4,
    "coord_width": 256,
    "dataset_name": "knights",
    "model_info": "relu",
    "lr": 0.0005,
    "batch_size": 8192,
    "omega": 5,
    "sigma": 5,
    "decom_dim": "uv",
    "R": 1,
    "result": {
        "0": 0,
        "1": 13.861031551162364,
        "2": 13.973785193528816,
        "3": 14.152171085157072,
        "4": 14.284525000602688,
        "5": 14.461385109050465,
        "6": 14.500503665191916,
        "7": 14.624907144184046,
        "8": 14.72692614722737,
        "9": 14.74334234323201,
        "10": 14.81292926080058
    },
    "result_time": {
        "1": {
            "forward": 0.5511574737951502,
            "backward": 0.6276762711728592,
            "per_epoch_whole": 48861.4609375
        },
        "2": {
            "forward": 0.34894513412197525,
            "backward": 0.6819789593194916,
            "per_epoch_whole": 42177.11328125
        },
        "3": {
            "forward": 0.3578275517031955,
            "backward": 0.6205150802945256,
            "per_epoch_whole": 47063.79296875
        },
        "4": {
            "forward": 0.3668960373466716,
            "backward": 0.6160082227572976,
            "per_epoch_whole": 47124.90234375
        },
        "5": {
            "forward": 0.3672341315992499,
            "backward": 0.6190207624472834,
            "per_epoch_whole": 47160.828125
        },
        "6": {
            "forward": 0.35036521441959967,
            "backward": 0.6822755235411626,
            "per_epoch_whole": 42255.44140625
        },
        "7": {
            "forward": 0.36101804561847844,
            "backward": 0.6274104032497966,
            "per_epoch_whole": 47203.78515625
        },
        "8": {
            "forward": 0.3718233921848636,
            "backward": 0.6098063548247041,
            "per_epoch_whole": 47125.94140625
        },
        "9": {
            "forward": 0.37055953757862375,
            "backward": 0.6155422959914998,
            "per_epoch_whole": 47175.53515625
        },
        "10": {
            "forward": 0.3645507623844259,
            "backward": 0.6619108601644077,
            "per_epoch_whole": 44108.93359375
        }
    }
}