{
    "path": "240904_all_decom_tuning_relu_d0_w3_cd4_cd1024_R1_65536_decom_dim_uv_lr0.005sample_type__knights",
    "depth": 0,
    "width": 3,
    "coord_depth": 4,
    "coord_width": 1024,
    "dataset_name": "knights",
    "model_info": "relu",
    "lr": 0.005,
    "batch_size": 65536,
    "omega": 5,
    "sigma": 5,
    "decom_dim": "uv",
    "R": 1,
    "result": {
        "0": 0,
        "1": 12.120790543078684,
        "2": 12.172298668463785,
        "3": 12.189725087442593,
        "4": 12.188750513141995,
        "5": 12.594435488839817,
        "6": 12.60288031959585,
        "7": 12.604532351434129,
        "8": 12.605277998715428,
        "9": 12.604008152599258,
        "10": 13.028452225626257
    },
    "result_time": {
        "1": {
            "forward": 3.0997454160018743,
            "backward": 11.834899803758896,
            "per_epoch_whole": 22691.51953125
        },
        "2": {
            "forward": 1.665507930682192,
            "backward": 11.841042509128492,
            "per_epoch_whole": 21068.134765625
        },
        "3": {
            "forward": 1.6390163594257445,
            "backward": 11.761702732643878,
            "per_epoch_whole": 20954.21484375
        },
        "4": {
            "forward": 1.6805906984632832,
            "backward": 11.853515322645645,
            "per_epoch_whole": 21041.974609375
        },
        "5": {
            "forward": 1.6762060061045547,
            "backward": 11.871663793148059,
            "per_epoch_whole": 21069.462890625
        },
        "6": {
            "forward": 1.6473094836444582,
            "backward": 11.81296855438127,
            "per_epoch_whole": 20984.193359375
        },
        "7": {
            "forward": 1.7015775488528402,
            "backward": 10.62954114960141,
            "per_epoch_whole": 18541.9453125
        },
        "8": {
            "forward": 1.6721999183245597,
            "backward": 11.872050520458034,
            "per_epoch_whole": 21073.447265625
        },
        "9": {
            "forward": 1.648648415160426,
            "backward": 11.841220856950349,
            "per_epoch_whole": 21021.806640625
        },
        "10": {
            "forward": 1.6588757927029998,
            "backward": 11.84706921230961,
            "per_epoch_whole": 21065.814453125
        }
    }
}