{
    "path": "240904_all_decom_tuning_relu_d0_w3_cd4_cd512_R1_262144_decom_dim_uv_lr0.0001sample_type__knights",
    "depth": 0,
    "width": 3,
    "coord_depth": 4,
    "coord_width": 512,
    "dataset_name": "knights",
    "model_info": "relu",
    "lr": 0.0001,
    "batch_size": 262144,
    "omega": 5,
    "sigma": 5,
    "decom_dim": "uv",
    "R": 1,
    "result": {
        "0": 0,
        "1": 13.283870598418686,
        "2": 13.294542549270242,
        "3": 13.297458673177696,
        "4": 13.31425339834424,
        "5": 13.317839396336804,
        "6": 13.31910930157354,
        "7": 13.32922929896333,
        "8": 13.328061463437193,
        "9": 13.330779420739836,
        "10": 13.334492791986188
    },
    "result_time": {
        "1": {
            "forward": 11.078101094618813,
            "backward": 22.28219168903917,
            "per_epoch_whole": 10873.677734375
        },
        "2": {
            "forward": 5.389262837934655,
            "backward": 22.310620740210727,
            "per_epoch_whole": 9231.5498046875
        },
        "3": {
            "forward": 5.357630464857431,
            "backward": 22.289541577797863,
            "per_epoch_whole": 9222.4326171875
        },
        "4": {
            "forward": 5.368548212579373,
            "backward": 22.275590117827424,
            "per_epoch_whole": 9216.0302734375
        },
        "5": {
            "forward": 5.382775236578548,
            "backward": 22.260718612934877,
            "per_epoch_whole": 9219.5302734375
        },
        "6": {
            "forward": 5.185473108786621,
            "backward": 21.848716412448542,
            "per_epoch_whole": 8966.5458984375
        },
        "7": {
            "forward": 4.984944279218632,
            "backward": 20.44802560773277,
            "per_epoch_whole": 8376.9990234375
        },
        "8": {
            "forward": 5.358507067274468,
            "backward": 22.24773482220397,
            "per_epoch_whole": 9214.1611328125
        },
        "9": {
            "forward": 5.313924650419957,
            "backward": 22.348118567549232,
            "per_epoch_whole": 9230.962890625
        },
        "10": {
            "forward": 5.4121445017289975,
            "backward": 22.314029528607964,
            "per_epoch_whole": 9240.7900390625
        }
    }
}