{
    "path": "240904_all_decom_tuning_relu_d0_w3_cd2_cd1024_R1_262144_decom_dim_uv_lr0.0001sample_type__knights",
    "depth": 0,
    "width": 3,
    "coord_depth": 2,
    "coord_width": 1024,
    "dataset_name": "knights",
    "model_info": "relu",
    "lr": 0.0001,
    "batch_size": 262144,
    "omega": 5,
    "sigma": 5,
    "decom_dim": "uv",
    "R": 1,
    "result": {
        "0": 0,
        "1": 13.30305335222332,
        "2": 13.601150729156704,
        "3": 13.695034407176003,
        "4": 13.744967711043119,
        "5": 13.752696124250125,
        "6": 13.773523811304196,
        "7": 13.772461994158874,
        "8": 13.85585303949493,
        "9": 13.896325778931292,
        "10": 13.909703670661766
    },
    "result_time": {
        "1": {
            "forward": 15.431896943947033,
            "backward": 46.4285902927491,
            "per_epoch_whole": 19144.35546875
        },
        "2": {
            "forward": 10.068711868206943,
            "backward": 46.86091597269978,
            "per_epoch_whole": 17705.8203125
        },
        "3": {
            "forward": 9.570332236768468,
            "backward": 44.34209062648892,
            "per_epoch_whole": 16728.255859375
        },
        "4": {
            "forward": 9.975602039416362,
            "backward": 46.516529584838445,
            "per_epoch_whole": 17578.646484375
        },
        "5": {
            "forward": 9.742493457860194,
            "backward": 46.18538449957297,
            "per_epoch_whole": 17429.6953125
        },
        "6": {
            "forward": 9.794880439665901,
            "backward": 46.162921139938234,
            "per_epoch_whole": 17450.443359375
        },
        "7": {
            "forward": 9.893172168401698,
            "backward": 46.566893858068184,
            "per_epoch_whole": 17575.458984375
        },
        "8": {
            "forward": 10.06384755170882,
            "backward": 46.574615280521,
            "per_epoch_whole": 17633.83984375
        },
        "9": {
            "forward": 10.014115970439986,
            "backward": 46.2943843854752,
            "per_epoch_whole": 17536.06640625
        },
        "10": {
            "forward": 9.876212902135089,
            "backward": 46.56379012005551,
            "per_epoch_whole": 17575.857421875
        }
    }
}