{
    "path": "240904_all_decom_tuning_relu_d0_w3_cd2_cd1024_R1_8192_decom_dim_uv_lr0.001sample_type__knights",
    "depth": 0,
    "width": 3,
    "coord_depth": 2,
    "coord_width": 1024,
    "dataset_name": "knights",
    "model_info": "relu",
    "lr": 0.001,
    "batch_size": 8192,
    "omega": 5,
    "sigma": 5,
    "decom_dim": "uv",
    "R": 1,
    "result": {
        "0": 0,
        "1": 13.234066978264094,
        "2": 13.155991989799345,
        "3": 13.239930874284237,
        "4": 13.255891482526469,
        "5": 13.430474111000198,
        "6": 13.46431345205275,
        "7": 13.719679331433806,
        "8": 13.798723258220512,
        "9": 13.783214503351457,
        "10": 13.80815635229677
    },
    "result_time": {
        "1": {
            "forward": 0.7323032393310315,
            "backward": 1.4633731376701984,
            "per_epoch_whole": 58898.7265625
        },
        "2": {
            "forward": 0.5581761327101641,
            "backward": 1.4668787778016672,
            "per_epoch_whole": 57337.82421875
        },
        "3": {
            "forward": 0.5573951835650598,
            "backward": 1.4612446218007085,
            "per_epoch_whole": 57306.64453125
        },
        "4": {
            "forward": 0.5422447202066523,
            "backward": 1.4773012243443226,
            "per_epoch_whole": 53515.31640625
        },
        "5": {
            "forward": 0.5374498749329014,
            "backward": 1.4583614421138063,
            "per_epoch_whole": 57169.41015625
        },
        "6": {
            "forward": 0.5445615361302821,
            "backward": 1.4587601968651098,
            "per_epoch_whole": 57158.515625
        },
        "7": {
            "forward": 0.5498581668281438,
            "backward": 1.4586582723295838,
            "per_epoch_whole": 57241.72265625
        },
        "8": {
            "forward": 0.5523455235462527,
            "backward": 1.4554311202703605,
            "per_epoch_whole": 57234.10546875
        },
        "9": {
            "forward": 0.543599952105752,
            "backward": 1.4769653799366678,
            "per_epoch_whole": 53420.62890625
        },
        "10": {
            "forward": 0.5553124023208208,
            "backward": 1.4677351274782144,
            "per_epoch_whole": 57305.140625
        }
    }
}