{
    "path": "240904_all_decom_tuning_relu_d0_w3_cd2_cd256_R1_262144_decom_dim_uv_lr0.0001sample_type__knights",
    "depth": 0,
    "width": 3,
    "coord_depth": 2,
    "coord_width": 256,
    "dataset_name": "knights",
    "model_info": "relu",
    "lr": 0.0001,
    "batch_size": 262144,
    "omega": 5,
    "sigma": 5,
    "decom_dim": "uv",
    "R": 1,
    "result": {
        "0": 0,
        "1": 13.206300092882334,
        "2": 13.271811543739728,
        "3": 13.30080453828049,
        "4": 13.304764351814121,
        "5": 13.33349337299302,
        "6": 13.365600953856374,
        "7": 13.38088156053564,
        "8": 13.390102630426213,
        "9": 13.399972212584313,
        "10": 13.406238251903702
    },
    "result_time": {
        "1": {
            "forward": 7.433930835921879,
            "backward": 10.51729536551505,
            "per_epoch_whole": 6410.65185546875
        },
        "2": {
            "forward": 1.945798643320078,
            "backward": 10.548313809101142,
            "per_epoch_whole": 4808.3251953125
        },
        "3": {
            "forward": 1.8709096727074226,
            "backward": 10.621607872854057,
            "per_epoch_whole": 4831.49853515625
        },
        "4": {
            "forward": 1.9509763313412243,
            "backward": 10.870622021104223,
            "per_epoch_whole": 4915.72314453125
        },
        "5": {
            "forward": 1.9164487762847158,
            "backward": 10.675074207741492,
            "per_epoch_whole": 4845.81494140625
        },
        "6": {
            "forward": 1.8755343913206988,
            "backward": 10.54325901348286,
            "per_epoch_whole": 4815.6865234375
        },
        "7": {
            "forward": 1.9072593504169815,
            "backward": 10.695414782395408,
            "per_epoch_whole": 4864.13134765625
        },
        "8": {
            "forward": 1.8625263363432307,
            "backward": 10.661883687478028,
            "per_epoch_whole": 4831.716796875
        },
        "9": {
            "forward": 1.8833038670793951,
            "backward": 10.617561142337356,
            "per_epoch_whole": 4818.798828125
        },
        "10": {
            "forward": 1.8752599051254433,
            "backward": 10.714158615851485,
            "per_epoch_whole": 4831.54638671875
        }
    }
}