{
    "path": "240904_all_decom_tuning_relu_d0_w3_cd2_cd256_R1_65536_decom_dim_uv_lr0.0001sample_type__knights",
    "depth": 0,
    "width": 3,
    "coord_depth": 2,
    "coord_width": 256,
    "dataset_name": "knights",
    "model_info": "relu",
    "lr": 0.0001,
    "batch_size": 65536,
    "omega": 5,
    "sigma": 5,
    "decom_dim": "uv",
    "R": 1,
    "result": {
        "0": 0,
        "1": 13.347411132292883,
        "2": 13.471581393056576,
        "3": 13.567741593419433,
        "4": 13.628707422026125,
        "5": 13.660422829479284,
        "6": 13.698773248579155,
        "7": 13.733250266507234,
        "8": 13.757956823437585,
        "9": 13.770861858923189,
        "10": 13.783834566255683
    },
    "result_time": {
        "1": {
            "forward": 2.156990681165853,
            "backward": 1.7960651631380051,
            "per_epoch_whole": 9411.166015625
        },
        "2": {
            "forward": 0.7177844426778374,
            "backward": 1.8063267264192915,
            "per_epoch_whole": 7757.68115234375
        },
        "3": {
            "forward": 0.7257316538928716,
            "backward": 1.7892608712701215,
            "per_epoch_whole": 7754.65673828125
        },
        "4": {
            "forward": 0.723665357203221,
            "backward": 1.796842630037387,
            "per_epoch_whole": 7746.98681640625
        },
        "5": {
            "forward": 0.7351886244123378,
            "backward": 1.8031941883291733,
            "per_epoch_whole": 7751.83642578125
        },
        "6": {
            "forward": 0.7387290506987841,
            "backward": 1.774911638877798,
            "per_epoch_whole": 7737.03515625
        },
        "7": {
            "forward": 0.7434495505216212,
            "backward": 1.7706089981905697,
            "per_epoch_whole": 7747.2626953125
        },
        "8": {
            "forward": 0.7303037510662769,
            "backward": 1.7953800688977852,
            "per_epoch_whole": 7749.65478515625
        },
        "9": {
            "forward": 0.7155260902581342,
            "backward": 1.7958178534639744,
            "per_epoch_whole": 7762.03564453125
        },
        "10": {
            "forward": 0.728712000726211,
            "backward": 1.7800778425894828,
            "per_epoch_whole": 7739.2470703125
        }
    }
}