{
    "path": "240904_all_decom_tuning_relu_d0_w3_cd2_cd256_R1_8192_decom_dim_uv_lr0.0001sample_type__knights",
    "depth": 0,
    "width": 3,
    "coord_depth": 2,
    "coord_width": 256,
    "dataset_name": "knights",
    "model_info": "relu",
    "lr": 0.0001,
    "batch_size": 8192,
    "omega": 5,
    "sigma": 5,
    "decom_dim": "uv",
    "R": 1,
    "result": {
        "0": 0,
        "1": 14.005581343225593,
        "2": 14.116931248129761,
        "3": 14.13537311653866,
        "4": 14.30235405283729,
        "5": 14.410126167638815,
        "6": 14.442143691760114,
        "7": 14.524185181009813,
        "8": 14.54317264887246,
        "9": 14.539132626290463,
        "10": 14.56465942466743
    },
    "result_time": {
        "1": {
            "forward": 0.5160736989142806,
            "backward": 0.6924712435829015,
            "per_epoch_whole": 43660.85546875
        },
        "2": {
            "forward": 0.36746243798176603,
            "backward": 0.6160006972616375,
            "per_epoch_whole": 47195.47265625
        },
        "3": {
            "forward": 0.36787490461787964,
            "backward": 0.6249422959654677,
            "per_epoch_whole": 47261.0390625
        },
        "4": {
            "forward": 0.36545238533510893,
            "backward": 0.6239544588904982,
            "per_epoch_whole": 47257.7578125
        },
        "5": {
            "forward": 0.35196023980303026,
            "backward": 0.6788607593432476,
            "per_epoch_whole": 42035.8203125
        },
        "6": {
            "forward": 0.3679250884264508,
            "backward": 0.6205611227621668,
            "per_epoch_whole": 47200.83984375
        },
        "7": {
            "forward": 0.3608739456688671,
            "backward": 0.6252445346840154,
            "per_epoch_whole": 47250.32421875
        },
        "8": {
            "forward": 0.3641749805453322,
            "backward": 0.6232953276162991,
            "per_epoch_whole": 47231.1171875
        },
        "9": {
            "forward": 0.3506834505747769,
            "backward": 0.6912156525857495,
            "per_epoch_whole": 42370.671875
        },
        "10": {
            "forward": 0.3617957626110046,
            "backward": 0.6213088049698386,
            "per_epoch_whole": 47195.12890625
        }
    }
}