{
    "path": "240904_all_decom_tuning_relu_d0_w3_cd2_cd512_R1_8192_decom_dim_uv_lr0.005sample_type__knights",
    "depth": 0,
    "width": 3,
    "coord_depth": 2,
    "coord_width": 512,
    "dataset_name": "knights",
    "model_info": "relu",
    "lr": 0.005,
    "batch_size": 8192,
    "omega": 5,
    "sigma": 5,
    "decom_dim": "uv",
    "R": 1,
    "result": {
        "0": 0,
        "1": 13.203774109124701,
        "2": 13.231769511762375,
        "3": 13.206299914951536,
        "4": 13.24867878091985,
        "5": 13.311741371142865,
        "6": 13.412678232577349,
        "7": 13.426411517601467,
        "8": 13.427745598760232,
        "9": 13.431816565725345,
        "10": 13.415582859670991
    },
    "result_time": {
        "1": {
            "forward": 0.45087351133261433,
            "backward": 0.8417573118434086,
            "per_epoch_whole": 47328.35546875
        },
        "2": {
            "forward": 0.40586658494521594,
            "backward": 0.8411504055105882,
            "per_epoch_whole": 50135.5546875
        },
        "3": {
            "forward": 0.4307716986693012,
            "backward": 0.811205516218054,
            "per_epoch_whole": 50037.1953125
        },
        "4": {
            "forward": 0.4210120449986716,
            "backward": 0.816042197545967,
            "per_epoch_whole": 50013.52734375
        },
        "5": {
            "forward": 0.4201294567200777,
            "backward": 0.8416815646199018,
            "per_epoch_whole": 44838.5
        },
        "6": {
            "forward": 0.4291277890348245,
            "backward": 0.8068947549587037,
            "per_epoch_whole": 49940.26953125
        },
        "7": {
            "forward": 0.42134217637233984,
            "backward": 0.8063626371091958,
            "per_epoch_whole": 49994.72265625
        },
        "8": {
            "forward": 0.42267172657128,
            "backward": 0.803194865681044,
            "per_epoch_whole": 49955.23046875
        },
        "9": {
            "forward": 0.42305832493657414,
            "backward": 0.8363072941898249,
            "per_epoch_whole": 44990.55078125
        },
        "10": {
            "forward": 0.41853016956023315,
            "backward": 0.7993523395043467,
            "per_epoch_whole": 49943.25
        }
    }
}