{
    "path": "240904_all_decom_tuning_relu_d0_w3_cd4_cd512_R1_65536_decom_dim_uv_lr0.0005sample_type__knights",
    "depth": 0,
    "width": 3,
    "coord_depth": 4,
    "coord_width": 512,
    "dataset_name": "knights",
    "model_info": "relu",
    "lr": 0.0005,
    "batch_size": 65536,
    "omega": 5,
    "sigma": 5,
    "decom_dim": "uv",
    "R": 1,
    "result": {
        "0": 0,
        "1": 13.58510449186872,
        "2": 13.836795258938034,
        "3": 13.995018842860429,
        "4": 14.075632038038199,
        "5": 14.01394585968932,
        "6": 14.135746401816842,
        "7": 14.169313060006393,
        "8": 14.308274665822296,
        "9": 14.195962216903567,
        "10": 14.313561207295114
    },
    "result_time": {
        "1": {
            "forward": 2.4866665112415443,
            "backward": 5.614173104193785,
            "per_epoch_whole": 14069.61328125
        },
        "2": {
            "forward": 0.9989724571214009,
            "backward": 5.561322217581581,
            "per_epoch_whole": 12321.7197265625
        },
        "3": {
            "forward": 1.0170630320236325,
            "backward": 4.643085672059276,
            "per_epoch_whole": 9403.357421875
        },
        "4": {
            "forward": 1.0109388801465806,
            "backward": 5.5316592987020945,
            "per_epoch_whole": 12293.22265625
        },
        "5": {
            "forward": 0.9810136188479037,
            "backward": 5.552719722982096,
            "per_epoch_whole": 12305.9248046875
        },
        "6": {
            "forward": 1.0038257434603246,
            "backward": 5.53916331764736,
            "per_epoch_whole": 12301.6513671875
        },
        "7": {
            "forward": 0.9930344922113584,
            "backward": 5.52749502535097,
            "per_epoch_whole": 12284.33203125
        },
        "8": {
            "forward": 0.983551334860416,
            "backward": 5.558483495225536,
            "per_epoch_whole": 12313.564453125
        },
        "9": {
            "forward": 0.9828424378971751,
            "backward": 5.523833248235771,
            "per_epoch_whole": 12281.076171875
        },
        "10": {
            "forward": 1.0054743540534519,
            "backward": 5.578834407469803,
            "per_epoch_whole": 12351.25390625
        }
    }
}