{
    "path": "240904_all_decom_tuning_relu_d0_w3_cd4_cd1024_R1_8192_decom_dim_uv_lr0.005sample_type__knights",
    "depth": 0,
    "width": 3,
    "coord_depth": 4,
    "coord_width": 1024,
    "dataset_name": "knights",
    "model_info": "relu",
    "lr": 0.005,
    "batch_size": 8192,
    "omega": 5,
    "sigma": 5,
    "decom_dim": "uv",
    "R": 1,
    "result": {
        "0": 0,
        "1": 12.189859220591318,
        "2": 12.187344161020118,
        "3": 12.184290681555876,
        "4": 12.18808599879059,
        "5": 12.189842409738588,
        "6": 12.183887397790578,
        "7": 12.187979231240726,
        "8": 12.18578353370986,
        "9": 12.189911172210254,
        "10": 12.187705914444782
    },
    "result_time": {
        "1": {
            "forward": 0.7376549366964682,
            "backward": 1.4705227224033903,
            "per_epoch_whole": 58983.03125
        },
        "2": {
            "forward": 0.5581276206248097,
            "backward": 1.4744984979473923,
            "per_epoch_whole": 57386.63671875
        },
        "3": {
            "forward": 0.5639858694785751,
            "backward": 1.4694994911680466,
            "per_epoch_whole": 57345.01953125
        },
        "4": {
            "forward": 0.5412542944174586,
            "backward": 1.4783311380157198,
            "per_epoch_whole": 53577.89453125
        },
        "5": {
            "forward": 0.5439370968781878,
            "backward": 1.4624567573123115,
            "per_epoch_whole": 57224.6796875
        },
        "6": {
            "forward": 0.5523959624397302,
            "backward": 1.4626771173082307,
            "per_epoch_whole": 57304.125
        },
        "7": {
            "forward": 0.5611748041063009,
            "backward": 1.4704808095102795,
            "per_epoch_whole": 57379.98828125
        },
        "8": {
            "forward": 0.5303540521375397,
            "backward": 1.4908217021544627,
            "per_epoch_whole": 53596.71875
        },
        "9": {
            "forward": 0.5514101464040265,
            "backward": 1.4723813657787506,
            "per_epoch_whole": 57403.34765625
        },
        "10": {
            "forward": 0.5593388873236191,
            "backward": 1.4708113383411656,
            "per_epoch_whole": 57374.0703125
        }
    }
}