{
    "path": "240904_all_decom_tuning_relu_d0_w3_cd4_cd512_R1_8192_decom_dim_uv_lr0.0001sample_type__knights",
    "depth": 0,
    "width": 3,
    "coord_depth": 4,
    "coord_width": 512,
    "dataset_name": "knights",
    "model_info": "relu",
    "lr": 0.0001,
    "batch_size": 8192,
    "omega": 5,
    "sigma": 5,
    "decom_dim": "uv",
    "R": 1,
    "result": {
        "0": 0,
        "1": 14.183766780394715,
        "2": 14.297084040136314,
        "3": 14.345991297102188,
        "4": 14.659311083516002,
        "5": 14.744829057872327,
        "6": 14.810186655540061,
        "7": 14.911809750938538,
        "8": 14.96930943144136,
        "9": 15.004126623156626,
        "10": 15.028604465226913
    },
    "result_time": {
        "1": {
            "forward": 0.5964683660203064,
            "backward": 0.8385767757338322,
            "per_epoch_whole": 46416.5
        },
        "2": {
            "forward": 0.42191049748078,
            "backward": 0.7991830697508674,
            "per_epoch_whole": 49844.57421875
        },
        "3": {
            "forward": 0.4297864110737604,
            "backward": 0.795000571454628,
            "per_epoch_whole": 49862.03515625
        },
        "4": {
            "forward": 0.43177403442426965,
            "backward": 0.7965187270735707,
            "per_epoch_whole": 49869.89453125
        },
        "5": {
            "forward": 0.4263807749198524,
            "backward": 0.8116029554069275,
            "per_epoch_whole": 48775.171875
        },
        "6": {
            "forward": 0.4238185702056186,
            "backward": 0.8004653017426553,
            "per_epoch_whole": 49157.28515625
        },
        "7": {
            "forward": 0.4361883603748671,
            "backward": 0.8080777378179267,
            "per_epoch_whole": 50010.390625
        },
        "8": {
            "forward": 0.43569850842678415,
            "backward": 0.7972741735048564,
            "per_epoch_whole": 49871.03515625
        },
        "9": {
            "forward": 0.4308958516478829,
            "backward": 0.7991858136914305,
            "per_epoch_whole": 49927.44921875
        },
        "10": {
            "forward": 0.42535159844183595,
            "backward": 0.8304288379048791,
            "per_epoch_whole": 44988.25390625
        }
    }
}