{
    "path": "240904_all_decom_tuning_relu_d0_w3_cd4_cd256_R1_262144_decom_dim_uv_lr0.001sample_type__knights",
    "depth": 0,
    "width": 3,
    "coord_depth": 4,
    "coord_width": 256,
    "dataset_name": "knights",
    "model_info": "relu",
    "lr": 0.001,
    "batch_size": 262144,
    "omega": 5,
    "sigma": 5,
    "decom_dim": "uv",
    "R": 1,
    "result": {
        "0": 0,
        "1": 13.315978296622074,
        "2": 13.351866349228729,
        "3": 13.363933964952613,
        "4": 13.355933658859614,
        "5": 13.343327223432917,
        "6": 13.383850298281612,
        "7": 13.39701881263544,
        "8": 13.401168891944398,
        "9": 13.426335898212077,
        "10": 13.425668460075523
    },
    "result_time": {
        "1": {
            "forward": 7.497977507980642,
            "backward": 10.537845025838033,
            "per_epoch_whole": 6453.5029296875
        },
        "2": {
            "forward": 1.9413115578126747,
            "backward": 10.653555665461662,
            "per_epoch_whole": 4841.07373046875
        },
        "3": {
            "forward": 1.9008060904110176,
            "backward": 10.646532766546757,
            "per_epoch_whole": 4836.04833984375
        },
        "4": {
            "forward": 1.8960919033697332,
            "backward": 10.636604549975544,
            "per_epoch_whole": 4831.08642578125
        },
        "5": {
            "forward": 1.9162319729484907,
            "backward": 10.546749011043037,
            "per_epoch_whole": 4812.4892578125
        },
        "6": {
            "forward": 1.8692980522102958,
            "backward": 10.566231381109423,
            "per_epoch_whole": 4806.068359375
        },
        "7": {
            "forward": 1.8562811324340658,
            "backward": 10.636861108166112,
            "per_epoch_whole": 4824.53369140625
        },
        "8": {
            "forward": 1.8575106421968934,
            "backward": 10.681832090793593,
            "per_epoch_whole": 4830.33203125
        },
        "9": {
            "forward": 1.8319785190701088,
            "backward": 10.66716090370627,
            "per_epoch_whole": 4834.39599609375
        },
        "10": {
            "forward": 1.9068921816802769,
            "backward": 10.650852330415713,
            "per_epoch_whole": 4839.244140625
        }
    }
}