{
    "path": "240904_all_decom_tuning_relu_d0_w3_cd4_cd1024_R1_65536_decom_dim_uv_lr0.0001sample_type__knights",
    "depth": 0,
    "width": 3,
    "coord_depth": 4,
    "coord_width": 1024,
    "dataset_name": "knights",
    "model_info": "relu",
    "lr": 0.0001,
    "batch_size": 65536,
    "omega": 5,
    "sigma": 5,
    "decom_dim": "uv",
    "R": 1,
    "result": {
        "0": 0,
        "1": 13.656594066394298,
        "2": 13.923680860889748,
        "3": 14.038396935423206,
        "4": 14.118803784485399,
        "5": 14.148533905232629,
        "6": 14.184514222870654,
        "7": 14.234379133671078,
        "8": 14.313417154458092,
        "9": 14.345316609425993,
        "10": 14.404001651758838
    },
    "result_time": {
        "1": {
            "forward": 3.0827551221661924,
            "backward": 10.612534495785983,
            "per_epoch_whole": 20081.6328125
        },
        "2": {
            "forward": 1.6587399299994485,
            "backward": 11.849570000047908,
            "per_epoch_whole": 21029.41796875
        },
        "3": {
            "forward": 1.645395126928507,
            "backward": 11.816903981782998,
            "per_epoch_whole": 21035.8046875
        },
        "4": {
            "forward": 1.6599098394486318,
            "backward": 11.88992551536295,
            "per_epoch_whole": 21055.419921875
        },
        "5": {
            "forward": 1.663428372732497,
            "backward": 11.857040054245386,
            "per_epoch_whole": 21063.767578125
        },
        "6": {
            "forward": 1.6521555690616865,
            "backward": 11.835931636882888,
            "per_epoch_whole": 21060.705078125
        },
        "7": {
            "forward": 1.635293231084682,
            "backward": 11.848527725592614,
            "per_epoch_whole": 21021.169921875
        },
        "8": {
            "forward": 1.6285978408214536,
            "backward": 11.769511807336107,
            "per_epoch_whole": 20962.23828125
        },
        "9": {
            "forward": 1.6561773848368628,
            "backward": 11.84600099849043,
            "per_epoch_whole": 21053.548828125
        },
        "10": {
            "forward": 1.648839084644217,
            "backward": 11.843991058920505,
            "per_epoch_whole": 21009.927734375
        }
    }
}