{
    "path": "240904_all_decom_tuning_relu_d0_w3_cd2_cd1024_R1_262144_decom_dim_uv_lr0.0005sample_type__knights",
    "depth": 0,
    "width": 3,
    "coord_depth": 2,
    "coord_width": 1024,
    "dataset_name": "knights",
    "model_info": "relu",
    "lr": 0.0005,
    "batch_size": 262144,
    "omega": 5,
    "sigma": 5,
    "decom_dim": "uv",
    "R": 1,
    "result": {
        "0": 0,
        "1": 13.50268023069463,
        "2": 13.585316876177966,
        "3": 13.756344251077548,
        "4": 13.847229564107383,
        "5": 14.00228919738613,
        "6": 14.082511172743606,
        "7": 14.14331858569564,
        "8": 14.193295415588604,
        "9": 14.187741439427004,
        "10": 14.30332028219365
    },
    "result_time": {
        "1": {
            "forward": 16.327454858997704,
            "backward": 47.140253047217136,
            "per_epoch_whole": 19606.05859375
        },
        "2": {
            "forward": 11.003700213448816,
            "backward": 46.60565563056712,
            "per_epoch_whole": 17907.609375
        },
        "3": {
            "forward": 9.900935758768886,
            "backward": 46.346716210916334,
            "per_epoch_whole": 17518.17578125
        },
        "4": {
            "forward": 9.723919734822848,
            "backward": 46.30348528957698,
            "per_epoch_whole": 17462.1171875
        },
        "5": {
            "forward": 9.786434221432698,
            "backward": 46.31207489224863,
            "per_epoch_whole": 17488.08203125
        },
        "6": {
            "forward": 9.99095208587118,
            "backward": 46.49844052799842,
            "per_epoch_whole": 17589.849609375
        },
        "7": {
            "forward": 9.978829614843875,
            "backward": 46.43211830033565,
            "per_epoch_whole": 17562.439453125
        },
        "8": {
            "forward": 9.8862433202539,
            "backward": 46.389177797574874,
            "per_epoch_whole": 17530.1640625
        },
        "9": {
            "forward": 9.847896145289335,
            "backward": 46.17798801936908,
            "per_epoch_whole": 17470.64453125
        },
        "10": {
            "forward": 9.847874976359439,
            "backward": 46.47930331378657,
            "per_epoch_whole": 17548.607421875
        }
    }
}