{
    "path": "240904_all_decom_tuning_relu_d0_w3_cd2_cd1024_R1_8192_decom_dim_uv_lr0.0001sample_type__knights",
    "depth": 0,
    "width": 3,
    "coord_depth": 2,
    "coord_width": 1024,
    "dataset_name": "knights",
    "model_info": "relu",
    "lr": 0.0001,
    "batch_size": 8192,
    "omega": 5,
    "sigma": 5,
    "decom_dim": "uv",
    "R": 1,
    "result": {
        "0": 0,
        "1": 14.267244745274885,
        "2": 14.595690217646986,
        "3": 14.868222528094963,
        "4": 15.113892210619175,
        "5": 15.12769482368941,
        "6": 15.106040411144155,
        "7": 15.241407131337427,
        "8": 15.228709845801278,
        "9": 15.299702083176182,
        "10": 15.305830225617221
    },
    "result_time": {
        "1": {
            "forward": 0.7329291632160526,
            "backward": 1.463374171947419,
            "per_epoch_whole": 58864.3046875
        },
        "2": {
            "forward": 0.5436255890798675,
            "backward": 1.4812239096677082,
            "per_epoch_whole": 53565.9140625
        },
        "3": {
            "forward": 0.5508626443913934,
            "backward": 1.4600750685485706,
            "per_epoch_whole": 57251.58984375
        },
        "4": {
            "forward": 0.5517435476963719,
            "backward": 1.4557501065663894,
            "per_epoch_whole": 57256.234375
        },
        "5": {
            "forward": 0.5543443093134317,
            "backward": 1.45939913038873,
            "per_epoch_whole": 57259.6171875
        },
        "6": {
            "forward": 0.5346516100077444,
            "backward": 1.4777762106390986,
            "per_epoch_whole": 53477.72265625
        },
        "7": {
            "forward": 0.550427481575595,
            "backward": 1.4586051479626425,
            "per_epoch_whole": 57300.26171875
        },
        "8": {
            "forward": 0.5519666958142604,
            "backward": 1.4625879784072648,
            "per_epoch_whole": 57280.98828125
        },
        "9": {
            "forward": 0.5537469108012115,
            "backward": 1.4538553935253213,
            "per_epoch_whole": 57280.53515625
        },
        "10": {
            "forward": 0.5443518688341489,
            "backward": 1.471369158747287,
            "per_epoch_whole": 53531.25390625
        }
    }
}