{
    "path": "240904_all_decom_tuning_relu_d0_w3_cd2_cd512_R1_262144_decom_dim_uv_lr0.0001sample_type__knights",
    "depth": 0,
    "width": 3,
    "coord_depth": 2,
    "coord_width": 512,
    "dataset_name": "knights",
    "model_info": "relu",
    "lr": 0.0001,
    "batch_size": 262144,
    "omega": 5,
    "sigma": 5,
    "decom_dim": "uv",
    "R": 1,
    "result": {
        "0": 0,
        "1": 13.287428953743966,
        "2": 13.358751228424575,
        "3": 13.374333872412912,
        "4": 13.367522437754518,
        "5": 13.3684294333918,
        "6": 13.384777962195885,
        "7": 13.3929177718738,
        "8": 13.410010753180359,
        "9": 13.428450651484795,
        "10": 13.442147544479017
    },
    "result_time": {
        "1": {
            "forward": 11.051747615774609,
            "backward": 22.30409209043509,
            "per_epoch_whole": 10871.345703125
        },
        "2": {
            "forward": 4.604882708882793,
            "backward": 18.528973886298484,
            "per_epoch_whole": 7518.69384765625
        },
        "3": {
            "forward": 5.3511842707861685,
            "backward": 22.216849333687218,
            "per_epoch_whole": 9197.8203125
        },
        "4": {
            "forward": 5.358776807785035,
            "backward": 22.23531220116006,
            "per_epoch_whole": 9205.5498046875
        },
        "5": {
            "forward": 5.385102076513957,
            "backward": 22.28238173422104,
            "per_epoch_whole": 9218.7607421875
        },
        "6": {
            "forward": 5.305142152680656,
            "backward": 22.294605532319483,
            "per_epoch_whole": 9214.33984375
        },
        "7": {
            "forward": 5.348538020077875,
            "backward": 22.271315564746256,
            "per_epoch_whole": 9217.69921875
        },
        "8": {
            "forward": 5.375676444657538,
            "backward": 22.42162023366117,
            "per_epoch_whole": 9265.7978515625
        },
        "9": {
            "forward": 5.353210135314705,
            "backward": 22.33467962007619,
            "per_epoch_whole": 9234.380859375
        },
        "10": {
            "forward": 5.38610855930817,
            "backward": 22.356643115772922,
            "per_epoch_whole": 9247.8134765625
        }
    }
}