{
    "path": "240904_all_decom_tuning_relu_d0_w3_cd4_cd512_R1_8192_decom_dim_uv_lr0.0005sample_type__knights",
    "depth": 0,
    "width": 3,
    "coord_depth": 4,
    "coord_width": 512,
    "dataset_name": "knights",
    "model_info": "relu",
    "lr": 0.0005,
    "batch_size": 8192,
    "omega": 5,
    "sigma": 5,
    "decom_dim": "uv",
    "R": 1,
    "result": {
        "0": 0,
        "1": 13.698261553427967,
        "2": 14.019990980707467,
        "3": 14.133893462895703,
        "4": 14.097542529554218,
        "5": 14.138725194374992,
        "6": 14.190588515606073,
        "7": 14.160599798850642,
        "8": 14.207131690156274,
        "9": 14.200393032115821,
        "10": 14.217046975679702
    },
    "result_time": {
        "1": {
            "forward": 0.6096805417813684,
            "backward": 0.81100696264718,
            "per_epoch_whole": 51607.44921875
        },
        "2": {
            "forward": 0.4350255503074325,
            "backward": 0.7931828689165215,
            "per_epoch_whole": 49876.8359375
        },
        "3": {
            "forward": 0.4116757538533764,
            "backward": 0.8438028657106241,
            "per_epoch_whole": 44801.140625
        },
        "4": {
            "forward": 0.42293319230171206,
            "backward": 0.7911363085441737,
            "per_epoch_whole": 49726.0546875
        },
        "5": {
            "forward": 0.4286857575539108,
            "backward": 0.8011458374650018,
            "per_epoch_whole": 49864.08984375
        },
        "6": {
            "forward": 0.43320113116115183,
            "backward": 0.7992209379648183,
            "per_epoch_whole": 49902.14453125
        },
        "7": {
            "forward": 0.4119115879768903,
            "backward": 0.8423035508182819,
            "per_epoch_whole": 44918.3671875
        },
        "8": {
            "forward": 0.4363282796520769,
            "backward": 0.8009523635079093,
            "per_epoch_whole": 49867.44921875
        },
        "9": {
            "forward": 0.43133805827382987,
            "backward": 0.7942222873889655,
            "per_epoch_whole": 49806.69921875
        },
        "10": {
            "forward": 0.4266425742265064,
            "backward": 0.8033525331403344,
            "per_epoch_whole": 49892.4609375
        }
    }
}