{
    "path": "240904_all_decom_tuning_relu_d0_w3_cd2_cd256_R1_262144_decom_dim_uv_lr0.005sample_type__knights",
    "depth": 0,
    "width": 3,
    "coord_depth": 2,
    "coord_width": 256,
    "dataset_name": "knights",
    "model_info": "relu",
    "lr": 0.005,
    "batch_size": 262144,
    "omega": 5,
    "sigma": 5,
    "decom_dim": "uv",
    "R": 1,
    "result_time": {
        "1": {
            "forward": 7.609280082181257,
            "backward": 10.628110756923588,
            "per_epoch_whole": 6480.6533203125
        },
        "2": {
            "forward": 1.9077622704852424,
            "backward": 10.607304551609646,
            "per_epoch_whole": 4825.234375
        },
        "3": {
            "forward": 1.8992844886020803,
            "backward": 10.565473998706638,
            "per_epoch_whole": 4822.14794921875
        },
        "4": {
            "forward": 1.9127334504803988,
            "backward": 10.671965701357307,
            "per_epoch_whole": 4831.93017578125
        },
        "5": {
            "forward": 1.944174068196834,
            "backward": 10.67584588205938,
            "per_epoch_whole": 4849.607421875
        },
        "6": {
            "forward": 1.9117639304032379,
            "backward": 10.70415948254014,
            "per_epoch_whole": 4851.3544921875
        },
        "7": {
            "forward": 1.8929762766023004,
            "backward": 10.603981283709249,
            "per_epoch_whole": 4822.8994140625
        },
        "8": {
            "forward": 1.9196968309607072,
            "backward": 10.659478689147518,
            "per_epoch_whole": 4835.8408203125
        },
        "9": {
            "forward": 1.8855218268595764,
            "backward": 10.568162203660059,
            "per_epoch_whole": 4815.576171875
        },
        "10": {
            "forward": 1.9213230729515585,
            "backward": 10.66937786485084,
            "per_epoch_whole": 4848.8525390625
        }
    },
    "result": {
        "0": 0,
        "1": 13.416629400819772,
        "2": 13.524498652409909,
        "3": 13.58772470235333,
        "4": 13.666841879411887,
        "5": 13.64584158343154,
        "6": 13.77123653180817,
        "7": 13.829689331306936,
        "8": 13.876458640191455,
        "9": 13.901473734122101,
        "10": 13.921868358466043
    }
}