{
    "path": "240903_all_decom_relu_d-1_w3_cd2_cd255_R1_8192_decom_dim_us_lr0.0005sample_type_all_knights",
    "depth": -1,
    "width": 3,
    "coord_depth": 2,
    "coord_width": 255,
    "dataset_name": "knights",
    "model_info": "relu",
    "lr": 0.0005,
    "batch_size": 8192,
    "omega": 5,
    "sigma": 5,
    "decom_dim": "us",
    "R": 1,
    "sample_type": "all",
    "result": {
        "0": 0,
        "1": 13.258773263407166,
        "2": 13.299703047771416,
        "3": 13.279759544417884,
        "4": 13.362399297672553,
        "5": 13.360376726873312,
        "6": 13.351615612233823,
        "7": 13.374640587477927
    },
    "result_time": {
        "1": {
            "forward": 0.48740587014282744,
            "backward": 0.7811322799178011,
            "per_epoch_whole": 49428.77734375
        },
        "2": {
            "forward": 0.3039476053143121,
            "backward": 0.7360661074512688,
            "per_epoch_whole": 39731.91796875
        },
        "3": {
            "forward": 0.305445937970718,
            "backward": 0.7294084500444046,
            "per_epoch_whole": 46833.5078125
        },
        "4": {
            "forward": 0.30444886136935234,
            "backward": 0.734110529441063,
            "per_epoch_whole": 46884.3671875
        },
        "5": {
            "forward": 0.297868446341416,
            "backward": 0.7396860867642029,
            "per_epoch_whole": 47004.71484375
        },
        "6": {
            "forward": 0.34420325609317093,
            "backward": 1.042877111232688,
            "per_epoch_whole": 38986.13671875
        },
        "7": {
            "forward": 0.32064256739358,
            "backward": 0.7995299206898349,
            "per_epoch_whole": 48185.87109375
        }
    }
}