{
    "result": {
        "0": 0,
        "1": 25.833332361900002,
        "2": 27.47481767238459,
        "3": 28.296960974484225,
        "4": 28.28940954000978,
        "5": 30.057809754768122,
        "6": 29.677440957204787,
        "7": 30.613673555961284,
        "8": 32.330370754880306,
        "9": 32.622058124679064
    },
    "path": "240724_ddebug_bunny",
    "depth": 8,
    "width": 256,
    "dataset_name": "bunny",
    "model_info": "relu",
    "lr": 0.005
}