{
    "path": "240826_decom_R_debug_new_schduler_siren_d2_w256_cd2_cd256_R1_65536_decom_dim_uv_lr0.0005_knights",
    "depth": 2,
    "width": 256,
    "coord_depth": 2,
    "coord_width": 256,
    "dataset_name": "knights",
    "model_info": "siren",
    "lr": 0.0005,
    "batch_size": 65536,
    "omega": 5,
    "sigma": 5,
    "decom_dim": "uv",
    "R": 1,
    "result": {
        "0": 0,
        "1": 16.922589176639264,
        "2": 18.389316481871177,
        "3": 19.225054319326304,
        "4": 19.451616965807112,
        "5": 19.813529660145985
    },
    "result_time": {
        "1": {
            "forward": 4.7161162749293775,
            "backward": 8.633680254530336,
            "per_epoch_whole": 15774.8642578125
        },
        "2": {
            "forward": 4.394753800543954,
            "backward": 8.670722334030186,
            "per_epoch_whole": 15457.998046875
        },
        "3": {
            "forward": 4.390511163378263,
            "backward": 8.690921152339268,
            "per_epoch_whole": 15456.642578125
        },
        "4": {
            "forward": 4.402104003619169,
            "backward": 8.704979677926296,
            "per_epoch_whole": 15497.72265625
        },
        "5": {
            "forward": 4.389217488493481,
            "backward": 8.654811485415925,
            "per_epoch_whole": 15410.10546875
        }
    }
}