{
    "path": "240826_decom_R_debug_siren_d2_w256_cd2_cd256_R1_8192_decom_dim_uv_lr0.0001_knights",
    "depth": 2,
    "width": 256,
    "coord_depth": 2,
    "coord_width": 256,
    "dataset_name": "knights",
    "model_info": "siren",
    "lr": 0.0001,
    "batch_size": 8192,
    "omega": 5,
    "sigma": 5,
    "decom_dim": "uv",
    "R": 1,
    "result": {
        "0": 0,
        "1": 17.933084000297864,
        "2": 18.445166351669094,
        "3": 18.885656904152352,
        "4": 19.055937589218367,
        "5": 19.202137366822384
    },
    "result_time": {
        "1": {
            "forward": 0.7705342458387029,
            "backward": 1.5670366263771178,
            "per_epoch_whole": 23792.9765625
        },
        "2": {
            "forward": 0.7416699308786103,
            "backward": 1.5626584425259276,
            "per_epoch_whole": 23513.458984375
        },
        "3": {
            "forward": 0.7464877097226172,
            "backward": 1.5749030032527025,
            "per_epoch_whole": 23735.634765625
        },
        "4": {
            "forward": 0.7563062318017502,
            "backward": 1.6198136028946393,
            "per_epoch_whole": 24326.95703125
        },
        "5": {
            "forward": 0.7608080733580445,
            "backward": 1.5793457166855769,
            "per_epoch_whole": 23936.498046875
        }
    }
}