{
    "path": "240930_all_decom_debug_siren_d0_w256_cd8_cd256_R1_8192_decom_dim_uv_lr0.0001_knights",
    "depth": 0,
    "width": 256,
    "coord_depth": 8,
    "coord_width": 256,
    "dataset_name": "knights",
    "model_info": "siren",
    "lr": 0.0001,
    "batch_size": 8192,
    "omega": 5,
    "sigma": 5,
    "decom_dim": "uv",
    "R": 1,
    "schdule_type": "linear",
    "lr_gamma": 0.995,
    "lr_linear_C": 1,
    "result": {
        "0": 0,
        "1": 17.509131747925483,
        "2": 20.50692571617966,
        "3": 21.48928274458084,
        "4": 21.859200473300533,
        "5": 21.926797290957452,
        "6": 22.43470942111749,
        "7": 23.153915972002,
        "8": 23.108777158699002,
        "9": 23.477809827907404,
        "10": 23.059014840307547,
        "11": 23.5241762050908,
        "12": 23.601454382548763,
        "13": 23.645167308468803,
        "14": 23.541127985235423,
        "15": 23.864248990791076,
        "16": 23.8955770111616,
        "17": 24.009394068945888,
        "18": 23.916471462895352,
        "19": 23.91297306842023,
        "20": 23.47557621464394,
        "21": 24.06722226752439,
        "22": 24.181677025874304,
        "23": 24.171770545098763,
        "24": 24.18453912437872,
        "25": 24.161281774259916,
        "26": 24.173666109633345,
        "27": 24.274006929534455,
        "28": 24.282379264309075,
        "29": 24.28609500752013,
        "30": 24.26588413507399
    },
    "result_time": {
        "1": {
            "forward": 1.7929768367448156,
            "backward": 3.6803957659325817,
            "per_epoch_whole": 63295.55078125,
            "inference_time": 2.9511680338117814
        },
        "2": {
            "forward": 1.5958417480244307,
            "backward": 3.6638018465166047,
            "per_epoch_whole": 60896.08203125,
            "inference_time": 2.3678293228149414
        },
        "3": {
            "forward": 1.6533819554554157,
            "backward": 3.646186495232044,
            "per_epoch_whole": 61702.6875,
            "inference_time": 3.449375973807441
        },
        "4": {
            "forward": 1.630630240150469,
            "backward": 3.703511870714327,
            "per_epoch_whole": 61785.69921875,
            "inference_time": 2.47089065445794
        },
        "5": {
            "forward": 1.61290179640313,
            "backward": 3.808378891961404,
            "per_epoch_whole": 62942.84375,
            "inference_time": 2.926798211203681
        },
        "6": {
            "forward": 1.6188508377194644,
            "backward": 3.6949988273987646,
            "per_epoch_whole": 61816.76953125,
            "inference_time": 2.5800995561811657
        },
        "7": {
            "forward": 1.609631256326059,
            "backward": 3.817770140084443,
            "per_epoch_whole": 62360.3359375,
            "inference_time": 3.1134151617685952
        },
        "8": {
            "forward": 1.6287633608478904,
            "backward": 3.75009949609741,
            "per_epoch_whole": 62509.58984375,
            "inference_time": 2.622577773200141
        },
        "9": {
            "forward": 1.6282537000182893,
            "backward": 3.6154177694558958,
            "per_epoch_whole": 60736.09765625,
            "inference_time": 2.527345789803399
        },
        "10": {
            "forward": 1.66378807326438,
            "backward": 3.68003089138176,
            "per_epoch_whole": 62080.76171875,
            "inference_time": 2.476021316316393
        },
        "11": {
            "forward": 1.613600228452312,
            "backward": 3.688139426473647,
            "per_epoch_whole": 61453.77734375,
            "inference_time": 2.4105955759684248
        },
        "12": {
            "forward": 1.634506194165894,
            "backward": 3.6113450259073674,
            "per_epoch_whole": 61013.265625,
            "inference_time": 2.811623069975111
        },
        "13": {
            "forward": 1.6194513116231697,
            "backward": 3.6816350725515057,
            "per_epoch_whole": 61615.35546875,
            "inference_time": 2.8431146674686003
        },
        "14": {
            "forward": 1.6177145826040593,
            "backward": 3.6922667174500354,
            "per_epoch_whole": 61705.80859375,
            "inference_time": 2.447580443488227
        },
        "15": {
            "forward": 1.639230631440106,
            "backward": 3.679449376298908,
            "per_epoch_whole": 61754.32421875,
            "inference_time": 3.0616675482855897
        },
        "16": {
            "forward": 1.6368442151637632,
            "backward": 3.651457076086629,
            "per_epoch_whole": 61727.9375,
            "inference_time": 2.7858488824632435
        },
        "17": {
            "forward": 1.6600478591436134,
            "backward": 3.6301491559712122,
            "per_epoch_whole": 61424.453125,
            "inference_time": 2.5797084437476268
        },
        "18": {
            "forward": 1.6242967857963246,
            "backward": 3.743895114782991,
            "per_epoch_whole": 62057.2265625,
            "inference_time": 3.188423103756375
        },
        "19": {
            "forward": 1.6077712044590386,
            "backward": 3.68438829337234,
            "per_epoch_whole": 61456.84375,
            "inference_time": 2.2883022626241045
        },
        "20": {
            "forward": 1.605642531089691,
            "backward": 3.6441721990962517,
            "per_epoch_whole": 61188.24609375,
            "inference_time": 2.5822684235043
        },
        "21": {
            "forward": 1.6466483733001291,
            "backward": 3.5884382660181817,
            "per_epoch_whole": 60977.02734375,
            "inference_time": 3.200568887922499
        },
        "22": {
            "forward": 1.6109858378059034,
            "backward": 3.679207413357455,
            "per_epoch_whole": 61453.234375,
            "inference_time": 2.8015715546078153
        },
        "23": {
            "forward": 1.6391402154864485,
            "backward": 3.7319658900189063,
            "per_epoch_whole": 62516.9453125,
            "inference_time": 2.527231958177355
        },
        "24": {
            "forward": 1.5922480590905834,
            "backward": 3.6924589098299188,
            "per_epoch_whole": 61163.44921875,
            "inference_time": 3.138890690273709
        },
        "25": {
            "forward": 1.6351924958899864,
            "backward": 3.7202421950505413,
            "per_epoch_whole": 62051.78515625,
            "inference_time": 2.9299768871731224
        },
        "26": {
            "forward": 1.6682307729400938,
            "backward": 3.7406762918412366,
            "per_epoch_whole": 62090.5546875,
            "inference_time": 2.635239071316189
        },
        "27": {
            "forward": 1.6244237407829303,
            "backward": 4.019005830609169,
            "per_epoch_whole": 65220.609375,
            "inference_time": 2.9077475600772433
        },
        "28": {
            "forward": 1.6368833993687284,
            "backward": 3.7786441741827166,
            "per_epoch_whole": 62771.39453125,
            "inference_time": 2.435153802235921
        },
        "29": {
            "forward": 1.5925308857338651,
            "backward": 3.8682132371827254,
            "per_epoch_whole": 63374.88671875,
            "inference_time": 2.762108431922065
        },
        "30": {
            "forward": 1.6075620869896505,
            "backward": 3.7475300860884713,
            "per_epoch_whole": 62224.1171875,
            "inference_time": 2.7189440197414823
        }
    }
}