{
    "path": "240930_all_decom_debug_relu_d0_w256_cd8_cd256_R1_262144_decom_dim_uv_lr0.0005_knights",
    "depth": 0,
    "width": 256,
    "coord_depth": 8,
    "coord_width": 256,
    "dataset_name": "knights",
    "model_info": "relu",
    "lr": 0.0005,
    "batch_size": 262144,
    "omega": 5,
    "sigma": 5,
    "decom_dim": "uv",
    "R": 1,
    "schdule_type": "linear",
    "lr_gamma": 0.995,
    "lr_linear_C": 1,
    "result": {
        "0": 0,
        "1": 13.334853676668024,
        "2": 13.463133446701262,
        "3": 13.724708551935343,
        "4": 13.546658080925901,
        "5": 13.681388871631045,
        "6": 13.793116084492407,
        "7": 13.89170697742711,
        "8": 13.868370636551582,
        "9": 13.958568821814389,
        "10": 13.956365480390401,
        "11": 13.949840935969215,
        "12": 13.998301497735392,
        "13": 13.996953607592754,
        "14": 14.001445123382025,
        "15": 14.014281438696015,
        "16": 13.999882029330047,
        "17": 13.989146891776066,
        "18": 14.01501997484152
    },
    "result_time": {
        "1": {
            "forward": 5.711725767920997,
            "backward": 8.973842568051028,
            "per_epoch_whole": 4751.76806640625,
            "inference_time": 2.7653688589731855
        },
        "2": {
            "forward": 2.951544027427489,
            "backward": 9.531762604894938,
            "per_epoch_whole": 4089.3935546875,
            "inference_time": 2.634911987516615
        },
        "3": {
            "forward": 3.1815198379404404,
            "backward": 9.407841887028573,
            "per_epoch_whole": 4105.6435546875,
            "inference_time": 2.642026689317491
        },
        "4": {
            "forward": 2.9317740036954523,
            "backward": 9.510052418626307,
            "per_epoch_whole": 4100.720703125,
            "inference_time": 2.7496675517823963
        },
        "5": {
            "forward": 2.9690429310485165,
            "backward": 9.548854890579177,
            "per_epoch_whole": 4112.84228515625,
            "inference_time": 2.9731839630338883
        },
        "6": {
            "forward": 2.963599281740026,
            "backward": 9.723639938658081,
            "per_epoch_whole": 4065.9150390625,
            "inference_time": 2.8245724572075734
        },
        "7": {
            "forward": 3.0184537085694823,
            "backward": 9.656337379996753,
            "per_epoch_whole": 4131.013671875,
            "inference_time": 2.646698686811659
        },
        "8": {
            "forward": 2.8396412455911886,
            "backward": 9.141436558693748,
            "per_epoch_whole": 3904.278076171875,
            "inference_time": 2.7302471531762014
        },
        "9": {
            "forward": 3.1501466666950884,
            "backward": 9.554592447709872,
            "per_epoch_whole": 4192.21337890625,
            "inference_time": 2.5237298011779785
        },
        "10": {
            "forward": 2.9786606433069807,
            "backward": 9.596934292143198,
            "per_epoch_whole": 4132.03271484375,
            "inference_time": 3.013831125365363
        },
        "11": {
            "forward": 2.9845023732696836,
            "backward": 9.56309638963851,
            "per_epoch_whole": 4131.3193359375,
            "inference_time": 2.5610631571875677
        },
        "12": {
            "forward": 3.0007767528811113,
            "backward": 9.614024512083061,
            "per_epoch_whole": 4116.4775390625,
            "inference_time": 2.8546275562710233
        },
        "13": {
            "forward": 3.1047241526903977,
            "backward": 9.670213994682864,
            "per_epoch_whole": 4195.18896484375,
            "inference_time": 2.3514346679051714
        },
        "14": {
            "forward": 2.9696540316908417,
            "backward": 9.611278378839732,
            "per_epoch_whole": 4108.40966796875,
            "inference_time": 2.5427129003736706
        },
        "15": {
            "forward": 2.984680859275341,
            "backward": 9.237484961645002,
            "per_epoch_whole": 4037.03125,
            "inference_time": 2.7040462361441717
        },
        "16": {
            "forward": 2.998177881884328,
            "backward": 9.492172219761517,
            "per_epoch_whole": 4127.6796875,
            "inference_time": 2.687797334459093
        },
        "17": {
            "forward": 3.0156888611176447,
            "backward": 9.523283456848564,
            "per_epoch_whole": 4113.29150390625,
            "inference_time": 2.8190969361199274
        },
        "18": {
            "forward": 2.9736209303450014,
            "backward": 9.45595892572898,
            "per_epoch_whole": 4119.220703125,
            "inference_time": 2.5943786303202314
        }
    }
}