{
    "path": "240930_all_decom_debug_relu_d0_w256_cd8_cd256_R1_8192_decom_dim_uv_lr0.0005_knights",
    "depth": 0,
    "width": 256,
    "coord_depth": 8,
    "coord_width": 256,
    "dataset_name": "knights",
    "model_info": "relu",
    "lr": 0.0005,
    "batch_size": 8192,
    "omega": 5,
    "sigma": 5,
    "decom_dim": "uv",
    "R": 1,
    "schdule_type": "linear",
    "lr_gamma": 0.995,
    "lr_linear_C": 1,
    "result": {
        "0": 0,
        "1": 14.953679497990741,
        "2": 18.110164894859142,
        "3": 19.085062081273723,
        "4": 19.819912446223043,
        "5": 20.293081763466894,
        "6": 20.50157750649952,
        "7": 20.861440710143032,
        "8": 20.98890330835903,
        "9": 21.102145180744664,
        "10": 21.290805833093323,
        "11": 21.47803544714596
    },
    "result_time": {
        "1": {
            "forward": 1.4097999149005394,
            "backward": 3.353915971958395,
            "per_epoch_whole": 56449.94921875,
            "inference_time": 2.8407039642333984
        },
        "2": {
            "forward": 1.3184189132469535,
            "backward": 3.352771990761709,
            "per_epoch_whole": 55388.296875,
            "inference_time": 2.3970702489217124
        },
        "3": {
            "forward": 1.3316164084816542,
            "backward": 3.408039785341494,
            "per_epoch_whole": 56084.8515625,
            "inference_time": 2.40830577744378
        },
        "4": {
            "forward": 1.305622390058912,
            "backward": 3.4744713369460367,
            "per_epoch_whole": 56734.82421875,
            "inference_time": 2.721585816807217
        },
        "5": {
            "forward": 1.314392982717845,
            "backward": 3.439661471398727,
            "per_epoch_whole": 56365.4921875,
            "inference_time": 2.8303929169972735
        },
        "6": {
            "forward": 1.3108778128716263,
            "backward": 3.398720970577082,
            "per_epoch_whole": 55819.45703125,
            "inference_time": 2.505159099896749
        },
        "7": {
            "forward": 1.3189362622765264,
            "backward": 3.392266689841607,
            "per_epoch_whole": 55817.4375,
            "inference_time": 2.3530951208538475
        },
        "8": {
            "forward": 1.3134237959381554,
            "backward": 3.4300509671644956,
            "per_epoch_whole": 56241.03515625,
            "inference_time": 2.819032894240485
        },
        "9": {
            "forward": 1.3439819069972394,
            "backward": 3.421931885311723,
            "per_epoch_whole": 56422.7109375,
            "inference_time": 2.7849422428343034
        },
        "10": {
            "forward": 1.3789751593049269,
            "backward": 3.333931176797518,
            "per_epoch_whole": 56060.328125,
            "inference_time": 2.6001422405242924
        },
        "11": {
            "forward": 1.3442115119519884,
            "backward": 3.358940197689809,
            "per_epoch_whole": 55820.65625,
            "inference_time": 2.4800177812576294
        }
    }
}