{
    "path": "240930_all_decom_debug_gauss_d0_w256_cd4_cd256_R1_8192_decom_dim_uv_lr0.0005_knights",
    "depth": 0,
    "width": 256,
    "coord_depth": 4,
    "coord_width": 256,
    "dataset_name": "knights",
    "model_info": "gauss",
    "lr": 0.005,
    "batch_size": 8192,
    "omega": 5,
    "sigma": 5,
    "decom_dim": "uv",
    "R": 1,
    "schdule_type": "linear",
    "lr_gamma": 0.995,
    "lr_linear_C": 1,
    "result_time": {
        "1": {
            "forward": 1.8208116644342427,
            "backward": 2.8308355407112624,
            "per_epoch_whole": 6875.1689453125,
            "inference_time": 2.5226808389027915
        },
        "2": {
            "forward": 1.1118761238909523,
            "backward": 3.0080870034166676,
            "per_epoch_whole": 6173.07421875,
            "inference_time": 2.636437349849277
        },
        "3": {
            "forward": 1.0455977862965076,
            "backward": 2.8238781432791926,
            "per_epoch_whole": 5910.06982421875,
            "inference_time": 2.4253439903259277
        },
        "4": {
            "forward": 1.0319352252698901,
            "backward": 2.777800494772752,
            "per_epoch_whole": 5900.97900390625,
            "inference_time": 2.4482701884375677
        },
        "5": {
            "forward": 1.106508316800875,
            "backward": 3.0875855483707624,
            "per_epoch_whole": 6301.98046875,
            "inference_time": 2.603555546866523
        },
        "6": {
            "forward": 1.1007905590080473,
            "backward": 2.887627045949439,
            "per_epoch_whole": 6053.373046875,
            "inference_time": 2.2995590633816194
        },
        "7": {
            "forward": 0.9889376046438946,
            "backward": 2.8589238199086333,
            "per_epoch_whole": 5802.71337890625,
            "inference_time": 2.838293274243673
        },
        "8": {
            "forward": 1.04234538476102,
            "backward": 2.91050405908621,
            "per_epoch_whole": 6042.3779296875,
            "inference_time": 2.3724942074881654
        },
        "9": {
            "forward": 1.08390505168471,
            "backward": 2.8250334096821135,
            "per_epoch_whole": 6010.8896484375,
            "inference_time": 2.3156479862001205
        },
        "10": {
            "forward": 1.0392950311122664,
            "backward": 2.7795866036910026,
            "per_epoch_whole": 5816.31201171875,
            "inference_time": 2.4418523973888817
        }
    },
    "result": {
        "0": 0,
        "1": 12.118992184136651,
        "2": 12.143812191062041,
        "3": 12.050762279390707,
        "4": 12.16008085080684,
        "5": 12.178237119409847,
        "6": 12.162622656397755,
        "7": 12.189801229721825,
        "8": 12.176123364205841,
        "9": 12.15267341229617,
        "10": 12.185711623802497
    }
}