{
    "path": "240825_decom_test_coord_depth_relu_d2_w256_cd3_cd256_R1_8192_decom_dim_uv_lr0.0005_knights",
    "depth": 2,
    "width": 256,
    "coord_depth": 3,
    "coord_width": 256,
    "dataset_name": "knights",
    "model_info": "relu",
    "lr": 0.0005,
    "batch_size": 8192,
    "omega": 5,
    "sigma": 5,
    "decom_dim": "uv",
    "result": {
        "0": 0,
        "1": 18.315593111013204,
        "2": 20.270347378181352,
        "3": 20.887963653397005,
        "4": 21.45091596060951,
        "5": 21.86166858089671,
        "6": 22.156000089971307,
        "7": 22.094590882938615,
        "8": 22.26572686192067,
        "9": 22.73523057089025,
        "10": 22.54985812588695
    },
    "result_time": {
        "1": {
            "forward": 0.6398173165233763,
            "backward": 1.314179166481147,
            "per_epoch_whole": 19900.875
        },
        "2": {
            "forward": 0.6105482597999771,
            "backward": 1.3169228548641645,
            "per_epoch_whole": 19688.125
        },
        "3": {
            "forward": 0.6151999002870452,
            "backward": 1.3164340461826796,
            "per_epoch_whole": 19771.53515625
        },
        "4": {
            "forward": 0.6105584258658402,
            "backward": 1.3187476399009768,
            "per_epoch_whole": 19697.15625
        },
        "5": {
            "forward": 0.6042032872284804,
            "backward": 1.302365104439029,
            "per_epoch_whole": 19467.552734375
        },
        "6": {
            "forward": 0.6067030110741328,
            "backward": 1.3173408167610763,
            "per_epoch_whole": 19690.849609375
        },
        "7": {
            "forward": 0.6088111179213797,
            "backward": 1.3174078928429083,
            "per_epoch_whole": 19653.798828125
        },
        "8": {
            "forward": 0.6167475846773368,
            "backward": 1.3425694847008947,
            "per_epoch_whole": 20077.23046875
        },
        "9": {
            "forward": 0.6120214361865047,
            "backward": 1.334884225355405,
            "per_epoch_whole": 20028.923828125
        },
        "10": {
            "forward": 0.6101422525014252,
            "backward": 1.3274894395914052,
            "per_epoch_whole": 19797.71875
        }
    }
}