{
    "path": "240825_decom_test_coord_depth_relu_d2_w256_cd2_cd256_R1_8192_decom_dim_uv_lr0.0005_knights",
    "depth": 2,
    "width": 256,
    "coord_depth": 2,
    "coord_width": 256,
    "dataset_name": "knights",
    "model_info": "relu",
    "lr": 0.0005,
    "batch_size": 8192,
    "omega": 5,
    "result_time": {
        "1": {
            "forward": 0.6457788516545044,
            "backward": 1.3106195617170615,
            "per_epoch_whole": 19988.73828125
        },
        "2": {
            "forward": 0.6131145470166633,
            "backward": 1.3265578828262228,
            "per_epoch_whole": 19824.708984375
        },
        "3": {
            "forward": 0.6102273393370824,
            "backward": 1.3115039244294102,
            "per_epoch_whole": 19607.28125
        },
        "4": {
            "forward": 0.615694433147783,
            "backward": 1.3211084156326156,
            "per_epoch_whole": 19815.6640625
        },
        "5": {
            "forward": 0.6095617131030425,
            "backward": 1.3084269627980254,
            "per_epoch_whole": 19568.11328125
        },
        "6": {
            "forward": 0.6134864329634422,
            "backward": 1.3120316720235787,
            "per_epoch_whole": 19688.66015625
        },
        "7": {
            "forward": 0.615692577985438,
            "backward": 1.3182486824459425,
            "per_epoch_whole": 19870.51171875
        },
        "8": {
            "forward": 0.6140145017124253,
            "backward": 1.31847603836944,
            "per_epoch_whole": 19754.833984375
        },
        "9": {
            "forward": 0.6132084294302901,
            "backward": 1.3164651835769008,
            "per_epoch_whole": 19724.998046875
        },
        "10": {
            "forward": 0.6106982773949817,
            "backward": 1.2926044365758447,
            "per_epoch_whole": 19453.890625
        }
    },
    "result": {
        "0": 0,
        "1": 18.766530870910078,
        "2": 19.70947540822445,
        "3": 20.71139649657539,
        "4": 21.02608864037849,
        "5": 21.339800088208744,
        "6": 21.412530256970626,
        "7": 21.784891402245417,
        "8": 22.271869394291755,
        "9": 22.070097496096892,
        "10": 22.19932650687521
    }
}