{
    "path": "240825_decom_test_coord_depth_relu_d2_w256_cd4_cd256_R1_8192_decom_dim_uv_lr0.0005_knights",
    "depth": 2,
    "width": 256,
    "coord_depth": 4,
    "coord_width": 256,
    "dataset_name": "knights",
    "model_info": "relu",
    "lr": 0.0005,
    "batch_size": 8192,
    "omega": 5,
    "sigma": 5,
    "decom_dim": "uv",
    "result": {
        "0": 0,
        "1": 18.479505554625774,
        "2": 19.699109001548294,
        "3": 19.681376944902482,
        "4": 21.079587127358476,
        "5": 21.376725073141245,
        "6": 21.663301116867117,
        "7": 22.27942226759415,
        "8": 21.700810921611428,
        "9": 22.422494997998307,
        "10": 22.400414549624525
    },
    "result_time": {
        "1": {
            "forward": 0.6621702920039682,
            "backward": 1.3564789621449351,
            "per_epoch_whole": 20751.279296875
        },
        "2": {
            "forward": 0.6151630590608634,
            "backward": 1.335271432879776,
            "per_epoch_whole": 20035.73828125
        },
        "3": {
            "forward": 0.621762086588982,
            "backward": 1.3528247373017537,
            "per_epoch_whole": 20247.791015625
        },
        "4": {
            "forward": 0.6197120905579968,
            "backward": 1.3407700004049583,
            "per_epoch_whole": 20080.54296875
        },
        "5": {
            "forward": 0.6180650938727684,
            "backward": 1.3329255813442735,
            "per_epoch_whole": 19970.19921875
        },
        "6": {
            "forward": 0.6175431386409796,
            "backward": 1.3440898374547974,
            "per_epoch_whole": 20150.83203125
        },
        "7": {
            "forward": 0.6186031041196385,
            "backward": 1.3528301045298576,
            "per_epoch_whole": 20285.23828125
        },
        "8": {
            "forward": 0.6174027093695863,
            "backward": 1.3354059935492595,
            "per_epoch_whole": 20039.54296875
        },
        "9": {
            "forward": 0.612647125046304,
            "backward": 1.323662969351449,
            "per_epoch_whole": 19905.9921875
        },
        "10": {
            "forward": 0.613120360461081,
            "backward": 1.3077636960262182,
            "per_epoch_whole": 19641.12890625
        }
    }
}