{
    "path": "240825_decom_test_coord_depth_relu_d2_w256_cd2_cd768_R1_8192_decom_dim_uv_lr0.0005_knights",
    "depth": 2,
    "width": 256,
    "coord_depth": 2,
    "coord_width": 768,
    "dataset_name": "knights",
    "model_info": "relu",
    "lr": 0.0005,
    "batch_size": 8192,
    "omega": 5,
    "result_time": {
        "1": {
            "forward": 0.8199673972856286,
            "backward": 1.871162320993143,
            "per_epoch_whole": 26917.177734375
        },
        "2": {
            "forward": 0.7932703357292958,
            "backward": 1.8819728758327894,
            "per_epoch_whole": 26835.92578125
        },
        "3": {
            "forward": 0.7925648236821194,
            "backward": 1.8899601355555984,
            "per_epoch_whole": 26867.40234375
        },
        "4": {
            "forward": 0.7929551068010164,
            "backward": 1.8915984402942414,
            "per_epoch_whole": 26974.61328125
        },
        "5": {
            "forward": 0.7879854533756829,
            "backward": 1.884703941153414,
            "per_epoch_whole": 26766.439453125
        },
        "6": {
            "forward": 0.7899714914121483,
            "backward": 1.879586280578149,
            "per_epoch_whole": 26747.5625
        },
        "7": {
            "forward": 0.7922183981352151,
            "backward": 1.883313675098454,
            "per_epoch_whole": 26769.73828125
        },
        "8": {
            "forward": 0.7953273697875407,
            "backward": 1.890376443217371,
            "per_epoch_whole": 26928.123046875
        },
        "9": {
            "forward": 0.7817437167643515,
            "backward": 1.8663228859667318,
            "per_epoch_whole": 26522.642578125
        },
        "10": {
            "forward": 0.7818348580926195,
            "backward": 1.855671403742673,
            "per_epoch_whole": 26281.572265625
        }
    },
    "result": {
        "0": 0,
        "1": 18.538889039245184,
        "2": 20.395488676016104,
        "3": 20.71250133259059,
        "4": 21.216314497157928,
        "5": 21.093528081976686,
        "6": 21.27266753144868,
        "7": 21.875904707368832,
        "8": 22.3474031294894,
        "9": 22.38695097092475,
        "10": 21.935421739017126
    }
}