{
    "path": "240825_decom_test_coord_depth_relu_d2_w256_cd2_cd 512_R1_8192_decom_dim_uv_lr0.0005_knights",
    "depth": 2,
    "width": 256,
    "coord_depth": 2,
    "coord_width": 512,
    "dataset_name": "knights",
    "model_info": "relu",
    "lr": 0.0005,
    "batch_size": 8192,
    "omega": 5,
    "sigma": 5,
    "decom_dim": "uv",
    "result": {
        "0": 0,
        "1": 18.5412060534254,
        "2": 19.970967113534428,
        "3": 20.972897778891834,
        "4": 20.21409117461579,
        "5": 21.291892377042206,
        "6": 22.0539519481891,
        "7": 22.4899209548885,
        "8": 21.73035151962541,
        "9": 21.886008141482044,
        "10": 22.53999545005134
    },
    "result_time": {
        "1": {
            "forward": 0.7790564984263729,
            "backward": 1.60902995146991,
            "per_epoch_whole": 24112.513671875
        },
        "2": {
            "forward": 0.7385760103336403,
            "backward": 1.6108583115479544,
            "per_epoch_whole": 23773.447265625
        },
        "3": {
            "forward": 0.7401106612286446,
            "backward": 1.6079680897475919,
            "per_epoch_whole": 23753.94921875
        },
        "4": {
            "forward": 0.7334615779286677,
            "backward": 1.5945801730412692,
            "per_epoch_whole": 23470.265625
        },
        "5": {
            "forward": 0.7441483323162783,
            "backward": 1.6141448058187955,
            "per_epoch_whole": 23891.9765625
        },
        "6": {
            "forward": 0.7291779137219899,
            "backward": 1.6008734042308301,
            "per_epoch_whole": 23635.30078125
        },
        "7": {
            "forward": 0.7364237062362492,
            "backward": 1.6127302111561561,
            "per_epoch_whole": 23840.0546875
        },
        "8": {
            "forward": 0.741926685239888,
            "backward": 1.6075162036557078,
            "per_epoch_whole": 23775.998046875
        },
        "9": {
            "forward": 0.743465380588477,
            "backward": 1.6182057403775618,
            "per_epoch_whole": 23908.9140625
        },
        "10": {
            "forward": 0.7496684395086338,
            "backward": 1.62890973718108,
            "per_epoch_whole": 24170.9375
        }
    }
}