{
    "path": "240825_decom_test_coord_depth_relu_d2_w256_cd3_cd 512_R1_8192_decom_dim_uv_lr0.0005_knights",
    "depth": 2,
    "width": 256,
    "coord_depth": 3,
    "coord_width": 512,
    "dataset_name": "knights",
    "model_info": "relu",
    "lr": 0.0005,
    "batch_size": 8192,
    "omega": 5,
    "sigma": 5,
    "decom_dim": "uv",
    "result": {
        "0": 0,
        "1": 19.296236631215645,
        "2": 20.494998192834103,
        "3": 20.495669207718166,
        "4": 21.230013595526106,
        "5": 21.910104248040543,
        "6": 21.919898594686728,
        "7": 22.205677338905957,
        "8": 22.363167765707633,
        "9": 22.49360365113172,
        "10": 22.46181849192104
    },
    "result_time": {
        "1": {
            "forward": 0.7640858647642486,
            "backward": 1.6089510657022101,
            "per_epoch_whole": 23913.525390625
        },
        "2": {
            "forward": 0.7342805431956063,
            "backward": 1.6037452974740127,
            "per_epoch_whole": 23657.45703125
        },
        "3": {
            "forward": 0.7324200381611989,
            "backward": 1.6026956885279637,
            "per_epoch_whole": 23633.84765625
        },
        "4": {
            "forward": 0.7345564430354093,
            "backward": 1.6058335979324079,
            "per_epoch_whole": 23653.01171875
        },
        "5": {
            "forward": 0.7407481659680883,
            "backward": 1.6083847367072597,
            "per_epoch_whole": 23892.21875
        },
        "6": {
            "forward": 0.730039446411675,
            "backward": 1.5974449135852913,
            "per_epoch_whole": 23458.556640625
        },
        "7": {
            "forward": 0.7379774226062741,
            "backward": 1.6107492077464056,
            "per_epoch_whole": 23787.541015625
        },
        "8": {
            "forward": 0.7330837891176218,
            "backward": 1.6069416510630858,
            "per_epoch_whole": 23720.658203125
        },
        "9": {
            "forward": 0.7350498996481778,
            "backward": 1.605720453454142,
            "per_epoch_whole": 23660.677734375
        },
        "10": {
            "forward": 0.7347176611539644,
            "backward": 1.5983634047004078,
            "per_epoch_whole": 23576.4765625
        }
    }
}