{
    "path": "240829_decom_debug_3decom_finer_d2_w256_cd2_cd256_R2_8192_decom_dim_uv_lr0.0005_knights",
    "depth": 2,
    "width": 256,
    "coord_depth": 2,
    "coord_width": 256,
    "dataset_name": "knights",
    "model_info": "finer",
    "lr": 0.0005,
    "batch_size": 8192,
    "omega": 5,
    "sigma": 5,
    "decom_dim": "uv",
    "R": 2,
    "result": {
        "0": 0,
        "1": 20.277944976258674,
        "2": 20.9536144348695,
        "3": 22.909615601967825,
        "4": 22.457147629128244,
        "5": 23.400619769092103,
        "6": 23.45393496902239,
        "7": 23.273012820716357,
        "8": 20.185858664924528,
        "9": 23.181663653754843,
        "10": 24.18592141111688,
        "11": 24.614930378261825,
        "12": 24.79706748169421,
        "13": 25.213834248621353,
        "14": 25.49829711606259,
        "15": 25.16304916144159,
        "16": 25.53141871389387,
        "17": 25.855253942318413,
        "18": 26.086228350881818,
        "19": 25.987939130253622,
        "20": 25.963933273706925,
        "21": 26.1651163171138,
        "22": 26.446502208431408,
        "23": 25.79417902099418,
        "24": 26.46596965153672,
        "25": 25.72376731974577,
        "26": 26.84399151657484,
        "27": 26.72366300894083,
        "28": 26.456231263234205,
        "29": 26.34973939141708,
        "30": 26.795517117168643,
        "31": 27.141312919401038,
        "32": 27.19727204628508,
        "33": 26.357347197682273,
        "34": 27.477127278512597,
        "35": 27.11300120788704,
        "36": 27.162484310912184,
        "37": 27.457773104494915,
        "38": 27.425340945655357,
        "39": 27.51902246299803,
        "40": 27.703670960812026,
        "41": 27.624292154674805,
        "42": 27.214527746363576,
        "43": 27.45487267959558,
        "44": 27.615158615992033,
        "45": 27.86752469004745,
        "46": 27.69475489659858,
        "47": 27.780942087090907,
        "48": 27.648119869555366,
        "49": 28.01964599308115,
        "50": 28.0351632800501,
        "51": 27.771455839142543,
        "52": 28.083468883575975,
        "53": 27.939965754043815,
        "54": 28.063412891011332,
        "55": 28.033540079325856,
        "56": 27.425544808126908,
        "57": 28.117682685728074,
        "58": 28.318970919778742,
        "59": 28.214998191809737,
        "60": 28.22425756266126,
        "61": 28.410718683845708,
        "62": 28.302948433524467,
        "63": 27.86063906562829,
        "64": 28.332110126330562,
        "65": 28.460850908226675,
        "66": 28.28919975492858,
        "67": 28.47728117360767,
        "68": 28.54952343116485,
        "69": 28.45594162147914,
        "70": 28.189256234944075,
        "71": 28.594009888405076,
        "72": 28.486115823017347,
        "73": 28.6801763713959,
        "74": 28.47258590891445,
        "75": 28.607314085673426,
        "76": 28.756167611237817,
        "77": 28.694035488863236,
        "78": 28.768184856332052,
        "79": 28.802066194576785,
        "80": 28.704193309951116,
        "81": 28.724716919798173,
        "82": 28.816759423310216,
        "83": 28.593623082560562,
        "84": 28.752390590203852,
        "85": 28.855603163925107,
        "86": 28.870552782682857,
        "87": 28.78150785871473,
        "88": 28.852135341562036,
        "89": 28.79467938505636,
        "90": 28.85265638110074,
        "91": 28.909436894881665,
        "92": 28.750674419469824,
        "93": 28.71750778255371,
        "94": 28.92191107264549,
        "95": 28.87496800199821,
        "96": 28.97484781650125,
        "97": 28.88723614801675,
        "98": 28.94569630330868,
        "99": 28.954453362263198,
        "100": 28.928939660543158
    },
    "result_time": {
        "1": {
            "forward": 1.237765099543906,
            "backward": 1.7091247372870493,
            "per_epoch_whole": 30945.65234375
        },
        "2": {
            "forward": 1.1559603425277698,
            "backward": 1.6679348614208558,
            "per_epoch_whole": 29490.208984375
        },
        "3": {
            "forward": 1.1662054986895913,
            "backward": 1.659738027925717,
            "per_epoch_whole": 29521.61328125
        },
        "4": {
            "forward": 1.1782877891031118,
            "backward": 1.6619186061966291,
            "per_epoch_whole": 29752.12890625
        },
        "5": {
            "forward": 1.206053875116014,
            "backward": 1.7551123532224868,
            "per_epoch_whole": 31214.787109375
        },
        "6": {
            "forward": 1.1544111805571535,
            "backward": 1.6642996018629923,
            "per_epoch_whole": 29342.78515625
        },
        "7": {
            "forward": 1.1623015402651833,
            "backward": 1.6604394047653246,
            "per_epoch_whole": 29509.1171875
        },
        "8": {
            "forward": 1.1614395357913243,
            "backward": 1.6304449620543997,
            "per_epoch_whole": 29074.783203125
        },
        "9": {
            "forward": 1.157818640463019,
            "backward": 1.650486644151203,
            "per_epoch_whole": 29266.416015625
        },
        "10": {
            "forward": 1.195877553791995,
            "backward": 1.703142388018054,
            "per_epoch_whole": 30541.77734375
        },
        "11": {
            "forward": 1.1941036333275277,
            "backward": 1.709237149004589,
            "per_epoch_whole": 30515.15625
        },
        "12": {
            "forward": 1.1679300182792163,
            "backward": 1.6864405537352836,
            "per_epoch_whole": 29721.341796875
        },
        "13": {
            "forward": 1.1625450069671244,
            "backward": 1.6631752176397223,
            "per_epoch_whole": 29428.673828125
        },
        "14": {
            "forward": 1.162703563733126,
            "backward": 1.693867235073892,
            "per_epoch_whole": 29701.44140625
        },
        "15": {
            "forward": 1.1705763155343072,
            "backward": 1.6691426788569572,
            "per_epoch_whole": 29625.18359375
        },
        "16": {
            "forward": 1.1608423909049932,
            "backward": 1.6471215152668428,
            "per_epoch_whole": 29301.51953125
        },
        "17": {
            "forward": 1.1772092153675933,
            "backward": 1.6799345474342076,
            "per_epoch_whole": 29845.896484375
        },
        "18": {
            "forward": 1.1826527171275143,
            "backward": 1.7091711556416482,
            "per_epoch_whole": 30359.1484375
        },
        "19": {
            "forward": 1.1630219128691663,
            "backward": 1.660623297855822,
            "per_epoch_whole": 29415.818359375
        },
        "20": {
            "forward": 1.1631928824571423,
            "backward": 1.6655244780221117,
            "per_epoch_whole": 29475.279296875
        },
        "21": {
            "forward": 1.162219349049981,
            "backward": 1.6704416196393732,
            "per_epoch_whole": 29484.3515625
        },
        "22": {
            "forward": 1.174650560555308,
            "backward": 1.6750322939589521,
            "per_epoch_whole": 29873.58984375
        },
        "23": {
            "forward": 1.1529901388284902,
            "backward": 1.6451997544139478,
            "per_epoch_whole": 29223.640625
        },
        "24": {
            "forward": 1.155787471179112,
            "backward": 1.6313371080582975,
            "per_epoch_whole": 29106.775390625
        },
        "25": {
            "forward": 1.1643281699412762,
            "backward": 1.6709598066949063,
            "per_epoch_whole": 29523.560546875
        },
        "26": {
            "forward": 1.193168674876014,
            "backward": 1.7123610243252807,
            "per_epoch_whole": 30478.53125
        },
        "27": {
            "forward": 1.1654320864013283,
            "backward": 1.661024799370649,