{
    "path": "240823_decom_tune2__relu_2_65536_decom_dim_us_lr0.0001_knights",
    "depth": 2,
    "width": 256,
    "dataset_name": "knights",
    "model_info": "relu",
    "lr": 0.0001,
    "batch_size": 65536,
    "result": {
        "0": 0,
        "1": 14.17512828781253,
        "2": 16.23204645971973,
        "3": 17.451400268926644,
        "4": 17.823943119078994,
        "5": 18.159747478844363,
        "6": 18.464492598516422,
        "7": 18.679980534923093,
        "8": 18.853824047371965,
        "9": 19.102564531795863,
        "10": 19.15354988145038
    },
    "result_time": {
        "1": {
            "forward": 4.170753105288968,
            "backward": 7.473559448463285,
            "per_epoch_whole": 13802.4033203125
        },
        "2": {
            "forward": 3.8457760847976052,
            "backward": 7.508536052538852,
            "per_epoch_whole": 13459.4052734375
        },
        "3": {
            "forward": 3.872969769895283,
            "backward": 7.549389121854191,
            "per_epoch_whole": 13554.44140625
        },
        "4": {
            "forward": 3.867775698846601,
            "backward": 7.562321135742033,
            "per_epoch_whole": 13546.75390625
        },
        "5": {
            "forward": 3.8717637051760483,
            "backward": 7.589491153670851,
            "per_epoch_whole": 13593.5478515625
        },
        "6": {
            "forward": 3.8687381567014554,
            "backward": 7.609707178129048,
            "per_epoch_whole": 13618.6787109375
        },
        "7": {
            "forward": 3.862539483601651,
            "backward": 7.572355404857124,
            "per_epoch_whole": 13551.607421875
        },
        "8": {
            "forward": 3.8591265622719777,
            "backward": 7.574738156011777,
            "per_epoch_whole": 13567.3984375
        },
        "9": {
            "forward": 3.8658012949884144,
            "backward": 7.576941949273472,
            "per_epoch_whole": 13570.193359375
        },
        "10": {
            "forward": 3.8843298515233937,
            "backward": 7.59533473240876,
            "per_epoch_whole": 13609.49609375
        }
    }
}