{
    "path": "240823_decom_tune2__relu_2_65536_decom_dim_uv_lr0.001_knights",
    "depth": 2,
    "width": 256,
    "dataset_name": "knights",
    "model_info": "relu",
    "lr": 0.001,
    "batch_size": 65536,
    "result": {
        "0": 0,
        "1": 17.777596654295202,
        "2": 18.63441026289149,
        "3": 19.62648100287181,
        "4": 19.958868465097247,
        "5": 20.0961730673724,
        "6": 20.71431860979968,
        "7": 21.34831145674369,
        "8": 20.931668960537106,
        "9": 21.36765367687554,
        "10": 21.585785696944086
    },
    "result_time": {
        "1": {
            "forward": 4.082998174078328,
            "backward": 7.157740319888895,
            "per_epoch_whole": 13351.0244140625
        },
        "2": {
            "forward": 3.75044293613995,
            "backward": 7.180180872600392,
            "per_epoch_whole": 12998.5341796875
        },
        "3": {
            "forward": 3.766229149998261,
            "backward": 7.217355678650745,
            "per_epoch_whole": 13063.2509765625
        },
        "4": {
            "forward": 3.7484565255551217,
            "backward": 7.18269314897927,
            "per_epoch_whole": 12980.833984375
        },
        "5": {
            "forward": 3.7602169408517683,
            "backward": 7.234505533759578,
            "per_epoch_whole": 13058.48046875
        },
        "6": {
            "forward": 3.759940708178552,
            "backward": 7.211803926728574,
            "per_epoch_whole": 13038.8916015625
        },
        "7": {
            "forward": 3.786345104857712,
            "backward": 7.201113886074207,
            "per_epoch_whole": 13068.5908203125
        },
        "8": {
            "forward": 3.7957693860192663,
            "backward": 7.238998810312745,
            "per_epoch_whole": 13128.904296875
        },
        "9": {
            "forward": 3.7617264239433332,
            "backward": 7.21340924687039,
            "per_epoch_whole": 13040.15234375
        },
        "10": {
            "forward": 3.760273245791665,
            "backward": 7.218474347286148,
            "per_epoch_whole": 13040.3525390625
        }
    }
}