{
    "path": "240823_decom_tune2__relu_2_65536_decom_dim_uv_lr0.0001_knights",
    "depth": 2,
    "width": 256,
    "dataset_name": "knights",
    "model_info": "relu",
    "lr": 0.0001,
    "batch_size": 65536,
    "result": {
        "0": 0,
        "1": 15.527447845680948,
        "2": 16.87275370967401,
        "3": 17.524398316817752,
        "4": 17.99989202764113,
        "5": 18.130481360266934,
        "6": 18.3542305692875,
        "7": 18.23236723991077,
        "8": 18.881566863078817,
        "9": 19.015023076509614,
        "10": 18.790737236606372
    },
    "result_time": {
        "1": {
            "forward": 4.047720079603487,
            "backward": 7.185757896479423,
            "per_epoch_whole": 13291.0146484375
        },
        "2": {
            "forward": 3.7521867968631857,
            "backward": 7.293471556221321,
            "per_epoch_whole": 13074.1259765625
        },
        "3": {
            "forward": 3.7547067082052044,
            "backward": 7.294799258139716,
            "per_epoch_whole": 13077.6455078125
        },
        "4": {
            "forward": 3.7597719305114286,
            "backward": 7.328000361119173,
            "per_epoch_whole": 13148.3388671875
        },
        "5": {
            "forward": 3.7566207880379814,
            "backward": 7.328797365554893,
            "per_epoch_whole": 13134.9267578125
        },
        "6": {
            "forward": 3.761497665029074,
            "backward": 7.35544983903429,
            "per_epoch_whole": 13176.3291015625
        },
        "7": {
            "forward": 3.7574436004599057,
            "backward": 7.348845391124996,
            "per_epoch_whole": 13164.4375
        },
        "8": {
            "forward": 3.7822133164504845,
            "backward": 7.376375659939328,
            "per_epoch_whole": 13223.427734375
        },
        "9": {
            "forward": 3.764287615317371,
            "backward": 7.326127004045935,
            "per_epoch_whole": 13135.0078125
        },
        "10": {
            "forward": 3.769759585288151,
            "backward": 7.338540289641253,
            "per_epoch_whole": 13167.0078125
        }
    }
}