{
    "path": "240823_decom_tune2__relu_2_8192_decom_dim_uv_lr0.0001_knights",
    "depth": 2,
    "width": 256,
    "dataset_name": "knights",
    "model_info": "relu",
    "lr": 0.0001,
    "batch_size": 8192,
    "result": {
        "0": 0,
        "1": 18.178149160153538,
        "2": 19.29308017708764,
        "3": 19.691604028299864,
        "4": 20.237618731809945,
        "5": 20.709226505219007,
        "6": 20.77088869985845,
        "7": 20.92201601649663,
        "8": 21.168834611314125,
        "9": 21.59441289544803,
        "10": 21.902974197927986
    },
    "result_time": {
        "1": {
            "forward": 0.7341285643963759,
            "backward": 1.5249980732566473,
            "per_epoch_whole": 23046.412109375
        },
        "2": {
            "forward": 0.6861013148147509,
            "backward": 1.488501235314193,
            "per_epoch_whole": 22166.005859375
        },
        "3": {
            "forward": 0.6961341938036091,
            "backward": 1.495551401588119,
            "per_epoch_whole": 22365.0859375
        },
        "4": {
            "forward": 0.6836841104739048,
            "backward": 1.4777662767722402,
            "per_epoch_whole": 21977.8125
        },
        "5": {
            "forward": 0.68249334935679,
            "backward": 1.4702667207505407,
            "per_epoch_whole": 21869.201171875
        },
        "6": {
            "forward": 0.6886636122713075,
            "backward": 1.485150993437507,
            "per_epoch_whole": 22173.958984375
        },
        "7": {
            "forward": 0.6772199099155155,
            "backward": 1.4664970107866275,
            "per_epoch_whole": 21840.794921875
        },
        "8": {
            "forward": 0.6917793013052302,
            "backward": 1.492430758504612,
            "per_epoch_whole": 22264.20703125
        },
        "9": {
            "forward": 0.6811797023850727,
            "backward": 1.484542131913765,
            "per_epoch_whole": 22078.994140625
        },
        "10": {
            "forward": 0.6785333114305555,
            "backward": 1.4645810066287186,
            "per_epoch_whole": 21825.197265625
        }
    }
}