{
    "path": "240823_decom_tune2__relu_2_65536_decom_dim_us_lr0.001_knights",
    "depth": 2,
    "width": 256,
    "dataset_name": "knights",
    "model_info": "relu",
    "lr": 0.001,
    "batch_size": 65536,
    "result": {
        "0": 0,
        "1": 17.68551295583457,
        "2": 18.87367068072834,
        "3": 19.261945359584633,
        "4": 20.11608240282501,
        "5": 20.016585961697515,
        "6": 20.115216058173424,
        "7": 20.310788901931016,
        "8": 20.904979976498296,
        "9": 21.394748230833255,
        "10": 21.570692566634587
    },
    "result_time": {
        "1": {
            "forward": 4.197974335982314,
            "backward": 7.419682184717651,
            "per_epoch_whole": 13812.8701171875
        },
        "2": {
            "forward": 3.8584683976783847,
            "backward": 7.454137828523314,
            "per_epoch_whole": 13475.3857421875
        },
        "3": {
            "forward": 3.8602980148421033,
            "backward": 7.471294147745554,
            "per_epoch_whole": 13491.427734375
        },
        "4": {
            "forward": 3.873774838901309,
            "backward": 7.477965512077695,
            "per_epoch_whole": 13624.3525390625
        },
        "5": {
            "forward": 3.8843251167696633,
            "backward": 7.513702950263098,
            "per_epoch_whole": 13720.841796875
        },
        "6": {
            "forward": 3.8759216088737083,
            "backward": 7.489974390264196,
            "per_epoch_whole": 13733.8818359375
        },
        "7": {
            "forward": 3.868544172250684,
            "backward": 7.497043018110068,
            "per_epoch_whole": 13629.9013671875
        },
        "8": {
            "forward": 3.860516929296471,
            "backward": 7.470287334960217,
            "per_epoch_whole": 13616.4296875
        },
        "9": {
            "forward": 3.8716901608816885,
            "backward": 7.543048213922455,
            "per_epoch_whole": 13760.6611328125
        },
        "10": {
            "forward": 3.8571980082040014,
            "backward": 7.44165880251096,
            "per_epoch_whole": 13575.2109375
        }
    }
}