{
    "path": "240823_decom_tune2__relu_2_8192_decom_dim_us_lr0.0005_knights",
    "depth": 2,
    "width": 256,
    "dataset_name": "knights",
    "model_info": "relu",
    "lr": 0.0005,
    "batch_size": 8192,
    "result": {
        "0": 0,
        "1": 17.807866801331095,
        "2": 18.988913095503914,
        "3": 20.481426752788693,
        "4": 19.857880844575213,
        "5": 20.77873936959916,
        "6": 20.6568987524214,
        "7": 21.178300980244828,
        "8": 20.97556187771539,
        "9": 21.997722753114875,
        "10": 22.60577064236367
    },
    "result_time": {
        "1": {
            "forward": 0.8394547047473707,
            "backward": 1.780898654350048,
            "per_epoch_whole": 26521.12109375
        },
        "2": {
            "forward": 0.8035226644026433,
            "backward": 1.7960016642500567,
            "per_epoch_whole": 26382.3359375
        },
        "3": {
            "forward": 0.811117567399121,
            "backward": 1.7953766610305733,
            "per_epoch_whole": 26423.904296875
        },
        "4": {
            "forward": 0.8076145055358993,
            "backward": 1.7931871210904833,
            "per_epoch_whole": 26352.498046875
        },
        "5": {
            "forward": 0.8023072769124185,
            "backward": 1.7831616061497912,
            "per_epoch_whole": 26234.302734375
        },
        "6": {
            "forward": 0.8008456509431428,
            "backward": 1.7855995744080109,
            "per_epoch_whole": 26198.611328125
        },
        "7": {
            "forward": 0.801677370431047,
            "backward": 1.7995102736828257,
            "per_epoch_whole": 26374.6484375
        },
        "8": {
            "forward": 0.8054714881489526,
            "backward": 1.803248917458378,
            "per_epoch_whole": 26564.02734375
        },
        "9": {
            "forward": 0.807762816606351,
            "backward": 1.7888496680036972,
            "per_epoch_whole": 26297.3515625
        },
        "10": {
            "forward": 0.802520484711885,
            "backward": 1.7812333942413516,
            "per_epoch_whole": 26171.650390625
        }
    }
}