{
    "path": "240823_decom_tune2__relu_2_65536_decom_dim_us_lr0.005_knights",
    "depth": 2,
    "width": 256,
    "dataset_name": "knights",
    "model_info": "relu",
    "lr": 0.005,
    "batch_size": 65536,
    "result": {
        "0": 0,
        "1": 17.144571034704654,
        "2": 17.896956096787267,
        "3": 18.03035893560508,
        "4": 19.631518481487852,
        "5": 18.867639369084255,
        "6": 19.137538993248434,
        "7": 20.172756007073914,
        "8": 19.244953667950504,
        "9": 19.7645353624427,
        "10": 20.479986187378685
    },
    "result_time": {
        "1": {
            "forward": 4.1916237525049,
            "backward": 7.382890353565806,
            "per_epoch_whole": 13763.521484375
        },
        "2": {
            "forward": 3.820624610131994,
            "backward": 7.4122150043302755,
            "per_epoch_whole": 13369.9814453125
        },
        "3": {
            "forward": 3.8241973436827394,
            "backward": 7.340327109020059,
            "per_epoch_whole": 13307.685546875
        },
        "4": {
            "forward": 3.831651183973128,
            "backward": 7.389521353797518,
            "per_epoch_whole": 13346.3984375
        },
        "5": {
            "forward": 3.8325233218166614,
            "backward": 7.38813262414767,
            "per_epoch_whole": 13349.50390625
        },
        "6": {
            "forward": 3.8219014806318454,
            "backward": 7.371006813428813,
            "per_epoch_whole": 13323.6650390625
        },
        "7": {
            "forward": 3.817361991916972,
            "backward": 7.363687526396001,
            "per_epoch_whole": 13298.232421875
        },
        "8": {
            "forward": 3.8237494290081284,
            "backward": 7.346107874362112,
            "per_epoch_whole": 13290.7421875
        },
        "9": {
            "forward": 3.8059277196243966,
            "backward": 7.339187767678877,
            "per_epoch_whole": 13257.1171875
        },
        "10": {
            "forward": 3.8128883308605364,
            "backward": 7.358485125340392,
            "per_epoch_whole": 13297.9423828125
        }
    }
}