{
    "path": "240823_decom_tune2__relu_2_65536_decom_dim_uv_lr0.0005_knights",
    "depth": 2,
    "width": 256,
    "dataset_name": "knights",
    "model_info": "relu",
    "lr": 0.0005,
    "batch_size": 65536,
    "result": {
        "0": 0,
        "1": 17.39491809768054,
        "2": 18.75489887629125,
        "3": 19.548959867625545,
        "4": 20.246071161914646,
        "5": 20.675644324854243,
        "6": 20.69018216942614,
        "7": 20.36620082977396,
        "8": 21.18270978485093,
        "9": 21.091347652290963,
        "10": 21.35875322259821
    },
    "result_time": {
        "1": {
            "forward": 4.027560566329626,
            "backward": 7.179390863151295,
            "per_epoch_whole": 13264.4248046875
        },
        "2": {
            "forward": 3.726005840466513,
            "backward": 7.22271523591143,
            "per_epoch_whole": 12972.509765625
        },
        "3": {
            "forward": 3.735209469151746,
            "backward": 7.266587160037874,
            "per_epoch_whole": 13053.970703125
        },
        "4": {
            "forward": 3.738575805429766,
            "backward": 7.267494088225709,
            "per_epoch_whole": 13037.9443359375
        },
        "5": {
            "forward": 3.729227128119614,
            "backward": 7.275982198418206,
            "per_epoch_whole": 13037.0517578125
        },
        "6": {
            "forward": 3.732052293203284,
            "backward": 7.254876326937167,
            "per_epoch_whole": 13011.90625
        },
        "7": {
            "forward": 3.723000693898713,
            "backward": 7.264325837363007,
            "per_epoch_whole": 13022.8408203125
        },
        "8": {
            "forward": 3.7390796989718114,
            "backward": 7.218670975378224,
            "per_epoch_whole": 12970.2509765625
        },
        "9": {
            "forward": 3.73859579443519,
            "backward": 7.239369413019456,
            "per_epoch_whole": 12990.703125
        },
        "10": {
            "forward": 3.725195963902455,
            "backward": 7.19455192163329,
            "per_epoch_whole": 12931.2314453125
        }
    }
}