{
    "path": "240823_decom_tune2__relu_2_65536_decom_dim_us_lr0.0005_knights",
    "depth": 2,
    "width": 256,
    "dataset_name": "knights",
    "model_info": "relu",
    "lr": 0.0005,
    "batch_size": 65536,
    "result": {
        "0": 0,
        "1": 16.143839395824322,
        "2": 18.359074645059472,
        "3": 19.018325600248886,
        "4": 19.212075393125893,
        "5": 19.79154867506801,
        "6": 20.18455612972195,
        "7": 20.462312028892065,
        "8": 20.240875280794146,
        "9": 20.36819616944157,
        "10": 21.249182029258648
    },
    "result_time": {
        "1": {
            "forward": 4.140782973758074,
            "backward": 7.483565212121067,
            "per_epoch_whole": 13782.81640625
        },
        "2": {
            "forward": 3.8435965403141,
            "backward": 7.532501318050493,
            "per_epoch_whole": 13516.3134765625
        },
        "3": {
            "forward": 3.8398359005426483,
            "backward": 7.545048334606801,
            "per_epoch_whole": 13498.4033203125
        },
        "4": {
            "forward": 3.83418214444883,
            "backward": 7.450010573575249,
            "per_epoch_whole": 13374.1396484375
        },
        "5": {
            "forward": 3.84734670946754,
            "backward": 7.5264704239822136,
            "per_epoch_whole": 13489.2705078125
        },
        "6": {
            "forward": 3.835799914742832,
            "backward": 7.504295552890605,
            "per_epoch_whole": 13448.2783203125
        },
        "7": {
            "forward": 3.8393631548617506,
            "backward": 7.48585541891803,
            "per_epoch_whole": 13448.09375
        },
        "8": {
            "forward": 3.8422711695766725,
            "backward": 7.511961548386151,
            "per_epoch_whole": 13465.8720703125
        },
        "9": {
            "forward": 3.8363123028748616,
            "backward": 7.490294230438017,
            "per_epoch_whole": 13438.03125
        },
        "10": {
            "forward": 3.8411093131481104,
            "backward": 7.5277166251080185,
            "per_epoch_whole": 13494.2734375
        }
    }
}