{
    "path": "240825_decom_test_coord_depth_relu_d2_w256_cd4_cd768_R1_8192_decom_dim_uv_lr0.0005_knights",
    "depth": 2,
    "width": 256,
    "coord_depth": 4,
    "coord_width": 768,
    "dataset_name": "knights",
    "model_info": "relu",
    "lr": 0.0005,
    "batch_size": 8192,
    "omega": 5,
    "sigma": 5,
    "decom_dim": "uv",
    "result": {
        "0": 0,
        "1": 19.327408693844166,
        "2": 20.1199797012897,
        "3": 20.845044169121948,
        "4": 21.246226586189348,
        "5": 21.286237362709326,
        "6": 21.05163784377616,
        "7": 21.440839104765416,
        "8": 21.71366558780302,
        "9": 22.295383118328434,
        "10": 22.356839476225165
    },
    "result_time": {
        "1": {
            "forward": 0.8216870668566508,
            "backward": 1.8718051111203036,
            "per_epoch_whole": 26939.7734375
        },
        "2": {
            "forward": 0.7895983666709976,
            "backward": 1.871163875070809,
            "per_epoch_whole": 26663.38671875
        },
        "3": {
            "forward": 0.7875206850301464,
            "backward": 1.869818785069918,
            "per_epoch_whole": 26563.1640625
        },
        "4": {
            "forward": 0.788704138539182,
            "backward": 1.8703310067368972,
            "per_epoch_whole": 26654.283203125
        },
        "5": {
            "forward": 0.7919899200292188,
            "backward": 1.8791152109943043,
            "per_epoch_whole": 26760.005859375
        },
        "6": {
            "forward": 0.7856126641757885,
            "backward": 1.8654620106812045,
            "per_epoch_whole": 26566.552734375
        },
        "7": {
            "forward": 0.8444615116658738,
            "backward": 1.8845669478564746,
            "per_epoch_whole": 27405.4140625
        },
        "8": {
            "forward": 0.7865076540070106,
            "backward": 1.8709126052714045,
            "per_epoch_whole": 26610.49609375
        },
        "9": {
            "forward": 0.7920886467703945,
            "backward": 1.8747963388176516,
            "per_epoch_whole": 26751.982421875
        },
        "10": {
            "forward": 0.7794040310998969,
            "backward": 1.8603290764157188,
            "per_epoch_whole": 26391.384765625
        }
    }
}