{
    "path": "240825_decom_test_coord_depth_relu_d2_w256_cd4_cd 512_R1_8192_decom_dim_uv_lr0.0005_knights",
    "depth": 2,
    "width": 256,
    "coord_depth": 4,
    "coord_width": 512,
    "dataset_name": "knights",
    "model_info": "relu",
    "lr": 0.0005,
    "batch_size": 8192,
    "omega": 5,
    "sigma": 5,
    "decom_dim": "uv",
    "result": {
        "0": 0,
        "1": 19.452221158126097,
        "2": 20.08805440847832,
        "3": 20.75153535562555,
        "4": 21.14954752605913,
        "5": 21.055630667452167,
        "6": 21.607757151290897,
        "7": 22.062599082763878,
        "8": 22.165074156277896,
        "9": 22.142928213618106,
        "10": 22.04839763734301
    },
    "result_time": {
        "1": {
            "forward": 0.7757175606143872,
            "backward": 1.6181449451609515,
            "per_epoch_whole": 24252.896484375
        },
        "2": {
            "forward": 0.7431719654326836,
            "backward": 1.6348562866423526,
            "per_epoch_whole": 24154.900390625
        },
        "3": {
            "forward": 0.743428273107163,
            "backward": 1.618108601486599,
            "per_epoch_whole": 23988.94921875
        },
        "4": {
            "forward": 0.7419598654144681,
            "backward": 1.604755013356153,
            "per_epoch_whole": 23753.9609375
        },
        "5": {
            "forward": 0.7387745642525514,
            "backward": 1.613553778871011,
            "per_epoch_whole": 23788.09375
        },
        "6": {
            "forward": 0.7455805016739654,
            "backward": 1.637173200599769,
            "per_epoch_whole": 24213.66015625
        },
        "7": {
            "forward": 0.7465234531354051,
            "backward": 1.6212711377797604,
            "per_epoch_whole": 24054.197265625
        },
        "8": {
            "forward": 0.740385408374692,
            "backward": 1.6158048056169168,
            "per_epoch_whole": 23896.712890625
        },
        "9": {
            "forward": 0.7392050590314667,
            "backward": 1.6080528756532753,
            "per_epoch_whole": 23792.99609375
        },
        "10": {
            "forward": 0.7424648998363274,
            "backward": 1.6295045500292455,
            "per_epoch_whole": 24045.4296875
        }
    }
}