{
    "path": "240825_decom_test_coord_depth_relu_d2_w256_cd3_cd768_R1_8192_decom_dim_uv_lr0.0005_knights",
    "depth": 2,
    "width": 256,
    "coord_depth": 3,
    "coord_width": 768,
    "dataset_name": "knights",
    "model_info": "relu",
    "lr": 0.0005,
    "batch_size": 8192,
    "omega": 5,
    "result_time": {
        "1": {
            "forward": 0.8231535181338823,
            "backward": 1.8421212318885007,
            "per_epoch_whole": 26699.1328125
        },
        "2": {
            "forward": 0.7800916614442707,
            "backward": 1.8464810656944255,
            "per_epoch_whole": 26248.607421875
        },
        "3": {
            "forward": 0.7812419340504232,
            "backward": 1.8485411832747085,
            "per_epoch_whole": 26264.654296875
        },
        "4": {
            "forward": 0.7866612696717186,
            "backward": 1.8726266714708668,
            "per_epoch_whole": 26650.59375
        },
        "5": {
            "forward": 0.7779204569125271,
            "backward": 1.8575702804337264,
            "per_epoch_whole": 26389.32421875
        },
        "6": {
            "forward": 0.7866032766854905,
            "backward": 1.865290965665784,
            "per_epoch_whole": 26506.669921875
        },
        "7": {
            "forward": 0.790732716103834,
            "backward": 1.8763582356480266,
            "per_epoch_whole": 26707.6171875
        },
        "8": {
            "forward": 0.7987113390697869,
            "backward": 1.8999243291887649,
            "per_epoch_whole": 27124.794921875
        },
        "9": {
            "forward": 0.7828893706292631,
            "backward": 1.8797410931115923,
            "per_epoch_whole": 26694.2734375
        },
        "10": {
            "forward": 0.7889476194075384,
            "backward": 1.8811303770176153,
            "per_epoch_whole": 26753.248046875
        }
    },
    "result": {
        "0": 0,
        "1": 18.623011802987655,
        "2": 20.456440343397688,
        "3": 21.228374682487438,
        "4": 20.465764070537364,
        "5": 21.581923131862354,
        "6": 21.669919373970565,
        "7": 22.123156974639397,
        "8": 21.40845381349361,
        "9": 21.89126608995232,
        "10": 21.764031653104755
    }
}