{
    "result": {
        "0": 27.59359702008431,
        "1": 30.39968032510328,
        "2": 31.636782782493114
    },
    "path": "240719_wire_lf_wire_debug_gem",
    "depth": 4,
    "width": 256,
    "dataset_name": "gem"
}