{
    "path": "240828_decom_debug_3decom_gauss_d2_w256_cd2_cd256_R2_8192_decom_dim_uv_lr0.0005_knights",
    "depth": 2,
    "width": 256,
    "coord_depth": 2,
    "coord_width": 256,
    "dataset_name": "knights",
    "model_info": "gauss",
    "lr": 0.0005,
    "batch_size": 8192,
    "omega": 5,
    "sigma": 5,
    "decom_dim": "uv",
    "R": 2,
    "result": {
        "0": 0,
        "1": 19.382399840023243,
        "2": 19.902066922492004,
        "3": 20.73939142589928,
        "4": 20.5502918851015,
        "5": 20.510756719468883,
        "6": 20.947110170483064,
        "7": 21.63118171221006,
        "8": 19.53114523256078,
        "9": 20.85516199158425,
        "10": 21.323574945562218,
        "11": 21.686385981549385,
        "12": 22.241549529402644,
        "13": 22.591658549005196,
        "14": 22.629237587021844,
        "15": 22.900420537950524,
        "16": 23.190344634766557,
        "17": 23.275007884835382,
        "18": 23.54496446850723,
        "19": 23.768365134230862,
        "20": 23.145361279204554,
        "21": 23.6350465650711,
        "22": 23.96259096389751,
        "23": 23.735954629170152,
        "24": 24.34022050018619,
        "25": 24.238038906399513,
        "26": 24.562749408774224,
        "27": 24.689464849751573,
        "28": 24.653963414063956,
        "29": 25.040997170455046,
        "30": 25.21288352421956,
        "31": 25.060810903781455,
        "32": 25.246039013022457,
        "33": 25.376533232853987,
        "34": 25.471809931129947,
        "35": 24.905241962742778,
        "36": 25.627508187302197,
        "37": 25.822508881053622,
        "38": 25.834137193992515,
        "39": 25.733670102902494,
        "40": 26.02271705311993,
        "41": 25.97120275139393,
        "42": 25.955716868058044,
        "43": 26.12384946206211,
        "44": 26.204389265771972,
        "45": 26.196059740435757,
        "46": 26.532985931903443,
        "47": 26.3906894742084,
        "48": 24.96514551591471,
        "49": 26.61296027392176,
        "50": 26.825179982105926,
        "51": 26.78534650137002,
        "52": 26.112038964840533,
        "53": 26.768951382170613,
        "54": 26.745532663444195,
        "55": 26.968217112463147,
        "56": 26.85830149646877,
        "57": 26.989109478257124,
        "58": 27.22342986129938,
        "59": 26.960838619699352,
        "60": 27.219180728186174,
        "61": 27.20085021718003,
        "62": 27.310570973608346,
        "63": 27.181335066600337,
        "64": 27.26277909991399,
        "65": 27.09302074716295,
        "66": 27.200295112192414,
        "67": 27.24482968922131,
        "68": 27.248404308605192,
        "69": 27.46235563101193,
        "70": 27.552237270939724,
        "71": 27.453913402766066,
        "72": 27.582516172500377,
        "73": 27.60728855093278,
        "74": 27.48942404283835,
        "75": 27.55821595848323,
        "76": 27.68988025152273,
        "77": 27.665561646614147,
        "78": 27.76636310481658,
        "79": 27.736086236934728,
        "80": 27.731224680005916,
        "81": 27.924888675362197,
        "82": 27.710778354286667,
        "83": 27.852528643056704,
        "84": 27.79768635288004,
        "85": 27.843834526020387,
        "86": 27.76919990121465,
        "87": 27.854123457566377,
        "88": 27.908929682543803,
        "89": 27.94786608706915,
        "90": 27.862982169793217,
        "91": 28.010572018180945,
        "92": 28.034983263150142,
        "93": 27.983632648308294,
        "94": 27.962040628368662,
        "95": 28.074746126378955,
        "96": 28.119301188077234,
        "97": 28.074857093404905,
        "98": 28.074593816175387,
        "99": 27.859632099183482,
        "100": 28.076261936369217
    },
    "result_time": {
        "1": {
            "forward": 1.086351402464822,
            "backward": 1.9263129034256847,
            "per_epoch_whole": 36205.859375
        },
        "2": {
            "forward": 1.043061353788292,
            "backward": 1.9783694819647137,
            "per_epoch_whole": 36209.32421875
        },
        "3": {
            "forward": 1.0408818695797313,
            "backward": 1.9483641871995587,
            "per_epoch_whole": 36170.33984375
        },
        "4": {
            "forward": 1.054659181445264,
            "backward": 1.9903468284562538,
            "per_epoch_whole": 37477.9296875
        },
        "5": {
            "forward": 1.0467969388427014,
            "backward": 1.963463907397536,
            "per_epoch_whole": 36152.37890625
        },
        "6": {
            "forward": 1.049919264397511,
            "backward": 1.9716827895195894,
            "per_epoch_whole": 36558.66796875
        },
        "7": {
            "forward": 1.0546004337655013,
            "backward": 1.9779409900771792,
            "per_epoch_whole": 36561.37109375
        },
        "8": {
            "forward": 1.0504857856831857,
            "backward": 1.9609063597956888,
            "per_epoch_whole": 36300.46875
        },
        "9": {
            "forward": 1.0291133540260415,
            "backward": 1.9300669400749761,
            "per_epoch_whole": 35707.6015625
        },
        "10": {
            "forward": 1.0290355746888944,
            "backward": 1.9256831828672465,
            "per_epoch_whole": 35569.34765625
        },
        "11": {
            "forward": 1.0264785920292365,
            "backward": 1.9372175403042486,
            "per_epoch_whole": 35647.04296875
        },
        "12": {
            "forward": 1.0369902839594172,
            "backward": 1.9540272594452244,
            "per_epoch_whole": 36020.94140625
        },
        "13": {
            "forward": 1.031977398005223,
            "backward": 1.9319432325867518,
            "per_epoch_whole": 35475.59765625
        },
        "14": {
            "forward": 1.0217606919305262,
            "backward": 1.9160151936139718,
            "per_epoch_whole": 35472.234375
        },
        "15": {
            "forward": 1.024760595352031,
            "backward": 1.9209206747632477,
            "per_epoch_whole": 35515.97265625
        },
        "16": {
            "forward": 1.0242520739746621,
            "backward": 1.9181510306585539,
            "per_epoch_whole": 35291.57421875
        },
        "17": {
            "forward": 1.0193892942941296,
            "backward": 1.9217663530170213,
            "per_epoch_whole": 35478.125
        },
        "18": {
            "forward": 1.019000886497979,
            "backward": 1.9143793631383734,
            "per_epoch_whole": 35379.265625
        },
        "19": {
            "forward": 1.0214270623884252,
            "backward": 1.916431810036566,
            "per_epoch_whole": 35292.6796875
        },
        "20": {
            "forward": 1.0331935713383484,
            "backward": 1.9171944599096067,
            "per_epoch_whole": 35595.45703125
        },
        "21": {
            "forward": 1.023591927336507,
            "backward": 1.921901425855904,
            "per_epoch_whole": 35557.2734375
        },
        "22": {
            "forward": 1.0280873467146796,
            "backward": 1.9406259962096586,
            "per_epoch_whole": 35694.11328125
        },
        "23": {
            "forward": 1.031832477645011,
            "backward": 1.9228924737025148,
            "per_epoch_whole": 35629.3359375
        },
        "24": {
            "forward": 1.0313464155530283,
            "backward": 1.9176619343562833,
            "per_epoch_whole": 35590.15625
        },
        "25": {
            "forward": 1.0175109171472994,
            "backward": 1.919066169527997,
            "per_epoch_whole": 35380.87109375
        },
        "26": {
            "forward": 1.027824958883047,
            "backward": 1.9252775014349277,
            "per_epoch_whole": 35563.4296875
        },
        "27": {
            "forward": 1.0246480835156992,
            "backward": 1.9314574885430373,