{
    "path": "240828_decom_debug_3decom_siren_d2_w256_cd2_cd256_R2_8192_decom_dim_uv_lr0.001_knights",
    "depth": 2,
    "width": 256,
    "coord_depth": 2,
    "coord_width": 256,
    "dataset_name": "knights",
    "model_info": "siren",
    "lr": 0.001,
    "batch_size": 8192,
    "omega": 5,
    "sigma": 5,
    "decom_dim": "uv",
    "R": 2,
    "result": {
        "0": 0,
        "1": 20.214655168096492,
        "2": 22.325472398218498,
        "3": 21.689710588937302,
        "4": 23.780064056639144,
        "5": 23.367635017620067,
        "6": 24.907035620309983
    },
    "result_time": {
        "1": {
            "forward": 0.8523319807213019,
            "backward": 1.6066993595355301,
            "per_epoch_whole": 30764.37109375
        },
        "2": {
            "forward": 0.8090629273716162,
            "backward": 1.6423772667699037,
            "per_epoch_whole": 30967.673828125
        },
        "3": {
            "forward": 0.879492439587429,
            "backward": 1.7938508578289463,
            "per_epoch_whole": 38572.84765625
        },
        "4": {
            "forward": 0.8370167851209569,
            "backward": 1.737992145920288,
            "per_epoch_whole": 34379.76953125
        },
        "5": {
            "forward": 0.8717389966854261,
            "backward": 1.8105101344339953,
            "per_epoch_whole": 38746.140625
        },
        "6": {
            "forward": 0.8254157129101459,
            "backward": 1.656004480875791,
            "per_epoch_whole": 32105.12109375
        }
    }
}