{
    "result": {
        "0": 0,
        "1": 28.11845322977835,
        "2": 29.226515095791292,
        "3": 29.949091511035892,
        "4": 30.756257678875638,
        "5": 30.921516819833258,
        "6": 32.17991196119504,
        "7": 32.59364823917833,
        "8": 32.567421803568045,
        "9": 32.81212618976164,
        "10": 33.637486286103425,
        "11": 33.292828117851805,
        "12": 33.860931628139475,
        "13": 34.174027435817145,
        "14": 33.78013609102706,
        "15": 34.40832616064848,
        "16": 34.14694672029921,
        "17": 34.68887567804898,
        "18": 34.77123329625094,
        "19": 34.08551494203164,
        "20": 34.82247842492536,
        "21": 34.92382211101964,
        "22": 35.20823071648749,
        "23": 34.76143976511375,
        "24": 34.96149331682289,
        "25": 35.33485565188762,
        "26": 35.275173601487,
        "27": 35.48551127916208,
        "28": 35.56951551043451,
        "29": 35.62364704298918,
        "30": 35.33532134220387,
        "31": 35.25201931695671,
        "32": 35.366403270539344,
        "33": 35.81799805613998,
        "34": 35.90027865816409,
        "35": 35.967508734851606,
        "36": 35.56811067450639,
        "37": 35.61078240138093,
        "38": 36.04899178097851,
        "39": 36.094454711594985,
        "40": 36.05251284986105,
        "41": 36.00710190515091,
        "42": 35.73403726503639,
        "43": 35.982067705440954,
        "44": 35.77449944794949,
        "45": 35.95990226047466,
        "46": 36.0670165353462,
        "47": 35.737185175881464,
        "48": 36.21363244268317,
        "49": 36.17543713863694,
        "50": 36.10515112600716,
        "51": 36.28110192833404,
        "52": 36.023662207525724,
        "53": 35.77062711289393,
        "54": 36.431831893097666,
        "55": 36.45127233995882,
        "56": 36.31552836782478,
        "57": 36.432192394220905,
        "58": 36.46506069602119,
        "59": 36.329148793753674,
        "60": 36.12017198572783,
        "61": 36.49451082522048,
        "62": 36.66545079497083,
        "63": 36.437351774557385,
        "64": 36.29393835291809,
        "65": 36.54345263255999,
        "66": 36.5509847782477,
        "67": 36.58825156634561,
        "68": 36.559221179437344,
        "69": 36.70971784012148,
        "70": 36.60916051865968,
        "71": 36.63448226413604,
        "72": 36.558120709202065,
        "73": 36.7250298724062,
        "74": 36.746570962822325,
        "75": 36.82989986907483,
        "76": 36.548015460011094,
        "77": 36.80269686817966,
        "78": 36.830705687815374,
        "79": 36.74735459512331,
        "80": 36.70515892427626,
        "81": 36.72687444225378,
        "82": 36.80524540398056,
        "83": 36.86460108912876,
        "84": 36.895130965660734,
        "85": 36.93939171218396,
        "86": 36.95394409388663,
        "87": 36.91396996800903,
        "88": 36.891982162471855,
        "89": 36.88901313541537,
        "90": 36.89810199908497,
        "91": 37.02870176472723,
        "92": 36.99339376753002,
        "93": 37.01396663213028,
        "94": 36.93631730644276,
        "95": 36.949217360313725,
        "96": 36.94740275254878,
        "97": 36.84194802656645,
        "98": 36.97935093473115,
        "99": 37.07315534868257,
        "100": 37.01318969724284,
        "101": 37.032806213077805,
        "102": 37.01576759878757,
        "103": 37.09620005016709,
        "104": 36.86113312182485,
        "105": 37.0621723721748,
        "106": 37.1252808440942,
        "107": 36.981012983419056,
        "108": 37.17487305315492,
        "109": 37.04871607681332,
        "110": 37.12928088455475,
        "111": 37.06457578607913,
        "112": 37.170907444626714,
        "113": 37.13448740484527,
        "114": 37.174946610776516,
        "115": 37.16084686097715,
        "116": 37.19005641561154,
        "117": 37.22051153146798,
        "118": 37.219016376356066,
        "119": 37.125169077305856,
        "120": 37.20178499849083,
        "121": 37.194801568029035,
        "122": 37.22981537406252,
        "123": 37.250076814689386,
        "124": 37.2374728538131,
        "125": 37.1800727794248,
        "126": 36.99341259770109,
        "127": 37.31141578895368,
        "128": 37.20947555338355,
        "129": 37.18410123010469,
        "130": 37.22014385632265,
        "131": 37.09597447649204,
        "132": 37.30619520944455,
        "133": 37.30185914878105,
        "134": 37.27442051747603,
        "135": 37.27663397306006,
        "136": 37.36098518614776,
        "137": 37.31872932234089,
        "138": 37.314293611737185,
        "139": 37.29606379822238,
        "140": 37.26514134150093,
        "141": 37.39041057006814,
        "142": 37.32509110217314,
        "143": 37.25342675270003,
        "144": 37.342793910479934,
        "145": 37.37961309418885,
        "146": 37.40824412218495,
        "147": 37.37471794884058,
        "148": 37.3605592215131,
        "149": 37.403187526109306,
        "150": 37.44305533484608,
        "151": 37.33105357686617,
        "152": 37.37964585988618,
        "153": 37.34028551206632,
        "154": 37.39947771493503,
        "155": 37.42409428496393,
        "156": 37.43204094988983,
        "157": 37.46368684665171,
        "158": 37.47417795874564,
        "159": 37.486564887061135,
        "160": 37.41603703609897,
        "161": 37.50256348282965,
        "162": 37.47891643344572,
        "163": 37.44486538928888,
        "164": 37.454581428709616,
        "165": 37.45641825442442,
        "166": 37.494744577996876,
        "167": 37.42700540678703,
        "168": 37.46481341324955,
        "169": 37.529811221273626,
        "170": 37.51068181772438,
        "171": 37.49260341174513,
        "172": 37.53980573434691,
        "173": 37.5121786406622,
        "174": 37.474802822901296,
        "175": 37.56183362165589,
        "176": 37.54850543575602,
        "177": 37.557887738737286,
        "178": 37.5049128555317,
        "179": 37.4939327457151,
        "180": 37.54160004841916,
        "181": 37.57891743257561,
        "182": 37.562224873539925,
        "183": 37.59027732165406,
        "184": 37.55020124508914,
        "185": 37.4775523578354,
        "186": 37.5557874987466,
        "187": 37.54625824766128,
        "188": 37.57065401598753,
        "189": 37.61638064684049,
        "190": 37.57732775810926,
        "191": 37.63502995027349,
        "192": 37.599019896387944,
        "193": 37.625399194077744,
        "194": 37.62238673787557,
        "195": 37.57958001254106,
        "196": 37.54945231537385,
        "197": 37.52833398040542,
        "198": 37.60570021453006,
        "199": 37.59768487878257,
        "200": 37.608509960379656,
        "201": 37.50471278760253,
        "202": 37.51161516069771,
        "203": 37.648964958592664,
        "204": 37.63556912335346,
        "205": 37.60879676748186,
        "206": 37.624354202011894,
        "207": 37.60242599670381,
        "208": 37.667866585564575,
        "209": 37.64076811371874,
        "210": 37.66804681974034,
        "211": 37.66680515044785,
        "212": 37.63406220837477,
        "213": 37.67002617273263,
        "214": 37.63331759908819,
        "215": 37.685620995847536,
        "216": 37.69252782344651,
        "217": 37.66387097762019,
        "218": 37.64229286250759,
        "219": 37.646261415845224,
        "220": 37.63208158834633,
        "221": 37.660089150135924,
        "222": 37.67305731879033,
        "223": 37.69299684112632,
        "224": 37.602240091761956,
        "225": 37.67549482514758,
        "226": 37.63458175179357,
        "227": 37.70757660502051,
        "228": 37.67763083552612,
        "229": 37.69716900598113,
        "230": 37.74304319408158,
        "231": 37.73889418286955,
        "232": 37.74639825059452,
        "233": 37.71387294144259,
        "234": 37.71085482336875,
        "235": 37.72784508081533,
        "236": 37.709572849646804,