{
    "result": {
        "0": 0,
        "1": 19.008220586208594,
        "2": 20.14022625585922,
        "3": 20.517967419376472,
        "4": 21.318383272122173,
        "5": 21.9961915270164,
        "6": 22.059453249305243,
        "7": 22.160828384587237,
        "8": 22.539331413238912,
        "9": 22.92536415557591,
        "10": 22.59085057283987,
        "11": 23.07445078783979,
        "12": 23.45363966044553,
        "13": 23.37578384900147,
        "14": 23.66254527691199,
        "15": 23.604496855733057,
        "16": 23.816959301617004,
        "17": 23.540067819704426,
        "18": 23.504757514785535,
        "19": 23.29417138191583,
        "20": 24.158255129078203,
        "21": 23.93272504832062,
        "22": 24.11175318995,
        "23": 23.615169065602977,
        "24": 24.341290828257748,
        "25": 24.24611237986739,
        "26": 24.222118857887427,
        "27": 24.464651176394838,
        "28": 24.28975921214127,
        "29": 24.623869178992052,
        "30": 24.137386908872593,
        "31": 24.282943648110276,
        "32": 24.5999830571605,
        "33": 24.552501212165552,
        "34": 24.594543703676877,
        "35": 24.754795852233183,
        "36": 24.51518222022206,
        "37": 24.889061873801687,
        "38": 24.680729265634426,
        "39": 24.586396957464217,
        "40": 24.492551416303662,
        "41": 24.83248427441212,
        "42": 24.650599717232737,
        "43": 24.819932450242423,
        "44": 24.70546622050049,
        "45": 24.9542026625359,
        "46": 24.85519764516496,
        "47": 24.803547527925485,
        "48": 24.791815731830372,
        "49": 24.957988450680332,
        "50": 24.779346950557592,
        "51": 24.886462181932497,
        "52": 25.043035376672833,
        "53": 25.046959698382402,
        "54": 25.117275423944143,
        "55": 24.958784549743974,
        "56": 24.790019365033537,
        "57": 24.975921672656526,
        "58": 24.95164520520671,
        "59": 25.229538042884357,
        "60": 24.99653951056617,
        "61": 25.217601033913624,
        "62": 25.16068574412852,
        "63": 25.211209125115317,
        "64": 25.172503171210426,
        "65": 25.27972284343018,
        "66": 25.182481058043955,
        "67": 25.20453164114017,
        "68": 25.246283759589986,
        "69": 25.290785174871534,
        "70": 25.218173352275997,
        "71": 25.22675206815509,
        "72": 24.996655720832123,
        "73": 25.37133886323484,
        "74": 24.86662894475944,
        "75": 25.115557564697827,
        "76": 24.93598078628325,
        "77": 25.27810983888047,
        "78": 25.18983082272527,
        "79": 25.438180474736786,
        "80": 25.176321920989732,
        "81": 25.409155218676446,
        "82": 25.24358004463122,
        "83": 25.029952430819563,
        "84": 25.235266862872113,
        "85": 25.120098445482824,
        "86": 25.44180406993129,
        "87": 25.440118997974906,
        "88": 25.084243860088826,
        "89": 25.49831492051476,
        "90": 25.371968177024467,
        "91": 25.405499727177542,
        "92": 25.265437530205276,
        "93": 25.419386656446328,
        "94": 25.206323169023612,
        "95": 25.372794827445357,
        "96": 25.38686418311915,
        "97": 25.415481010758032,
        "98": 25.40878090969199,
        "99": 25.494288373882902,
        "100": 25.558532942563538,
        "101": 25.54129769063242,
        "102": 25.42027880754477,
        "103": 25.252561166154383,
        "104": 25.584376898970493,
        "105": 25.599177202370324,
        "106": 25.455936706782637,
        "107": 25.511490651298615,
        "108": 25.536836172370734,
        "109": 25.49810404362015,
        "110": 25.47103797634961,
        "111": 25.60331617787604,
        "112": 25.45149248397587,
        "113": 25.563868021193265,
        "114": 25.54504809470268,
        "115": 25.615900952359876,
        "116": 25.543503666197882,
        "117": 25.674032757792187,
        "118": 25.643378021228557,
        "119": 25.556825791891633,
        "120": 25.51379567342463,
        "121": 25.668901441551156,
        "122": 25.653651483079855,
        "123": 25.56168927735981,
        "124": 25.614693945633988,
        "125": 25.59773076154129,
        "126": 25.74963132537024,
        "127": 25.649841728540316,
        "128": 25.592717425325354,
        "129": 25.523476935526237,
        "130": 25.651834439749987,
        "131": 25.543950618199005,
        "132": 25.710312476634282,
        "133": 25.589067096183182,
        "134": 25.7156385269802,
        "135": 25.611697093787015,
        "136": 25.745693347197864,
        "137": 25.641473519646247,
        "138": 25.60272102194962,
        "139": 25.72773561794314,
        "140": 25.678191216100554,
        "141": 25.74470899966935,
        "142": 25.770830538228452,
        "143": 25.775830197177456,
        "144": 25.67052554794047,
        "145": 25.638953939846235,
        "146": 25.67876238084657,
        "147": 25.641331869789486,
        "148": 25.75560612058113,
        "149": 25.791442517283592,
        "150": 25.7478637137675,
        "151": 25.758697134125992,
        "152": 25.74359851524185,
        "153": 25.799116334636285,
        "154": 25.81351760206199,
        "155": 25.752065913112904,
        "156": 25.741207667702863,
        "157": 25.804580058048103,
        "158": 25.780862198422128,
        "159": 25.870675195076736,
        "160": 25.64223153031362,
        "161": 25.772316501264243,
        "162": 25.796792426746258,
        "163": 25.710210116056196,
        "164": 25.798073646687673,
        "165": 25.852680019056184,
        "166": 25.821493438529604,
        "167": 25.758869526403995,
        "168": 25.8983660615135,
        "169": 25.79713393968609,
        "170": 25.782685867691708,
        "171": 25.809959886309706,
        "172": 25.78182237397285,
        "173": 25.775941374256597,
        "174": 25.68406738600565,
        "175": 25.83539856301616,
        "176": 25.88077486836555,
        "177": 25.805079208741017,
        "178": 25.770689594293934,
        "179": 25.786199426486302,
        "180": 25.77757624246103,
        "181": 25.772360955371344,
        "182": 25.857110668079642,
        "183": 25.82667531536103,
        "184": 25.91797435028201,
        "185": 25.867413243525966,
        "186": 25.881248608337952,
        "187": 25.847848014842064,
        "188": 25.75042273536326,
        "189": 25.877516120738992,
        "190": 25.86996051735325,
        "191": 25.964603909764556,
        "192": 25.952438456694594,
        "193": 25.909402004265562,
        "194": 25.972869437103487,
        "195": 25.932161954696117,
        "196": 25.906917425580488,
        "197": 25.918087414177553,
        "198": 26.004064673264192,
        "199": 25.97964787594421,
        "200": 25.921481446009093,
        "201": 25.91692581658972,
        "202": 25.84715362145968,
        "203": 25.98824238643415,
        "204": 25.92120810095631,
        "205": 25.97670444153519,
        "206": 25.935697286208615,
        "207": 25.97440192376552,
        "208": 25.947746691252238,
        "209": 25.891412028267194,
        "210": 25.927532784694886,
        "211": 25.97173838276685,
        "212": 25.949109932127055,
        "213": 25.80485498204161,
        "214": 25.902015584563788,
        "215": 25.905838926341644,
        "216": 25.907605844429924,
        "217": 25.953264316414096,
        "218": 26.031455197110116,
        "219": 25.957918057857345,
        "220": 25.991784691816832,
        "221": 25.96895050159224,
        "222": 26.014606000519443,
        "223": 25.899832580496124,
        "224": 25.956546242104523,
        "225": 25.983021507687592,
        "226": 25.927849313743693,
        "227": 26.043704209160705,
        "228": 25.976785922849157,
        "229": 26.046314298440958,
        "230": 25.940909356042955,
        "231": 26.013632576131354,
        "232": 25.904974606572942,
        "233": 25.97583064217416,